{
  "factor_id": "adx_50",
  "evaluations": [
    {
      "metadata": {
        "mining_session": true,
        "mining_config": {
          "factor_types": [
            "technical",
            "statistical"
          ],
          "optimization": {
            "method": "greedy",
            "max_factors": 15,
            "min_ic": 0.02,
            "min_ir": 0.1
          },
          "evaluation": {
            "min_sample_size": 30,
            "metrics": [
              "ic_pearson",
              "ic_spearman",
              "sharpe_ratio",
              "win_rate",
              "factor_decay"
            ]
          }
        },
        "factor_type": [
          "technical",
          "statistical"
        ],
        "symbols": [],
        "timeframes": []
      },
      "results": {
        "factor_name": "adx_50",
        "data_length": 2263,
        "missing_ratio": 0.0,
        "ic_pearson": 0.022110978467873275,
        "ic_spearman": 0.026060716371464475,
        "ic_kendall": 0.017722742921934,
        "mutual_information": 0.015420878053536195,
        "long_short_return": 0.0026666568005088574,
        "long_return": 0.00308468671827895,
        "short_return": 0.00041802991777009245,
        "returns_std": 0.03441244380071443,
        "sharpe_ratio": 0.07749106154598341,
        "group_returns": {
          "0": 0.00041802991777009245,
          "1": 9.781583855507185e-05,
          "2": -0.0017680143040994154,
          "3": 0.001857885983025524,
          "4": 0.00308468671827895
        },
        "skewness": 0.19850999942449982,
        "kurtosis": 0.20113038649776982,
        "turnover": 0.16514658658719847,
        "win_rate": 0.47105612019443216,
        "autocorr_lag_1": 0.9988947181716125,
        "autocorr_lag_2": 0.9969462763349021,
        "autocorr_lag_3": 0.9941927824145953,
        "autocorr_lag_4": 0.9906807152259945,
        "autocorr_lag_5": 0.9864481881017241,
        "autocorr_lag_6": 0.9815296877369387,
        "autocorr_lag_7": 0.9759607520158027,
        "autocorr_lag_8": 0.9697674748296085,
        "autocorr_lag_9": 0.9629948179859154,
        "autocorr_lag_10": 0.9556779834778506
      },
      "evaluated_at": "2025-08-18T14:29:26.983117"
    },
    {
      "metadata": {
        "mining_session": true,
        "mining_config": {
          "factor_types": [
            "technical",
            "statistical"
          ],
          "optimization": {
            "method": "greedy",
            "max_factors": 15,
            "min_ic": 0.02,
            "min_ir": 0.1
          },
          "evaluation": {
            "min_sample_size": 30,
            "metrics": [
              "ic_pearson",
              "ic_spearman",
              "sharpe_ratio",
              "win_rate",
              "factor_decay"
            ]
          }
        },
        "factor_type": [
          "technical",
          "statistical"
        ],
        "symbols": [],
        "timeframes": []
      },
      "results": {
        "factor_name": "adx_50",
        "data_length": 3429,
        "missing_ratio": 0.0,
        "ic_pearson": 0.014617831043634765,
        "ic_spearman": -0.0006401574942634416,
        "ic_kendall": -0.00042547420926180836,
        "mutual_information": 0.013817906149947882,
        "long_short_return": 0.0014187163126541942,
        "long_return": 0.001426134345493304,
        "short_return": 7.418032839109851e-06,
        "returns_std": 0.03766151448939485,
        "sharpe_ratio": 0.037670187508091105,
        "group_returns": {
          "0": 7.418032839109851e-06,
          "1": 0.0009546481245193883,
          "2": -0.0001799558063702426,
          "3": 0.0026013165366221423,
          "4": 0.001426134345493304
        },
        "skewness": 0.949857598461648,
        "kurtosis": 1.3138837556356089,
        "turnover": 0.173030069806674,
        "win_rate": 0.4878973461650627,
        "autocorr_lag_1": 0.9992280267739977,
        "autocorr_lag_2": 0.9977025458019777,
        "autocorr_lag_3": 0.9954604682404179,
        "autocorr_lag_4": 0.9925384376075075,
        "autocorr_lag_5": 0.9889769706547428,
        "autocorr_lag_6": 0.9848090016280358,
        "autocorr_lag_7": 0.980066158461766,
        "autocorr_lag_8": 0.9747771255366321,
        "autocorr_lag_9": 0.9689693684523946,
        "autocorr_lag_10": 0.9626713841667478
      },
      "evaluated_at": "2025-08-18T14:32:24.823725"
    },
    {
      "metadata": {
        "mining_session": true,
        "mining_config": {
          "factor_types": [
            "technical",
            "statistical",
            "ml"
          ],
          "optimization": {
            "method": "greedy",
            "max_factors": 15,
            "min_ic": 0.02,
            "min_ir": 0.1
          },
          "evaluation": {
            "min_sample_size": 30,
            "metrics": [
              "ic_pearson",
              "ic_spearman",
              "sharpe_ratio",
              "win_rate",
              "factor_decay"
            ]
          }
        },
        "factor_type": [
          "technical",
          "statistical",
          "ml"
        ],
        "symbols": [],
        "timeframes": []
      },
      "results": {
        "factor_name": "adx_50",
        "data_length": 3429,
        "missing_ratio": 0.0,
        "ic_pearson": 0.014617831043634765,
        "ic_spearman": -0.0006401574942634416,
        "ic_kendall": -0.00042547420926180836,
        "mutual_information": 0.013817906149947882,
        "long_short_return": 0.0014187163126541942,
        "long_return": 0.001426134345493304,
        "short_return": 7.418032839109851e-06,
        "returns_std": 0.03766151448939485,
        "sharpe_ratio": 0.037670187508091105,
        "group_returns": {
          "0": 7.418032839109851e-06,
          "1": 0.0009546481245193883,
          "2": -0.0001799558063702426,
          "3": 0.0026013165366221423,
          "4": 0.001426134345493304
        },
        "skewness": 0.949857598461648,
        "kurtosis": 1.3138837556356089,
        "turnover": 0.173030069806674,
        "win_rate": 0.4878973461650627,
        "autocorr_lag_1": 0.9992280267739977,
        "autocorr_lag_2": 0.9977025458019777,
        "autocorr_lag_3": 0.9954604682404179,
        "autocorr_lag_4": 0.9925384376075075,
        "autocorr_lag_5": 0.9889769706547428,
        "autocorr_lag_6": 0.9848090016280358,
        "autocorr_lag_7": 0.980066158461766,
        "autocorr_lag_8": 0.9747771255366321,
        "autocorr_lag_9": 0.9689693684523946,
        "autocorr_lag_10": 0.9626713841667478
      },
      "evaluated_at": "2025-08-18T14:45:33.067235"
    }
  ]
}