{
  "factor_id": "adx_20",
  "evaluations": [
    {
      "metadata": {
        "mining_session": true,
        "mining_config": {
          "factor_types": [
            "technical",
            "statistical"
          ],
          "optimization": {
            "method": "greedy",
            "max_factors": 15,
            "min_ic": 0.02,
            "min_ir": 0.1
          },
          "evaluation": {
            "min_sample_size": 30,
            "metrics": [
              "ic_pearson",
              "ic_spearman",
              "sharpe_ratio",
              "win_rate",
              "factor_decay"
            ]
          }
        },
        "factor_type": [
          "technical",
          "statistical"
        ],
        "symbols": [],
        "timeframes": []
      },
      "results": {
        "factor_name": "adx_20",
        "data_length": 2263,
        "missing_ratio": 0.0,
        "ic_pearson": 0.049914743868473735,
        "ic_spearman": 0.021949675198098144,
        "ic_kendall": 0.014409291343175255,
        "mutual_information": 0.014360024436483045,
        "long_short_return": 0.004299957305719599,
        "long_return": 0.005157559123757486,
        "short_return": 0.0008576018180378868,
        "returns_std": 0.03441244380071443,
        "sharpe_ratio": 0.12495355838780413,
        "group_returns": {
          "0": 0.0008576018180378868,
          "1": -0.0011935817756234565,
          "2": -0.00036879149158659753,
          "3": -0.000770065147643573,
          "4": 0.005157559123757486
        },
        "skewness": 0.678408020570191,
        "kurtosis": 0.3834312102441122,
        "turnover": 0.5701645593860991,
        "win_rate": 0.4838709677419355,
        "autocorr_lag_1": 0.9970875901296582,
        "autocorr_lag_2": 0.9896518482758951,
        "autocorr_lag_3": 0.9782550182603837,
        "autocorr_lag_4": 0.9633474714382844,
        "autocorr_lag_5": 0.9453723822762272,
        "autocorr_lag_6": 0.9247013263400047,
        "autocorr_lag_7": 0.9016892115756016,
        "autocorr_lag_8": 0.876617590832658,
        "autocorr_lag_9": 0.8498161315760313,
        "autocorr_lag_10": 0.8216018039790944
      },
      "evaluated_at": "2025-08-18T14:29:26.982133"
    },
    {
      "metadata": {
        "mining_session": true,
        "mining_config": {
          "factor_types": [
            "technical",
            "statistical"
          ],
          "optimization": {
            "method": "greedy",
            "max_factors": 15,
            "min_ic": 0.02,
            "min_ir": 0.1
          },
          "evaluation": {
            "min_sample_size": 30,
            "metrics": [
              "ic_pearson",
              "ic_spearman",
              "sharpe_ratio",
              "win_rate",
              "factor_decay"
            ]
          }
        },
        "factor_type": [
          "technical",
          "statistical"
        ],
        "symbols": [],
        "timeframes": []
      },
      "results": {
        "factor_name": "adx_20",
        "data_length": 3429,
        "missing_ratio": 0.0,
        "ic_pearson": 0.0431890187496806,
        "ic_spearman": 0.005717838463384469,
        "ic_kendall": 0.003730384260041104,
        "mutual_information": 0.015420340770974053,
        "long_short_return": 0.003604590688177944,
        "long_return": 0.002716168254523814,
        "short_return": -0.0008884224336541297,
        "returns_std": 0.03766151448939485,
        "sharpe_ratio": 0.09571018948781161,
        "group_returns": {
          "0": -0.0008884224336541297,
          "1": -0.0004356313803306623,
          "2": 0.0009638682595019616,
          "3": 0.002453940025190093,
          "4": 0.002716168254523814
        },
        "skewness": 0.7955261575171776,
        "kurtosis": 0.22810941081031944,
        "turnover": 0.5842324805687684,
        "win_rate": 0.4963546223388743,
        "autocorr_lag_1": 0.9971648301956247,
        "autocorr_lag_2": 0.990630030805687,
        "autocorr_lag_3": 0.980870002355613,
        "autocorr_lag_4": 0.9682687812678963,
        "autocorr_lag_5": 0.9531674913089555,
        "autocorr_lag_6": 0.9358413962768376,
        "autocorr_lag_7": 0.9165677237369835,
        "autocorr_lag_8": 0.8956177877446022,
        "autocorr_lag_9": 0.8732238046426505,
        "autocorr_lag_10": 0.8495842034824692
      },
      "evaluated_at": "2025-08-18T14:32:24.822902"
    },
    {
      "metadata": {
        "mining_session": true,
        "mining_config": {
          "factor_types": [
            "technical",
            "statistical",
            "ml"
          ],
          "optimization": {
            "method": "greedy",
            "max_factors": 15,
            "min_ic": 0.02,
            "min_ir": 0.1
          },
          "evaluation": {
            "min_sample_size": 30,
            "metrics": [
              "ic_pearson",
              "ic_spearman",
              "sharpe_ratio",
              "win_rate",
              "factor_decay"
            ]
          }
        },
        "factor_type": [
          "technical",
          "statistical",
          "ml"
        ],
        "symbols": [],
        "timeframes": []
      },
      "results": {
        "factor_name": "adx_20",
        "data_length": 3429,
        "missing_ratio": 0.0,
        "ic_pearson": 0.0431890187496806,
        "ic_spearman": 0.005717838463384469,
        "ic_kendall": 0.003730384260041104,
        "mutual_information": 0.015420340770974053,
        "long_short_return": 0.003604590688177944,
        "long_return": 0.002716168254523814,
        "short_return": -0.0008884224336541297,
        "returns_std": 0.03766151448939485,
        "sharpe_ratio": 0.09571018948781161,
        "group_returns": {
          "0": -0.0008884224336541297,
          "1": -0.0004356313803306623,
          "2": 0.0009638682595019616,
          "3": 0.002453940025190093,
          "4": 0.002716168254523814
        },
        "skewness": 0.7955261575171776,
        "kurtosis": 0.22810941081031944,
        "turnover": 0.5842324805687684,
        "win_rate": 0.4963546223388743,
        "autocorr_lag_1": 0.9971648301956247,
        "autocorr_lag_2": 0.990630030805687,
        "autocorr_lag_3": 0.980870002355613,
        "autocorr_lag_4": 0.9682687812678963,
        "autocorr_lag_5": 0.9531674913089555,
        "autocorr_lag_6": 0.9358413962768376,
        "autocorr_lag_7": 0.9165677237369835,
        "autocorr_lag_8": 0.8956177877446022,
        "autocorr_lag_9": 0.8732238046426505,
        "autocorr_lag_10": 0.8495842034824692
      },
      "evaluated_at": "2025-08-18T14:45:33.065787"
    }
  ]
}