{
  "factor_id": "atr_ratio_21",
  "evaluations": [
    {
      "metadata": {
        "mining_session": true,
        "mining_config": {
          "factor_types": [
            "technical",
            "statistical"
          ],
          "optimization": {
            "method": "greedy",
            "max_factors": 15,
            "min_ic": 0.02,
            "min_ir": 0.1
          },
          "evaluation": {
            "min_sample_size": 30,
            "metrics": [
              "ic_pearson",
              "ic_spearman",
              "sharpe_ratio",
              "win_rate",
              "factor_decay"
            ]
          }
        },
        "factor_type": [
          "technical",
          "statistical"
        ],
        "symbols": [],
        "timeframes": []
      },
      "results": {
        "factor_name": "atr_ratio_21",
        "data_length": 3429,
        "missing_ratio": 0.0,
        "ic_pearson": -0.008872516218854074,
        "ic_spearman": -0.062316567192135415,
        "ic_kendall": -0.0410960455711678,
        "mutual_information": 0.03508771451141662,
        "long_short_return": 0.0003502808864709172,
        "long_return": 0.00098697744129538,
        "short_return": 0.0006366965548244628,
        "returns_std": 0.03766151448939485,
        "sharpe_ratio": 0.009300764752026985,
        "group_returns": {
          "0": 0.0006366965548244628,
          "1": 0.0024917528310963943,
          "2": 0.0013661053892517776,
          "3": -0.0006687999342132814,
          "4": 0.00098697744129538
        },
        "skewness": 2.120287110205867,
        "kurtosis": 7.415291733020926,
        "turnover": 0.0016641978828477772,
        "win_rate": 0.4992709244677749,
        "autocorr_lag_1": 0.9866935501772631,
        "autocorr_lag_2": 0.9728700014116038,
        "autocorr_lag_3": 0.9604100662067616,
        "autocorr_lag_4": 0.943927375922932,
        "autocorr_lag_5": 0.9283374505133655,
        "autocorr_lag_6": 0.9109259624588135,
        "autocorr_lag_7": 0.8949092248405157,
        "autocorr_lag_8": 0.8814626209905149,
        "autocorr_lag_9": 0.8668428434732105,
        "autocorr_lag_10": 0.8543016291860926
      },
      "evaluated_at": "2025-08-18T14:32:24.835524"
    },
    {
      "metadata": {
        "mining_session": true,
        "mining_config": {
          "factor_types": [
            "technical",
            "statistical",
            "ml"
          ],
          "optimization": {
            "method": "greedy",
            "max_factors": 15,
            "min_ic": 0.02,
            "min_ir": 0.1
          },
          "evaluation": {
            "min_sample_size": 30,
            "metrics": [
              "ic_pearson",
              "ic_spearman",
              "sharpe_ratio",
              "win_rate",
              "factor_decay"
            ]
          }
        },
        "factor_type": [
          "technical",
          "statistical",
          "ml"
        ],
        "symbols": [],
        "timeframes": []
      },
      "results": {
        "factor_name": "atr_ratio_21",
        "data_length": 3429,
        "missing_ratio": 0.0,
        "ic_pearson": -0.008872516218854074,
        "ic_spearman": -0.062316567192135415,
        "ic_kendall": -0.0410960455711678,
        "mutual_information": 0.03508771451141662,
        "long_short_return": 0.0003502808864709172,
        "long_return": 0.00098697744129538,
        "short_return": 0.0006366965548244628,
        "returns_std": 0.03766151448939485,
        "sharpe_ratio": 0.009300764752026985,
        "group_returns": {
          "0": 0.0006366965548244628,
          "1": 0.0024917528310963943,
          "2": 0.0013661053892517776,
          "3": -0.0006687999342132814,
          "4": 0.00098697744129538
        },
        "skewness": 2.120287110205867,
        "kurtosis": 7.415291733020926,
        "turnover": 0.0016641978828477772,
        "win_rate": 0.4992709244677749,
        "autocorr_lag_1": 0.9866935501772631,
        "autocorr_lag_2": 0.9728700014116038,
        "autocorr_lag_3": 0.9604100662067616,
        "autocorr_lag_4": 0.943927375922932,
        "autocorr_lag_5": 0.9283374505133655,
        "autocorr_lag_6": 0.9109259624588135,
        "autocorr_lag_7": 0.8949092248405157,
        "autocorr_lag_8": 0.8814626209905149,
        "autocorr_lag_9": 0.8668428434732105,
        "autocorr_lag_10": 0.8543016291860926
      },
      "evaluated_at": "2025-08-18T14:45:33.083165"
    }
  ]
}