{
  "factor_id": "atr_ratio_14",
  "evaluations": [
    {
      "metadata": {
        "mining_session": true,
        "mining_config": {
          "factor_types": [
            "technical",
            "statistical"
          ],
          "optimization": {
            "method": "greedy",
            "max_factors": 15,
            "min_ic": 0.02,
            "min_ir": 0.1
          },
          "evaluation": {
            "min_sample_size": 30,
            "metrics": [
              "ic_pearson",
              "ic_spearman",
              "sharpe_ratio",
              "win_rate",
              "factor_decay"
            ]
          }
        },
        "factor_type": [
          "technical",
          "statistical"
        ],
        "symbols": [],
        "timeframes": []
      },
      "results": {
        "factor_name": "atr_ratio_14",
        "data_length": 3429,
        "missing_ratio": 0.0,
        "ic_pearson": 0.013519796480186095,
        "ic_spearman": -0.05945597131800396,
        "ic_kendall": -0.03962686270172571,
        "mutual_information": 0.042311256273780545,
        "long_short_return": 0.0008374537222648723,
        "long_return": 0.0015499701259414295,
        "short_return": 0.0007125164036765572,
        "returns_std": 0.03766151448939485,
        "sharpe_ratio": 0.02223632622370223,
        "group_returns": {
          "0": 0.0007125164036765572,
          "1": 0.0017931078456090536,
          "2": 0.0017945143332961009,
          "3": -0.0010366413988735156,
          "4": 0.0015499701259414295
        },
        "skewness": 2.726183277514162,
        "kurtosis": 12.180254605819803,
        "turnover": 0.0020529430444246356,
        "win_rate": 0.5001458151064451,
        "autocorr_lag_1": 0.9811439926673876,
        "autocorr_lag_2": 0.9611678717587852,
        "autocorr_lag_3": 0.943577273614151,
        "autocorr_lag_4": 0.9203441923023216,
        "autocorr_lag_5": 0.8986015957027202,
        "autocorr_lag_6": 0.8751268151495907,
        "autocorr_lag_7": 0.8544329735339106,
        "autocorr_lag_8": 0.8375205132288218,
        "autocorr_lag_9": 0.8189562034870429,
        "autocorr_lag_10": 0.8036249795513375
      },
      "evaluated_at": "2025-08-18T14:32:24.834972"
    },
    {
      "metadata": {
        "mining_session": true,
        "mining_config": {
          "factor_types": [
            "technical",
            "statistical",
            "ml"
          ],
          "optimization": {
            "method": "greedy",
            "max_factors": 15,
            "min_ic": 0.02,
            "min_ir": 0.1
          },
          "evaluation": {
            "min_sample_size": 30,
            "metrics": [
              "ic_pearson",
              "ic_spearman",
              "sharpe_ratio",
              "win_rate",
              "factor_decay"
            ]
          }
        },
        "factor_type": [
          "technical",
          "statistical",
          "ml"
        ],
        "symbols": [],
        "timeframes": []
      },
      "results": {
        "factor_name": "atr_ratio_14",
        "data_length": 3429,
        "missing_ratio": 0.0,
        "ic_pearson": 0.013519796480186095,
        "ic_spearman": -0.05945597131800396,
        "ic_kendall": -0.03962686270172571,
        "mutual_information": 0.042311256273780545,
        "long_short_return": 0.0008374537222648723,
        "long_return": 0.0015499701259414295,
        "short_return": 0.0007125164036765572,
        "returns_std": 0.03766151448939485,
        "sharpe_ratio": 0.02223632622370223,
        "group_returns": {
          "0": 0.0007125164036765572,
          "1": 0.0017931078456090536,
          "2": 0.0017945143332961009,
          "3": -0.0010366413988735156,
          "4": 0.0015499701259414295
        },
        "skewness": 2.726183277514162,
        "kurtosis": 12.180254605819803,
        "turnover": 0.0020529430444246356,
        "win_rate": 0.5001458151064451,
        "autocorr_lag_1": 0.9811439926673876,
        "autocorr_lag_2": 0.9611678717587852,
        "autocorr_lag_3": 0.943577273614151,
        "autocorr_lag_4": 0.9203441923023216,
        "autocorr_lag_5": 0.8986015957027202,
        "autocorr_lag_6": 0.8751268151495907,
        "autocorr_lag_7": 0.8544329735339106,
        "autocorr_lag_8": 0.8375205132288218,
        "autocorr_lag_9": 0.8189562034870429,
        "autocorr_lag_10": 0.8036249795513375
      },
      "evaluated_at": "2025-08-18T14:45:33.082249"
    }
  ]
}