{
  "factor_id": "atr_21",
  "evaluations": [
    {
      "metadata": {
        "mining_session": true,
        "mining_config": {
          "factor_types": [
            "technical",
            "statistical"
          ],
          "optimization": {
            "method": "greedy",
            "max_factors": 15,
            "min_ic": 0.02,
            "min_ir": 0.1
          },
          "evaluation": {
            "min_sample_size": 30,
            "metrics": [
              "ic_pearson",
              "ic_spearman",
              "sharpe_ratio",
              "win_rate",
              "factor_decay"
            ]
          }
        },
        "factor_type": [
          "technical",
          "statistical"
        ],
        "symbols": [],
        "timeframes": []
      },
      "results": {
        "factor_name": "atr_21",
        "data_length": 2263,
        "missing_ratio": 0.0,
        "ic_pearson": 0.001472730751304482,
        "ic_spearman": -0.0178072139036985,
        "ic_kendall": -0.013089105055225597,
        "mutual_information": 0.036636553426745336,
        "long_short_return": 0.0008536937732936436,
        "long_return": 0.0010780351398876667,
        "short_return": 0.00022434136659402315,
        "returns_std": 0.03441244380071443,
        "sharpe_ratio": 0.02480770555667192,
        "group_returns": {
          "0": 0.00022434136659402315,
          "1": 0.0007483783857970655,
          "2": 0.0012291462523124211,
          "3": 0.0004083116173947525,
          "4": 0.0010780351398876667
        },
        "skewness": 1.6867279795496197,
        "kurtosis": 2.4770904822844346,
        "turnover": 0.0005156867097669224,
        "win_rate": 0.48784798939460894,
        "autocorr_lag_1": 0.9981493278233781,
        "autocorr_lag_2": 0.995070544321901,
        "autocorr_lag_3": 0.9911029223073248,
        "autocorr_lag_4": 0.9867304608585175,
        "autocorr_lag_5": 0.9819990876453899,
        "autocorr_lag_6": 0.9769665151946113,
        "autocorr_lag_7": 0.9716940499786287,
        "autocorr_lag_8": 0.9663626099200129,
        "autocorr_lag_9": 0.9608933847001172,
        "autocorr_lag_10": 0.9553585517145791
      },
      "evaluated_at": "2025-08-18T14:29:26.994697"
    },
    {
      "metadata": {
        "mining_session": true,
        "mining_config": {
          "factor_types": [
            "technical",
            "statistical"
          ],
          "optimization": {
            "method": "greedy",
            "max_factors": 15,
            "min_ic": 0.02,
            "min_ir": 0.1
          },
          "evaluation": {
            "min_sample_size": 30,
            "metrics": [
              "ic_pearson",
              "ic_spearman",
              "sharpe_ratio",
              "win_rate",
              "factor_decay"
            ]
          }
        },
        "factor_type": [
          "technical",
          "statistical"
        ],
        "symbols": [],
        "timeframes": []
      },
      "results": {
        "factor_name": "atr_21",
        "data_length": 3429,
        "missing_ratio": 0.0,
        "ic_pearson": 0.019338107731744613,
        "ic_spearman": -0.01590676266795302,
        "ic_kendall": -0.010645475050387852,
        "mutual_information": 0.02937978796484542,
        "long_short_return": 0.001520197323174777,
        "long_return": 0.002322731563222097,
        "short_return": 0.0008025342400473202,
        "returns_std": 0.03766151448939485,
        "sharpe_ratio": 0.04036474219864023,
        "group_returns": {
          "0": 0.0008025342400473202,
          "1": -0.0011818023333880034,
          "2": 0.0007252315001239113,
          "3": 0.0021433448396489634,
          "4": 0.002322731563222097
        },
        "skewness": 2.0217231028300477,
        "kurtosis": 4.496042212917839,
        "turnover": 3.981654300620664e-05,
        "win_rate": 0.4992709244677749,
        "autocorr_lag_1": 0.9986256143500841,
        "autocorr_lag_2": 0.9967648794303419,
        "autocorr_lag_3": 0.994337127638789,
        "autocorr_lag_4": 0.9916240341236445,
        "autocorr_lag_5": 0.9884515933331781,
        "autocorr_lag_6": 0.985176429284874,
        "autocorr_lag_7": 0.9816767130359524,
        "autocorr_lag_8": 0.9779507274834844,
        "autocorr_lag_9": 0.9738975669750318,
        "autocorr_lag_10": 0.9698276205369492
      },
      "evaluated_at": "2025-08-18T14:32:24.835195"
    },
    {
      "metadata": {
        "mining_session": true,
        "mining_config": {
          "factor_types": [
            "technical",
            "statistical",
            "ml"
          ],
          "optimization": {
            "method": "greedy",
            "max_factors": 15,
            "min_ic": 0.02,
            "min_ir": 0.1
          },
          "evaluation": {
            "min_sample_size": 30,
            "metrics": [
              "ic_pearson",
              "ic_spearman",
              "sharpe_ratio",
              "win_rate",
              "factor_decay"
            ]
          }
        },
        "factor_type": [
          "technical",
          "statistical",
          "ml"
        ],
        "symbols": [],
        "timeframes": []
      },
      "results": {
        "factor_name": "atr_21",
        "data_length": 3429,
        "missing_ratio": 0.0,
        "ic_pearson": 0.019338107731744613,
        "ic_spearman": -0.01590676266795302,
        "ic_kendall": -0.010645475050387852,
        "mutual_information": 0.02937978796484542,
        "long_short_return": 0.001520197323174777,
        "long_return": 0.002322731563222097,
        "short_return": 0.0008025342400473202,
        "returns_std": 0.03766151448939485,
        "sharpe_ratio": 0.04036474219864023,
        "group_returns": {
          "0": 0.0008025342400473202,
          "1": -0.0011818023333880034,
          "2": 0.0007252315001239113,
          "3": 0.0021433448396489634,
          "4": 0.002322731563222097
        },
        "skewness": 2.0217231028300477,
        "kurtosis": 4.496042212917839,
        "turnover": 3.981654300620664e-05,
        "win_rate": 0.4992709244677749,
        "autocorr_lag_1": 0.9986256143500841,
        "autocorr_lag_2": 0.9967648794303419,
        "autocorr_lag_3": 0.994337127638789,
        "autocorr_lag_4": 0.9916240341236445,
        "autocorr_lag_5": 0.9884515933331781,
        "autocorr_lag_6": 0.985176429284874,
        "autocorr_lag_7": 0.9816767130359524,
        "autocorr_lag_8": 0.9779507274834844,
        "autocorr_lag_9": 0.9738975669750318,
        "autocorr_lag_10": 0.9698276205369492
      },
      "evaluated_at": "2025-08-18T14:45:33.082819"
    }
  ]
}