{
  "factor_id": "bb_percent",
  "evaluations": [
    {
      "metadata": {
        "mining_session": true,
        "mining_config": {
          "factor_types": [
            "technical",
            "statistical"
          ],
          "optimization": {
            "method": "greedy",
            "max_factors": 15,
            "min_ic": 0.02,
            "min_ir": 0.1
          },
          "evaluation": {
            "min_sample_size": 30,
            "metrics": [
              "ic_pearson",
              "ic_spearman",
              "sharpe_ratio",
              "win_rate",
              "factor_decay"
            ]
          }
        },
        "factor_type": [
          "technical",
          "statistical"
        ],
        "symbols": [],
        "timeframes": []
      },
      "results": {
        "factor_name": "bb_percent",
        "data_length": 2263,
        "missing_ratio": 0.0,
        "ic_pearson": 0.39261321591566817,
        "ic_spearman": 0.36646780201622886,
        "ic_kendall": 0.25464731015390574,
        "mutual_information": 0.08733854448515231,
        "long_short_return": 0.03720284944990562,
        "long_return": 0.020926564440756128,
        "short_return": -0.01627628500914949,
        "returns_std": 0.03441244380071443,
        "sharpe_ratio": 1.0810871109692377,
        "group_returns": {
          "0": -0.01627628500914949,
          "1": -0.0014101625572028405,
          "2": -0.0003587208533745577,
          "3": 0.0007664170458346106,
          "4": 0.020926564440756128
        },
        "skewness": 0.15498838261840941,
        "kurtosis": -0.6093728937653071,
        "turnover": 0.12186635495625082,
        "win_rate": 0.48740609809986746,
        "autocorr_lag_1": 0.8733697051800542,
        "autocorr_lag_2": 0.7603692150954107,
        "autocorr_lag_3": 0.6636826672340548,
        "autocorr_lag_4": 0.5652641335595444,
        "autocorr_lag_5": 0.48442867469154627,
        "autocorr_lag_6": 0.4047367447490985,
        "autocorr_lag_7": 0.3401217499322468,
        "autocorr_lag_8": 0.2816814965998553,
        "autocorr_lag_9": 0.23049987763525775,
        "autocorr_lag_10": 0.1866406822955361
      },
      "evaluated_at": "2025-08-18T14:29:26.995335"
    },
    {
      "metadata": {
        "mining_session": true,
        "mining_config": {
          "factor_types": [
            "technical",
            "statistical"
          ],
          "optimization": {
            "method": "greedy",
            "max_factors": 15,
            "min_ic": 0.02,
            "min_ir": 0.1
          },
          "evaluation": {
            "min_sample_size": 30,
            "metrics": [
              "ic_pearson",
              "ic_spearman",
              "sharpe_ratio",
              "win_rate",
              "factor_decay"
            ]
          }
        },
        "factor_type": [
          "technical",
          "statistical"
        ],
        "symbols": [],
        "timeframes": []
      },
      "results": {
        "factor_name": "bb_percent",
        "data_length": 3429,
        "missing_ratio": 0.0,
        "ic_pearson": 0.3899536341075791,
        "ic_spearman": 0.36289613840192614,
        "ic_kendall": 0.25138929447541897,
        "mutual_information": 0.07276305668945186,
        "long_short_return": 0.03999749610713653,
        "long_return": 0.02358605346879308,
        "short_return": -0.016411442638343453,
        "returns_std": 0.03766151448939485,
        "sharpe_ratio": 1.0620256951801412,
        "group_returns": {
          "0": -0.016411442638343453,
          "1": -0.0014808120296304146,
          "2": -0.0007773302647489659,
          "3": -0.00013171231044404095,
          "4": 0.02358605346879308
        },
        "skewness": 0.04860993300336036,
        "kurtosis": -0.631074087785652,
        "turnover": 0.12672275291752977,
        "win_rate": 0.5013123359580053,
        "autocorr_lag_1": 0.8504543511938898,
        "autocorr_lag_2": 0.7292392769678593,
        "autocorr_lag_3": 0.6210517526166209,
        "autocorr_lag_4": 0.5376502797211935,
        "autocorr_lag_5": 0.4715868755649122,
        "autocorr_lag_6": 0.4108385069636191,
        "autocorr_lag_7": 0.3481293406586033,
        "autocorr_lag_8": 0.29191945354762117,
        "autocorr_lag_9": 0.24100913352896353,
        "autocorr_lag_10": 0.20105702236297388
      },
      "evaluated_at": "2025-08-18T14:32:24.836195"
    },
    {
      "metadata": {
        "mining_session": true,
        "mining_config": {
          "factor_types": [
            "technical",
            "statistical",
            "ml"
          ],
          "optimization": {
            "method": "greedy",
            "max_factors": 15,
            "min_ic": 0.02,
            "min_ir": 0.1
          },
          "evaluation": {
            "min_sample_size": 30,
            "metrics": [
              "ic_pearson",
              "ic_spearman",
              "sharpe_ratio",
              "win_rate",
              "factor_decay"
            ]
          }
        },
        "factor_type": [
          "technical",
          "statistical",
          "ml"
        ],
        "symbols": [],
        "timeframes": []
      },
      "results": {
        "factor_name": "bb_percent",
        "data_length": 3429,
        "missing_ratio": 0.0,
        "ic_pearson": 0.3899536341075791,
        "ic_spearman": 0.36289613840192614,
        "ic_kendall": 0.25138929447541897,
        "mutual_information": 0.07276305668945186,
        "long_short_return": 0.03999749610713653,
        "long_return": 0.02358605346879308,
        "short_return": -0.016411442638343453,
        "returns_std": 0.03766151448939485,
        "sharpe_ratio": 1.0620256951801412,
        "group_returns": {
          "0": -0.016411442638343453,
          "1": -0.0014808120296304146,
          "2": -0.0007773302647489659,
          "3": -0.00013171231044404095,
          "4": 0.02358605346879308
        },
        "skewness": 0.04860993300336036,
        "kurtosis": -0.631074087785652,
        "turnover": 0.12672275291752977,
        "win_rate": 0.5013123359580053,
        "autocorr_lag_1": 0.8504543511938898,
        "autocorr_lag_2": 0.7292392769678593,
        "autocorr_lag_3": 0.6210517526166209,
        "autocorr_lag_4": 0.5376502797211935,
        "autocorr_lag_5": 0.4715868755649122,
        "autocorr_lag_6": 0.4108385069636191,
        "autocorr_lag_7": 0.3481293406586033,
        "autocorr_lag_8": 0.29191945354762117,
        "autocorr_lag_9": 0.24100913352896353,
        "autocorr_lag_10": 0.20105702236297388
      },
      "evaluated_at": "2025-08-18T14:45:33.084200"
    }
  ]
}