{
  "factor_id": "di_plus_50",
  "evaluations": [
    {
      "metadata": {
        "mining_session": true,
        "mining_config": {
          "factor_types": [
            "technical",
            "statistical"
          ],
          "optimization": {
            "method": "greedy",
            "max_factors": 15,
            "min_ic": 0.02,
            "min_ir": 0.1
          },
          "evaluation": {
            "min_sample_size": 30,
            "metrics": [
              "ic_pearson",
              "ic_spearman",
              "sharpe_ratio",
              "win_rate",
              "factor_decay"
            ]
          }
        },
        "factor_type": [
          "technical",
          "statistical"
        ],
        "symbols": [],
        "timeframes": []
      },
      "results": {
        "factor_name": "di_plus_50",
        "data_length": 2263,
        "missing_ratio": 0.0,
        "ic_pearson": 0.12321338296228776,
        "ic_spearman": 0.0763478489242423,
        "ic_kendall": 0.051800828414510065,
        "mutual_information": 0.03145996329177565,
        "long_short_return": 0.010662520389917135,
        "long_return": 0.007819181739921651,
        "short_return": -0.002843338649995483,
        "returns_std": 0.03441244380071443,
        "sharpe_ratio": 0.30984490528091385,
        "group_returns": {
          "0": -0.002843338649995483,
          "1": -0.002238275379261888,
          "2": -0.0005285066613142583,
          "3": 0.0014681262841261566,
          "4": 0.007819181739921651
        },
        "skewness": 0.007463608722122205,
        "kurtosis": 3.6007906503014655,
        "turnover": 0.5041332800448252,
        "win_rate": 0.4812196199734865,
        "autocorr_lag_1": 0.9859087742632046,
        "autocorr_lag_2": 0.9691782154518874,
        "autocorr_lag_3": 0.9534737706170354,
        "autocorr_lag_4": 0.937616465661973,
        "autocorr_lag_5": 0.9210070063668632,
        "autocorr_lag_6": 0.9035407621733591,
        "autocorr_lag_7": 0.8860691426722246,
        "autocorr_lag_8": 0.8691075097217624,
        "autocorr_lag_9": 0.8514754894207477,
        "autocorr_lag_10": 0.8342757079189319
      },
      "evaluated_at": "2025-08-18T14:29:26.983366"
    },
    {
      "metadata": {
        "mining_session": true,
        "mining_config": {
          "factor_types": [
            "technical",
            "statistical"
          ],
          "optimization": {
            "method": "greedy",
            "max_factors": 15,
            "min_ic": 0.02,
            "min_ir": 0.1
          },
          "evaluation": {
            "min_sample_size": 30,
            "metrics": [
              "ic_pearson",
              "ic_spearman",
              "sharpe_ratio",
              "win_rate",
              "factor_decay"
            ]
          }
        },
        "factor_type": [
          "technical",
          "statistical"
        ],
        "symbols": [],
        "timeframes": []
      },
      "results": {
        "factor_name": "di_plus_50",
        "data_length": 3429,
        "missing_ratio": 0.0,
        "ic_pearson": 0.17194256026747656,
        "ic_spearman": 0.056345480900027035,
        "ic_kendall": 0.038373634132918034,
        "mutual_information": 0.04276910902386195,
        "long_short_return": 0.011589595720779135,
        "long_return": 0.009185546259797341,
        "short_return": -0.002404049460981795,
        "returns_std": 0.03766151448939485,
        "sharpe_ratio": 0.3077304744088999,
        "group_returns": {
          "0": -0.002404049460981795,
          "1": -0.0013848386891286521,
          "2": -0.001387649846440608,
          "3": 0.0007952772241811906,
          "4": 0.009185546259797341
        },
        "skewness": 0.6325186798374745,
        "kurtosis": 7.229041646215061,
        "turnover": 0.5392561864181393,
        "win_rate": 0.49431321084864394,
        "autocorr_lag_1": 0.9755424599748913,
        "autocorr_lag_2": 0.9520798662762627,
        "autocorr_lag_3": 0.9297738394236846,
        "autocorr_lag_4": 0.910721808465637,
        "autocorr_lag_5": 0.8932305471923234,
        "autocorr_lag_6": 0.8763552718672247,
        "autocorr_lag_7": 0.8582104159962055,
        "autocorr_lag_8": 0.8387856963308853,
        "autocorr_lag_9": 0.8184077635608971,
        "autocorr_lag_10": 0.7989630737513579
      },
      "evaluated_at": "2025-08-18T14:32:24.824005"
    },
    {
      "metadata": {
        "mining_session": true,
        "mining_config": {
          "factor_types": [
            "technical",
            "statistical",
            "ml"
          ],
          "optimization": {
            "method": "greedy",
            "max_factors": 15,
            "min_ic": 0.02,
            "min_ir": 0.1
          },
          "evaluation": {
            "min_sample_size": 30,
            "metrics": [
              "ic_pearson",
              "ic_spearman",
              "sharpe_ratio",
              "win_rate",
              "factor_decay"
            ]
          }
        },
        "factor_type": [
          "technical",
          "statistical",
          "ml"
        ],
        "symbols": [],
        "timeframes": []
      },
      "results": {
        "factor_name": "di_plus_50",
        "data_length": 3429,
        "missing_ratio": 0.0,
        "ic_pearson": 0.17194256026747656,
        "ic_spearman": 0.056345480900027035,
        "ic_kendall": 0.038373634132918034,
        "mutual_information": 0.04276910902386195,
        "long_short_return": 0.011589595720779135,
        "long_return": 0.009185546259797341,
        "short_return": -0.002404049460981795,
        "returns_std": 0.03766151448939485,
        "sharpe_ratio": 0.3077304744088999,
        "group_returns": {
          "0": -0.002404049460981795,
          "1": -0.0013848386891286521,
          "2": -0.001387649846440608,
          "3": 0.0007952772241811906,
          "4": 0.009185546259797341
        },
        "skewness": 0.6325186798374745,
        "kurtosis": 7.229041646215061,
        "turnover": 0.5392561864181393,
        "win_rate": 0.49431321084864394,
        "autocorr_lag_1": 0.9755424599748913,
        "autocorr_lag_2": 0.9520798662762627,
        "autocorr_lag_3": 0.9297738394236846,
        "autocorr_lag_4": 0.910721808465637,
        "autocorr_lag_5": 0.8932305471923234,
        "autocorr_lag_6": 0.8763552718672247,
        "autocorr_lag_7": 0.8582104159962055,
        "autocorr_lag_8": 0.8387856963308853,
        "autocorr_lag_9": 0.8184077635608971,
        "autocorr_lag_10": 0.7989630737513579
      },
      "evaluated_at": "2025-08-18T14:45:33.067582"
    }
  ]
}