{
  "factor_id": "doji",
  "evaluations": [
    {
      "metadata": {
        "mining_session": true,
        "mining_config": {
          "factor_types": [
            "technical",
            "statistical"
          ],
          "optimization": {
            "method": "greedy",
            "max_factors": 15,
            "min_ic": 0.02,
            "min_ir": 0.1
          },
          "evaluation": {
            "min_sample_size": 30,
            "metrics": [
              "ic_pearson",
              "ic_spearman",
              "sharpe_ratio",
              "win_rate",
              "factor_decay"
            ]
          }
        },
        "factor_type": [
          "technical",
          "statistical"
        ],
        "symbols": [],
        "timeframes": []
      },
      "results": {
        "factor_name": "doji",
        "data_length": 2263,
        "missing_ratio": 0.0,
        "ic_pearson": -0.008806255275770414,
        "ic_spearman": 0.00263138221312982,
        "ic_kendall": 0.0021490036787816767,
        "mutual_information": 0.027643216971917167,
        "long_short_return": 0.0,
        "long_return": 0.0007380103226391865,
        "short_return": 0.0007380103226391865,
        "returns_std": 0.03441244380071443,
        "sharpe_ratio": 0.0,
        "group_returns": {
          "0": 0.0007380103226391865
        },
        "skewness": 2.45843261587289,
        "kurtosis": 4.047467227835412,
        "turnover": 0.1992420864913063,
        "win_rate": 0.06053910737958462,
        "autocorr_lag_1": -0.006261370045068484,
        "autocorr_lag_2": 0.007523326318207697,
        "autocorr_lag_3": -0.0009390546796222058,
        "autocorr_lag_4": -0.009912359094418951,
        "autocorr_lag_5": -0.02288768614790538,
        "autocorr_lag_6": 0.02619245536951226,
        "autocorr_lag_7": -0.005132591958939403,
        "autocorr_lag_8": -0.005188645603023729,
        "autocorr_lag_9": 0.008673072711375521,
        "autocorr_lag_10": -0.02718841082626639
      },
      "evaluated_at": "2025-08-18T14:29:27.000909"
    },
    {
      "metadata": {
        "mining_session": true,
        "mining_config": {
          "factor_types": [
            "technical",
            "statistical"
          ],
          "optimization": {
            "method": "greedy",
            "max_factors": 15,
            "min_ic": 0.02,
            "min_ir": 0.1
          },
          "evaluation": {
            "min_sample_size": 30,
            "metrics": [
              "ic_pearson",
              "ic_spearman",
              "sharpe_ratio",
              "win_rate",
              "factor_decay"
            ]
          }
        },
        "factor_type": [
          "technical",
          "statistical"
        ],
        "symbols": [],
        "timeframes": []
      },
      "results": {
        "factor_name": "doji",
        "data_length": 3429,
        "missing_ratio": 0.0,
        "ic_pearson": -0.00809378063148917,
        "ic_spearman": -0.002580459727598203,
        "ic_kendall": -0.002107387465406671,
        "mutual_information": 0.019770981259833835,
        "long_short_return": 0.0,
        "long_return": 0.000962523787538702,
        "short_return": 0.000962523787538702,
        "returns_std": 0.03766151448939485,
        "sharpe_ratio": 0.0,
        "group_returns": {
          "0": 0.000962523787538702
        },
        "skewness": 2.337553230081637,
        "kurtosis": 3.4661764470674,
        "turnover": 0.21149897330595482,
        "win_rate": 0.07669874599008457,
        "autocorr_lag_1": -0.0014260513507249398,
        "autocorr_lag_2": -0.03181342478545795,
        "autocorr_lag_3": -0.00946096203295034,
        "autocorr_lag_4": 0.04297634325096787,
        "autocorr_lag_5": 0.023961123422737485,
        "autocorr_lag_6": 0.012861811477748777,
        "autocorr_lag_7": 0.03217894489741637,
        "autocorr_lag_8": -0.028696807107963532,
        "autocorr_lag_9": -0.0010835328890612093,
        "autocorr_lag_10": -0.0007911053833890913
      },
      "evaluated_at": "2025-08-18T14:32:24.840057"
    },
    {
      "metadata": {
        "mining_session": true,
        "mining_config": {
          "factor_types": [
            "technical",
            "statistical",
            "ml"
          ],
          "optimization": {
            "method": "greedy",
            "max_factors": 15,
            "min_ic": 0.02,
            "min_ir": 0.1
          },
          "evaluation": {
            "min_sample_size": 30,
            "metrics": [
              "ic_pearson",
              "ic_spearman",
              "sharpe_ratio",
              "win_rate",
              "factor_decay"
            ]
          }
        },
        "factor_type": [
          "technical",
          "statistical",
          "ml"
        ],
        "symbols": [],
        "timeframes": []
      },
      "results": {
        "factor_name": "doji",
        "data_length": 3429,
        "missing_ratio": 0.0,
        "ic_pearson": -0.00809378063148917,
        "ic_spearman": -0.002580459727598203,
        "ic_kendall": -0.002107387465406671,
        "mutual_information": 0.019770981259833835,
        "long_short_return": 0.0,
        "long_return": 0.000962523787538702,
        "short_return": 0.000962523787538702,
        "returns_std": 0.03766151448939485,
        "sharpe_ratio": 0.0,
        "group_returns": {
          "0": 0.000962523787538702
        },
        "skewness": 2.337553230081637,
        "kurtosis": 3.4661764470674,
        "turnover": 0.21149897330595482,
        "win_rate": 0.07669874599008457,
        "autocorr_lag_1": -0.0014260513507249398,
        "autocorr_lag_2": -0.03181342478545795,
        "autocorr_lag_3": -0.00946096203295034,
        "autocorr_lag_4": 0.04297634325096787,
        "autocorr_lag_5": 0.023961123422737485,
        "autocorr_lag_6": 0.012861811477748777,
        "autocorr_lag_7": 0.03217894489741637,
        "autocorr_lag_8": -0.028696807107963532,
        "autocorr_lag_9": -0.0010835328890612093,
        "autocorr_lag_10": -0.0007911053833890913
      },
      "evaluated_at": "2025-08-18T14:45:33.089247"
    }
  ]
}