{
  "factor_id": "feature_selection_mutual_info_weighted",
  "evaluations": [
    {
      "metadata": {
        "mining_session": true,
        "mining_config": {
          "factor_types": [
            "ml"
          ],
          "optimization": {
            "method": "greedy",
            "max_factors": 15,
            "min_ic": 0.02,
            "min_ir": 0.1
          },
          "evaluation": {
            "min_sample_size": 30,
            "metrics": [
              "ic_pearson",
              "ic_spearman",
              "sharpe_ratio",
              "win_rate",
              "factor_decay"
            ]
          }
        },
        "factor_type": [
          "ml"
        ],
        "symbols": [],
        "timeframes": []
      },
      "results": {
        "factor_name": "feature_selection_mutual_info_weighted",
        "data_length": 2263,
        "missing_ratio": 0.0,
        "ic_pearson": 0.04881106719908777,
        "ic_spearman": 0.019514677303591386,
        "ic_kendall": 0.012612016320585579,
        "mutual_information": 0.03220105641051772,
        "long_short_return": 0.005033322019601074,
        "long_return": 0.004649852205048532,
        "short_return": -0.00038346981455254206,
        "returns_std": 0.03441244380071443,
        "sharpe_ratio": 0.1462645910516991,
        "group_returns": {
          "0": -0.00038346981455254206,
          "1": -0.0008767959729640196,
          "2": -8.477149056918992e-05,
          "3": 0.00037840248254022963,
          "4": 0.004649852205048532
        },
        "skewness": 2.0245218460112184,
        "kurtosis": 7.521619279518331,
        "turnover": 1956202.0291941299,
        "win_rate": 0.48166151126822804,
        "autocorr_lag_1": 0.9854597027976478,
        "autocorr_lag_2": 0.9583030035533713,
        "autocorr_lag_3": 0.9215835387237165,
        "autocorr_lag_4": 0.8827147910394856,
        "autocorr_lag_5": 0.843387896487085,
        "autocorr_lag_6": 0.8120001861201265,
        "autocorr_lag_7": 0.7832791445341235,
        "autocorr_lag_8": 0.7578630971855554,
        "autocorr_lag_9": 0.7329519422024583,
        "autocorr_lag_10": 0.708874888090112
      },
      "evaluated_at": "2025-08-15T01:45:07.877478"
    },
    {
      "metadata": {
        "mining_session": true,
        "mining_config": {
          "factor_types": [
            "ml"
          ],
          "optimization": {
            "method": "greedy",
            "max_factors": 15,
            "min_ic": 0.02,
            "min_ir": 0.1
          },
          "evaluation": {
            "min_sample_size": 30,
            "metrics": [
              "ic_pearson",
              "ic_spearman",
              "sharpe_ratio",
              "win_rate",
              "factor_decay"
            ]
          }
        },
        "factor_type": [
          "ml"
        ],
        "symbols": [],
        "timeframes": []
      },
      "results": {
        "factor_name": "feature_selection_mutual_info_weighted",
        "data_length": 1713,
        "missing_ratio": 0.0,
        "ic_pearson": 0.1673770266563809,
        "ic_spearman": -0.0032795908084129618,
        "ic_kendall": -0.003000055494201768,
        "mutual_information": 0.04469237058187528,
        "long_short_return": 0.01272970908781843,
        "long_return": 0.012915751873870823,
        "short_return": 0.00018604278605239243,
        "returns_std": 0.05043669723935515,
        "sharpe_ratio": 0.25238982297765505,
        "group_returns": {
          "0": 0.00018604278605239243,
          "1": -0.0021517643408222706,
          "2": -0.0015977201074937942,
          "3": -0.0003662035269551458,
          "4": 0.012915751873870823
        },
        "skewness": 5.311536100964829,
        "kurtosis": 37.33156483584843,
        "turnover": 27892518.572198436,
        "win_rate": 0.4851138353765324,
        "autocorr_lag_1": 0.9749172764198878,
        "autocorr_lag_2": 0.9324619750308613,
        "autocorr_lag_3": 0.8827376397452985,
        "autocorr_lag_4": 0.82706384059945,
        "autocorr_lag_5": 0.7672145285082728,
        "autocorr_lag_6": 0.7250919215499766,
        "autocorr_lag_7": 0.6879744052750542,
        "autocorr_lag_8": 0.6515306539307925,
        "autocorr_lag_9": 0.614309037016705,
        "autocorr_lag_10": 0.5818208369927372
      },
      "evaluated_at": "2025-08-15T01:52:00.188566"
    },
    {
      "metadata": {
        "mining_session": true,
        "mining_config": {
          "factor_types": [
            "technical",
            "statistical",
            "ml"
          ],
          "optimization": {
            "method": "greedy",
            "max_factors": 15,
            "min_ic": 0.02,
            "min_ir": 0.1
          },
          "evaluation": {
            "min_sample_size": 30,
            "metrics": [
              "ic_pearson",
              "ic_spearman",
              "sharpe_ratio",
              "win_rate",
              "factor_decay"
            ]
          }
        },
        "factor_type": [
          "technical",
          "statistical",
          "ml"
        ],
        "symbols": [],
        "timeframes": []
      },
      "results": {
        "factor_name": "feature_selection_mutual_info_weighted",
        "data_length": 3429,
        "missing_ratio": 0.0,
        "ic_pearson": 0.10965502475565653,
        "ic_spearman": -0.017882910400974162,
        "ic_kendall": -0.012931071551345878,
        "mutual_information": 0.031241781642306315,
        "long_short_return": 0.005814223811490565,
        "long_return": 0.005772701330005333,
        "short_return": -4.152248148523246e-05,
        "returns_std": 0.03766151448939485,
        "sharpe_ratio": 0.15438104097294864,
        "group_returns": {
          "0": -4.152248148523246e-05,
          "1": -0.00019475455068508347,
          "2": -0.0007364733185953421,
          "3": 8.727661988590848e-06,
          "4": 0.005772701330005333
        },
        "skewness": 6.169886260699948,
        "kurtosis": 51.12041508080556,
        "turnover": 6390943.556565465,
        "win_rate": 0.49460484106153396,
        "autocorr_lag_1": 0.9785734560151922,
        "autocorr_lag_2": 0.9447347885389461,
        "autocorr_lag_3": 0.9064301736290975,
        "autocorr_lag_4": 0.8671999283212799,
        "autocorr_lag_5": 0.8285341602730736,
        "autocorr_lag_6": 0.8077800268876447,
        "autocorr_lag_7": 0.7907804031004929,
        "autocorr_lag_8": 0.7717797159213271,
        "autocorr_lag_9": 0.7463885139370819,
        "autocorr_lag_10": 0.7211055290519491
      },
      "evaluated_at": "2025-08-18T14:45:33.101105"
    },
    {
      "metadata": {
        "mining_session": true,
        "mining_config": {
          "factor_types": [
            "ml"
          ],
          "optimization": {
            "method": "greedy",
            "max_factors": 15,
            "min_ic": 0.02,
            "min_ir": 0.1
          },
          "evaluation": {
            "min_sample_size": 30,
            "metrics": [
              "ic_pearson",
              "ic_spearman",
              "sharpe_ratio",
              "win_rate",
              "factor_decay"
            ]
          }
        },
        "factor_type": [
          "ml"
        ],
        "symbols": [],
        "timeframes": []
      },
      "results": {
        "factor_name": "feature_selection_mutual_info_weighted",
        "data_length": 2000,
        "missing_ratio": 0.0,
        "ic_pearson": 0.01720374861402535,
        "ic_spearman": 0.01429671666916947,
        "ic_kendall": 0.010160845747095724,
        "mutual_information": 0.0069956612184904135,
        "long_short_return": 0.0001000943848624512,
        "long_return": 5.0400704994337795e-05,
        "short_return": -4.9693679868113406e-05,
        "returns_std": 0.0020946525629347104,
        "sharpe_ratio": 0.04778567416555903,
        "group_returns": {
          "0": -4.9693679868113406e-05,
          "1": 1.0130133685504472e-05,