{
  "factor_id": "kurtosis_20",
  "evaluations": [
    {
      "metadata": {
        "mining_session": true,
        "mining_config": {
          "factor_types": [
            "technical",
            "statistical"
          ],
          "optimization": {
            "method": "greedy",
            "max_factors": 15,
            "min_ic": 0.02,
            "min_ir": 0.1
          },
          "evaluation": {
            "min_sample_size": 30,
            "metrics": [
              "ic_pearson",
              "ic_spearman",
              "sharpe_ratio",
              "win_rate",
              "factor_decay"
            ]
          }
        },
        "factor_type": [
          "technical",
          "statistical"
        ],
        "symbols": [],
        "timeframes": []
      },
      "results": {
        "factor_name": "kurtosis_20",
        "data_length": 2263,
        "missing_ratio": 0.0,
        "ic_pearson": 0.0450977877232395,
        "ic_spearman": 0.012313443059337901,
        "ic_kendall": 0.008333696705313936,
        "mutual_information": 0.014579299105632784,
        "long_short_return": 0.0029479486921126065,
        "long_return": 0.0016208759582109883,
        "short_return": -0.0013270727339016184,
        "returns_std": 0.03441244380071443,
        "sharpe_ratio": 0.0856651945204602,
        "group_returns": {
          "0": -0.0013270727339016184,
          "1": 0.00023846911617756865,
          "2": 0.0011385187449016814,
          "3": 0.0020198847928344036,
          "4": 0.0016208759582109883
        },
        "skewness": 3.020476069119664,
        "kurtosis": 12.417908235744648,
        "turnover": 0.430961881367007,
        "win_rate": 0.4887317719840919,
        "autocorr_lag_1": 0.9041014072898838,
        "autocorr_lag_2": 0.8191234845541069,
        "autocorr_lag_3": 0.7483262167017173,
        "autocorr_lag_4": 0.6764921987982392,
        "autocorr_lag_5": 0.6131079466111168,
        "autocorr_lag_6": 0.5498968681839141,
        "autocorr_lag_7": 0.48746710237483787,
        "autocorr_lag_8": 0.4350980198197779,
        "autocorr_lag_9": 0.3877344771554282,
        "autocorr_lag_10": 0.3402742908765925
      },
      "evaluated_at": "2025-08-18T14:29:27.001840"
    },
    {
      "metadata": {
        "mining_session": true,
        "mining_config": {
          "factor_types": [
            "technical",
            "statistical"
          ],
          "optimization": {
            "method": "greedy",
            "max_factors": 15,
            "min_ic": 0.02,
            "min_ir": 0.1
          },
          "evaluation": {
            "min_sample_size": 30,
            "metrics": [
              "ic_pearson",
              "ic_spearman",
              "sharpe_ratio",
              "win_rate",
              "factor_decay"
            ]
          }
        },
        "factor_type": [
          "technical",
          "statistical"
        ],
        "symbols": [],
        "timeframes": []
      },
      "results": {
        "factor_name": "kurtosis_20",
        "data_length": 3429,
        "missing_ratio": 0.0,
        "ic_pearson": 0.05877414708142873,
        "ic_spearman": -0.006757578334063459,
        "ic_kendall": -0.0044252153401134215,
        "mutual_information": 0.01955550423050675,
        "long_short_return": 0.0026325653198049394,
        "long_return": 0.0026516877312713657,
        "short_return": 1.912241146642639e-05,
        "returns_std": 0.03766151448939485,
        "sharpe_ratio": 0.06990067594191536,
        "group_returns": {
          "0": 1.912241146642639e-05,
          "1": -0.0012319644543903818,
          "2": 0.0020267959654313356,
          "3": 0.0013453297386319125,
          "4": 0.0026516877312713657
        },
        "skewness": 2.020364070588184,
        "kurtosis": 4.91349007337706,
        "turnover": 0.4907674195534372,
        "win_rate": 0.4911052785068533,
        "autocorr_lag_1": 0.9165827176845975,
        "autocorr_lag_2": 0.8396649831209909,
        "autocorr_lag_3": 0.7706973501412578,
        "autocorr_lag_4": 0.7057580616333546,
        "autocorr_lag_5": 0.645107822570103,
        "autocorr_lag_6": 0.5885270434238009,
        "autocorr_lag_7": 0.5385162324093995,
        "autocorr_lag_8": 0.494373711532552,
        "autocorr_lag_9": 0.4508177724077217,
        "autocorr_lag_10": 0.40786646794972564
      },
      "evaluated_at": "2025-08-18T14:32:24.841131"
    },
    {
      "metadata": {
        "mining_session": true,
        "mining_config": {
          "factor_types": [
            "technical",
            "statistical",
            "ml"
          ],
          "optimization": {
            "method": "greedy",
            "max_factors": 15,
            "min_ic": 0.02,
            "min_ir": 0.1
          },
          "evaluation": {
            "min_sample_size": 30,
            "metrics": [
              "ic_pearson",
              "ic_spearman",
              "sharpe_ratio",
              "win_rate",
              "factor_decay"
            ]
          }
        },
        "factor_type": [
          "technical",
          "statistical",
          "ml"
        ],
        "symbols": [],
        "timeframes": []
      },
      "results": {
        "factor_name": "kurtosis_20",
        "data_length": 3429,
        "missing_ratio": 0.0,
        "ic_pearson": 0.05877414708142873,
        "ic_spearman": -0.006757578334063459,
        "ic_kendall": -0.0044252153401134215,
        "mutual_information": 0.01955550423050675,
        "long_short_return": 0.0026325653198049394,
        "long_return": 0.0026516877312713657,
        "short_return": 1.912241146642639e-05,
        "returns_std": 0.03766151448939485,
        "sharpe_ratio": 0.06990067594191536,
        "group_returns": {
          "0": 1.912241146642639e-05,
          "1": -0.0012319644543903818,
          "2": 0.0020267959654313356,
          "3": 0.0013453297386319125,
          "4": 0.0026516877312713657
        },
        "skewness": 2.020364070588184,
        "kurtosis": 4.91349007337706,
        "turnover": 0.4907674195534372,
        "win_rate": 0.4911052785068533,
        "autocorr_lag_1": 0.9165827176845975,
        "autocorr_lag_2": 0.8396649831209909,
        "autocorr_lag_3": 0.7706973501412578,
        "autocorr_lag_4": 0.7057580616333546,
        "autocorr_lag_5": 0.645107822570103,
        "autocorr_lag_6": 0.5885270434238009,
        "autocorr_lag_7": 0.5385162324093995,
        "autocorr_lag_8": 0.494373711532552,
        "autocorr_lag_9": 0.4508177724077217,
        "autocorr_lag_10": 0.40786646794972564
      },
      "evaluated_at": "2025-08-18T14:45:33.091011"
    }
  ]
}