{
  "factor_id": "kurtosis_50",
  "evaluations": [
    {
      "metadata": {
        "mining_session": true,
        "mining_config": {
          "factor_types": [
            "technical",
            "statistical"
          ],
          "optimization": {
            "method": "greedy",
            "max_factors": 15,
            "min_ic": 0.02,
            "min_ir": 0.1
          },
          "evaluation": {
            "min_sample_size": 30,
            "metrics": [
              "ic_pearson",
              "ic_spearman",
              "sharpe_ratio",
              "win_rate",
              "factor_decay"
            ]
          }
        },
        "factor_type": [
          "technical",
          "statistical"
        ],
        "symbols": [],
        "timeframes": []
      },
      "results": {
        "factor_name": "kurtosis_50",
        "data_length": 2263,
        "missing_ratio": 0.0,
        "ic_pearson": 0.028580802988255674,
        "ic_spearman": 0.0031820221627018156,
        "ic_kendall": 0.0019334378437828844,
        "mutual_information": 0.011769879433699695,
        "long_short_return": 0.0038387278162011615,
        "long_return": 0.001627745341625796,
        "short_return": -0.0022109824745753653,
        "returns_std": 0.03441244380071443,
        "sharpe_ratio": 0.111550572764654,
        "group_returns": {
          "0": -0.0022109824745753653,
          "1": 0.0016521171109211438,
          "2": 0.002790241264248779,
          "3": -0.00017557840327352738,
          "4": 0.001627745341625796
        },
        "skewness": 3.674818900723212,
        "kurtosis": 13.764076700748026,
        "turnover": 0.2842853627042425,
        "win_rate": 0.4882898806893504,
        "autocorr_lag_1": 0.973571741743868,
        "autocorr_lag_2": 0.9483175235982106,
        "autocorr_lag_3": 0.9236247169980596,
        "autocorr_lag_4": 0.898557800768861,
        "autocorr_lag_5": 0.8746957719955363,
        "autocorr_lag_6": 0.851117187653954,
        "autocorr_lag_7": 0.8281393853784426,
        "autocorr_lag_8": 0.8051649360693114,
        "autocorr_lag_9": 0.7822269772785837,
        "autocorr_lag_10": 0.7591778989029914
      },
      "evaluated_at": "2025-08-18T14:29:27.002571"
    },
    {
      "metadata": {
        "mining_session": true,
        "mining_config": {
          "factor_types": [
            "technical",
            "statistical"
          ],
          "optimization": {
            "method": "greedy",
            "max_factors": 15,
            "min_ic": 0.02,
            "min_ir": 0.1
          },
          "evaluation": {
            "min_sample_size": 30,
            "metrics": [
              "ic_pearson",
              "ic_spearman",
              "sharpe_ratio",
              "win_rate",
              "factor_decay"
            ]
          }
        },
        "factor_type": [
          "technical",
          "statistical"
        ],
        "symbols": [],
        "timeframes": []
      },
      "results": {
        "factor_name": "kurtosis_50",
        "data_length": 3429,
        "missing_ratio": 0.0,
        "ic_pearson": 0.08033158588314565,
        "ic_spearman": -0.01072473808519682,
        "ic_kendall": -0.006915341178568146,
        "mutual_information": 0.018575049718525527,
        "long_short_return": 0.0022486401003309594,
        "long_return": 0.0020425356869994485,
        "short_return": -0.00020610441333151108,
        "returns_std": 0.03766151448939485,
        "sharpe_ratio": 0.05970657661587551,
        "group_returns": {
          "0": -0.00020610441333151108,
          "1": 3.055754530064612e-05,
          "2": -0.0004070466670559641,
          "3": 0.003348976787740855,
          "4": 0.0020425356869994485
        },
        "skewness": 2.36696810862452,
        "kurtosis": 7.413618886680943,
        "turnover": 0.3508654113628558,
        "win_rate": 0.4887722368037329,
        "autocorr_lag_1": 0.9602556487754832,
        "autocorr_lag_2": 0.9224586557752944,
        "autocorr_lag_3": 0.8887576622812869,
        "autocorr_lag_4": 0.8573272606080158,
        "autocorr_lag_5": 0.8260700664171968,
        "autocorr_lag_6": 0.7939783731640881,
        "autocorr_lag_7": 0.7645170303113032,
        "autocorr_lag_8": 0.7377789754583485,
        "autocorr_lag_9": 0.7110153273133563,
        "autocorr_lag_10": 0.6860477055567706
      },
      "evaluated_at": "2025-08-18T14:32:24.842188"
    },
    {
      "metadata": {
        "mining_session": true,
        "mining_config": {
          "factor_types": [
            "technical",
            "statistical",
            "ml"
          ],
          "optimization": {
            "method": "greedy",
            "max_factors": 15,
            "min_ic": 0.02,
            "min_ir": 0.1
          },
          "evaluation": {
            "min_sample_size": 30,
            "metrics": [
              "ic_pearson",
              "ic_spearman",
              "sharpe_ratio",
              "win_rate",
              "factor_decay"
            ]
          }
        },
        "factor_type": [
          "technical",
          "statistical",
          "ml"
        ],
        "symbols": [],
        "timeframes": []
      },
      "results": {
        "factor_name": "kurtosis_50",
        "data_length": 3429,
        "missing_ratio": 0.0,
        "ic_pearson": 0.08033158588314565,
        "ic_spearman": -0.01072473808519682,
        "ic_kendall": -0.006915341178568146,
        "mutual_information": 0.018575049718525527,
        "long_short_return": 0.0022486401003309594,
        "long_return": 0.0020425356869994485,
        "short_return": -0.00020610441333151108,
        "returns_std": 0.03766151448939485,
        "sharpe_ratio": 0.05970657661587551,
        "group_returns": {
          "0": -0.00020610441333151108,
          "1": 3.055754530064612e-05,
          "2": -0.0004070466670559641,
          "3": 0.003348976787740855,
          "4": 0.0020425356869994485
        },
        "skewness": 2.36696810862452,
        "kurtosis": 7.413618886680943,
        "turnover": 0.3508654113628558,
        "win_rate": 0.4887722368037329,
        "autocorr_lag_1": 0.9602556487754832,
        "autocorr_lag_2": 0.9224586557752944,
        "autocorr_lag_3": 0.8887576622812869,
        "autocorr_lag_4": 0.8573272606080158,
        "autocorr_lag_5": 0.8260700664171968,
        "autocorr_lag_6": 0.7939783731640881,
        "autocorr_lag_7": 0.7645170303113032,
        "autocorr_lag_8": 0.7377789754583485,
        "autocorr_lag_9": 0.7110153273133563,
        "autocorr_lag_10": 0.6860477055567706
      },
      "evaluated_at": "2025-08-18T14:45:33.092464"
    }
  ]
}