{
  "factor_id": "ma_cross_5_20",
  "evaluations": [
    {
      "metadata": {
        "mining_session": true,
        "mining_config": {
          "factor_types": [
            "technical",
            "statistical"
          ],
          "optimization": {
            "method": "greedy",
            "max_factors": 15,
            "min_ic": 0.02,
            "min_ir": 0.1
          },
          "evaluation": {
            "min_sample_size": 30,
            "metrics": [
              "ic_pearson",
              "ic_spearman",
              "sharpe_ratio",
              "win_rate",
              "factor_decay"
            ]
          }
        },
        "factor_type": [
          "technical",
          "statistical"
        ],
        "symbols": [],
        "timeframes": []
      },
      "results": {
        "factor_name": "ma_cross_5_20",
        "data_length": 2263,
        "missing_ratio": 0.0,
        "ic_pearson": 0.0624796212370686,
        "ic_spearman": 0.030129650595130685,
        "ic_kendall": 0.024606356935250737,
        "mutual_information": 0.004556451973663241,
        "long_short_return": 0.0,
        "long_return": 0.0007380103226391865,
        "short_return": 0.0007380103226391865,
        "returns_std": 0.03441244380071443,
        "sharpe_ratio": 0.0,
        "group_returns": {
          "0": 0.0007380103226391865
        },
        "skewness": 0.1838350528375429,
        "kurtosis": -1.9679446906997302,
        "turnover": 0.12799821667409716,
        "win_rate": 0.4821034025629695,
        "autocorr_lag_1": 0.8716142499479734,
        "autocorr_lag_2": 0.7520528210905686,
        "autocorr_lag_3": 0.6413253575218533,
        "autocorr_lag_4": 0.5376564243426198,
        "autocorr_lag_5": 0.44283951788934073,
        "autocorr_lag_6": 0.3622436703149889,
        "autocorr_lag_7": 0.2887362323983808,
        "autocorr_lag_8": 0.22053726307243984,
        "autocorr_lag_9": 0.16301788105953402,
        "autocorr_lag_10": 0.10724450091320603
      },
      "evaluated_at": "2025-08-18T14:29:26.973160"
    },
    {
      "metadata": {
        "mining_session": true,
        "mining_config": {
          "factor_types": [
            "technical",
            "statistical"
          ],
          "optimization": {
            "method": "greedy",
            "max_factors": 15,
            "min_ic": 0.02,
            "min_ir": 0.1
          },
          "evaluation": {
            "min_sample_size": 30,
            "metrics": [
              "ic_pearson",
              "ic_spearman",
              "sharpe_ratio",
              "win_rate",
              "factor_decay"
            ]
          }
        },
        "factor_type": [
          "technical",
          "statistical"
        ],
        "symbols": [],
        "timeframes": []
      },
      "results": {
        "factor_name": "ma_cross_5_20",
        "data_length": 3429,
        "missing_ratio": 0.0,
        "ic_pearson": 0.06188886302780955,
        "ic_spearman": 0.0346895817825907,
        "ic_kendall": 0.02832998672561113,
        "mutual_information": 0.003398896183192693,
        "long_short_return": 0.0,
        "long_return": 0.000962523787538702,
        "short_return": 0.000962523787538702,
        "returns_std": 0.03766151448939485,
        "sharpe_ratio": 0.0,
        "group_returns": {
          "0": 0.000962523787538702
        },
        "skewness": 0.021591338368481004,
        "kurtosis": -2.0007010843643522,
        "turnover": 0.1286300968025814,
        "win_rate": 0.48118985126859143,
        "autocorr_lag_1": 0.871631116824262,
        "autocorr_lag_2": 0.7583640577482753,
        "autocorr_lag_3": 0.6543734322172536,
        "autocorr_lag_4": 0.5620031346508441,
        "autocorr_lag_5": 0.4742531446540894,
        "autocorr_lag_6": 0.3969706984518927,
        "autocorr_lag_7": 0.33016476639192044,
        "autocorr_lag_8": 0.26916700847689295,
        "autocorr_lag_9": 0.21398240161099633,
        "autocorr_lag_10": 0.15876590578083358
      },
      "evaluated_at": "2025-08-18T14:32:24.817849"
    },
    {
      "metadata": {
        "mining_session": true,
        "mining_config": {
          "factor_types": [
            "technical",
            "statistical",
            "ml"
          ],
          "optimization": {
            "method": "greedy",
            "max_factors": 15,
            "min_ic": 0.02,
            "min_ir": 0.1
          },
          "evaluation": {
            "min_sample_size": 30,
            "metrics": [
              "ic_pearson",
              "ic_spearman",
              "sharpe_ratio",
              "win_rate",
              "factor_decay"
            ]
          }
        },
        "factor_type": [
          "technical",
          "statistical",
          "ml"
        ],
        "symbols": [],
        "timeframes": []
      },
      "results": {
        "factor_name": "ma_cross_5_20",
        "data_length": 3429,
        "missing_ratio": 0.0,
        "ic_pearson": 0.06188886302780955,
        "ic_spearman": 0.0346895817825907,
        "ic_kendall": 0.02832998672561113,
        "mutual_information": 0.003398896183192693,
        "long_short_return": 0.0,
        "long_return": 0.000962523787538702,
        "short_return": 0.000962523787538702,
        "returns_std": 0.03766151448939485,
        "sharpe_ratio": 0.0,
        "group_returns": {
          "0": 0.000962523787538702
        },
        "skewness": 0.021591338368481004,
        "kurtosis": -2.0007010843643522,
        "turnover": 0.1286300968025814,
        "win_rate": 0.48118985126859143,
        "autocorr_lag_1": 0.871631116824262,
        "autocorr_lag_2": 0.7583640577482753,
        "autocorr_lag_3": 0.6543734322172536,
        "autocorr_lag_4": 0.5620031346508441,
        "autocorr_lag_5": 0.4742531446540894,
        "autocorr_lag_6": 0.3969706984518927,
        "autocorr_lag_7": 0.33016476639192044,
        "autocorr_lag_8": 0.26916700847689295,
        "autocorr_lag_9": 0.21398240161099633,
        "autocorr_lag_10": 0.15876590578083358
      },
      "evaluated_at": "2025-08-18T14:45:33.057939"
    }
  ]
}