{
  "factor_id": "ma_cross_5_50",
  "evaluations": [
    {
      "metadata": {
        "mining_session": true,
        "mining_config": {
          "factor_types": [
            "technical",
            "statistical"
          ],
          "optimization": {
            "method": "greedy",
            "max_factors": 15,
            "min_ic": 0.02,
            "min_ir": 0.1
          },
          "evaluation": {
            "min_sample_size": 30,
            "metrics": [
              "ic_pearson",
              "ic_spearman",
              "sharpe_ratio",
              "win_rate",
              "factor_decay"
            ]
          }
        },
        "factor_type": [
          "technical",
          "statistical"
        ],
        "symbols": [],
        "timeframes": []
      },
      "results": {
        "factor_name": "ma_cross_5_50",
        "data_length": 2263,
        "missing_ratio": 0.0,
        "ic_pearson": 0.06295252556294606,
        "ic_spearman": 0.04107116765260043,
        "ic_kendall": 0.03354210191772811,
        "mutual_information": 0.005129795884939613,
        "long_short_return": 0.0,
        "long_return": 0.0007380103226391865,
        "short_return": 0.0007380103226391865,
        "returns_std": 0.03441244380071443,
        "sharpe_ratio": 0.0,
        "group_returns": {
          "0": 0.0007380103226391865
        },
        "skewness": 0.3032225731348907,
        "kurtosis": -1.9097446522922197,
        "turnover": 0.05617476593847526,
        "win_rate": 0.4993371630578878,
        "autocorr_lag_1": 0.9430176333938793,
        "autocorr_lag_2": 0.8896029220519451,
        "autocorr_lag_3": 0.8415714134285689,
        "autocorr_lag_4": 0.7953075505307295,
        "autocorr_lag_5": 0.7562507543611672,
        "autocorr_lag_6": 0.7207846727492495,
        "autocorr_lag_7": 0.6852862242588411,
        "autocorr_lag_8": 0.6533850701065474,
        "autocorr_lag_9": 0.6250862133581078,
        "autocorr_lag_10": 0.5949449497508048
      },
      "evaluated_at": "2025-08-18T14:29:26.975407"
    },
    {
      "metadata": {
        "mining_session": true,
        "mining_config": {
          "factor_types": [
            "technical",
            "statistical"
          ],
          "optimization": {
            "method": "greedy",
            "max_factors": 15,
            "min_ic": 0.02,
            "min_ir": 0.1
          },
          "evaluation": {
            "min_sample_size": 30,
            "metrics": [
              "ic_pearson",
              "ic_spearman",
              "sharpe_ratio",
              "win_rate",
              "factor_decay"
            ]
          }
        },
        "factor_type": [
          "technical",
          "statistical"
        ],
        "symbols": [],
        "timeframes": []
      },
      "results": {
        "factor_name": "ma_cross_5_50",
        "data_length": 3429,
        "missing_ratio": 0.0,
        "ic_pearson": 0.04402728505658925,
        "ic_spearman": 0.018665251811657752,
        "ic_kendall": 0.015243375932535165,
        "mutual_information": 0.005817181844261397,
        "long_short_return": 0.0,
        "long_return": 0.000962523787538702,
        "short_return": 0.000962523787538702,
        "returns_std": 0.03766151448939485,
        "sharpe_ratio": 0.0,
        "group_returns": {
          "0": 0.000962523787538702
        },
        "skewness": 0.06480420651660325,
        "kurtosis": -1.996965506259402,
        "turnover": 0.07342329128776767,
        "win_rate": 0.48439778361038205,
        "autocorr_lag_1": 0.9264119755851485,
        "autocorr_lag_2": 0.8586255826576004,
        "autocorr_lag_3": 0.7966455542695029,
        "autocorr_lag_4": 0.735800537512195,
        "autocorr_lag_5": 0.6819381620041403,
        "autocorr_lag_6": 0.6350641522431766,
        "autocorr_lag_7": 0.5951842457152,
        "autocorr_lag_8": 0.5623041929310694,
        "autocorr_lag_9": 0.530576597835562,
        "autocorr_lag_10": 0.49883144281878805
      },
      "evaluated_at": "2025-08-18T14:32:24.818546"
    },
    {
      "metadata": {
        "mining_session": true,
        "mining_config": {
          "factor_types": [
            "technical",
            "statistical",
            "ml"
          ],
          "optimization": {
            "method": "greedy",
            "max_factors": 15,
            "min_ic": 0.02,
            "min_ir": 0.1
          },
          "evaluation": {
            "min_sample_size": 30,
            "metrics": [
              "ic_pearson",
              "ic_spearman",
              "sharpe_ratio",
              "win_rate",
              "factor_decay"
            ]
          }
        },
        "factor_type": [
          "technical",
          "statistical",
          "ml"
        ],
        "symbols": [],
        "timeframes": []
      },
      "results": {
        "factor_name": "ma_cross_5_50",
        "data_length": 3429,
        "missing_ratio": 0.0,
        "ic_pearson": 0.04402728505658925,
        "ic_spearman": 0.018665251811657752,
        "ic_kendall": 0.015243375932535165,
        "mutual_information": 0.005817181844261397,
        "long_short_return": 0.0,
        "long_return": 0.000962523787538702,
        "short_return": 0.000962523787538702,
        "returns_std": 0.03766151448939485,
        "sharpe_ratio": 0.0,
        "group_returns": {
          "0": 0.000962523787538702
        },
        "skewness": 0.06480420651660325,
        "kurtosis": -1.996965506259402,
        "turnover": 0.07342329128776767,
        "win_rate": 0.48439778361038205,
        "autocorr_lag_1": 0.9264119755851485,
        "autocorr_lag_2": 0.8586255826576004,
        "autocorr_lag_3": 0.7966455542695029,
        "autocorr_lag_4": 0.735800537512195,
        "autocorr_lag_5": 0.6819381620041403,
        "autocorr_lag_6": 0.6350641522431766,
        "autocorr_lag_7": 0.5951842457152,
        "autocorr_lag_8": 0.5623041929310694,
        "autocorr_lag_9": 0.530576597835562,
        "autocorr_lag_10": 0.49883144281878805
      },
      "evaluated_at": "2025-08-18T14:45:33.058768"
    }
  ]
}