{
  "factor_id": "ma_cross_10_20",
  "evaluations": [
    {
      "metadata": {
        "mining_session": true,
        "mining_config": {
          "factor_types": [
            "technical",
            "statistical"
          ],
          "optimization": {
            "method": "greedy",
            "max_factors": 15,
            "min_ic": 0.02,
            "min_ir": 0.1
          },
          "evaluation": {
            "min_sample_size": 30,
            "metrics": [
              "ic_pearson",
              "ic_spearman",
              "sharpe_ratio",
              "win_rate",
              "factor_decay"
            ]
          }
        },
        "factor_type": [
          "technical",
          "statistical"
        ],
        "symbols": [],
        "timeframes": []
      },
      "results": {
        "factor_name": "ma_cross_10_20",
        "data_length": 2263,
        "missing_ratio": 0.0,
        "ic_pearson": 0.013467610919524782,
        "ic_spearman": 0.00012152332129655889,
        "ic_kendall": 9.924596404923281e-05,
        "mutual_information": 0.002098860328207571,
        "long_short_return": 0.0,
        "long_return": 0.0007380103226391865,
        "short_return": 0.0007380103226391865,
        "returns_std": 0.03441244380071443,
        "sharpe_ratio": 0.0,
        "group_returns": {
          "0": 0.0007380103226391865
        },
        "skewness": 0.14987686186912869,
        "kurtosis": -1.9792869677386626,
        "turnover": 0.11003120820329915,
        "win_rate": 0.48475475033141846,
        "autocorr_lag_1": 0.8897543834824952,
        "autocorr_lag_2": 0.779424699738328,
        "autocorr_lag_3": 0.6707902529978131,
        "autocorr_lag_4": 0.5638528752588744,
        "autocorr_lag_5": 0.4639570255781726,
        "autocorr_lag_6": 0.372892246244683,
        "autocorr_lag_7": 0.2906686005863379,
        "autocorr_lag_8": 0.21729618525335845,
        "autocorr_lag_9": 0.15719086470885885,
        "autocorr_lag_10": 0.1095237236642588
      },
      "evaluated_at": "2025-08-18T14:29:26.976665"
    },
    {
      "metadata": {
        "mining_session": true,
        "mining_config": {
          "factor_types": [
            "technical",
            "statistical"
          ],
          "optimization": {
            "method": "greedy",
            "max_factors": 15,
            "min_ic": 0.02,
            "min_ir": 0.1
          },
          "evaluation": {
            "min_sample_size": 30,
            "metrics": [
              "ic_pearson",
              "ic_spearman",
              "sharpe_ratio",
              "win_rate",
              "factor_decay"
            ]
          }
        },
        "factor_type": [
          "technical",
          "statistical"
        ],
        "symbols": [],
        "timeframes": []
      },
      "results": {
        "factor_name": "ma_cross_10_20",
        "data_length": 3429,
        "missing_ratio": 0.0,
        "ic_pearson": 0.028698747153434026,
        "ic_spearman": 0.009305967081183822,
        "ic_kendall": 0.0075999164686159785,
        "mutual_information": 0.0026948429953837865,
        "long_short_return": 0.0,
        "long_return": 0.000962523787538702,
        "short_return": 0.000962523787538702,
        "returns_std": 0.03766151448939485,
        "sharpe_ratio": 0.0,
        "group_returns": {
          "0": 0.000962523787538702
        },
        "skewness": 0.025093148737556782,
        "kurtosis": -2.000537508736123,
        "turnover": 0.11446171897917279,
        "win_rate": 0.48702245552639256,
        "autocorr_lag_1": 0.8856304396302116,
        "autocorr_lag_2": 0.7758652051905125,
        "autocorr_lag_3": 0.6707081772165955,
        "autocorr_lag_4": 0.5748353838451772,
        "autocorr_lag_5": 0.4824128850812282,
        "autocorr_lag_6": 0.3992871019396409,
        "autocorr_lag_7": 0.3231278933396005,
        "autocorr_lag_8": 0.25511057240051666,
        "autocorr_lag_9": 0.19348288448214004,
        "autocorr_lag_10": 0.14000971225983252
      },
      "evaluated_at": "2025-08-18T14:32:24.819523"
    },
    {
      "metadata": {
        "mining_session": true,
        "mining_config": {
          "factor_types": [
            "technical",
            "statistical",
            "ml"
          ],
          "optimization": {
            "method": "greedy",
            "max_factors": 15,
            "min_ic": 0.02,
            "min_ir": 0.1
          },
          "evaluation": {
            "min_sample_size": 30,
            "metrics": [
              "ic_pearson",
              "ic_spearman",
              "sharpe_ratio",
              "win_rate",
              "factor_decay"
            ]
          }
        },
        "factor_type": [
          "technical",
          "statistical",
          "ml"
        ],
        "symbols": [],
        "timeframes": []
      },
      "results": {
        "factor_name": "ma_cross_10_20",
        "data_length": 3429,
        "missing_ratio": 0.0,
        "ic_pearson": 0.028698747153434026,
        "ic_spearman": 0.009305967081183822,
        "ic_kendall": 0.0075999164686159785,
        "mutual_information": 0.0026948429953837865,
        "long_short_return": 0.0,
        "long_return": 0.000962523787538702,
        "short_return": 0.000962523787538702,
        "returns_std": 0.03766151448939485,
        "sharpe_ratio": 0.0,
        "group_returns": {
          "0": 0.000962523787538702
        },
        "skewness": 0.025093148737556782,
        "kurtosis": -2.000537508736123,
        "turnover": 0.11446171897917279,
        "win_rate": 0.48702245552639256,
        "autocorr_lag_1": 0.8856304396302116,
        "autocorr_lag_2": 0.7758652051905125,
        "autocorr_lag_3": 0.6707081772165955,
        "autocorr_lag_4": 0.5748353838451772,
        "autocorr_lag_5": 0.4824128850812282,
        "autocorr_lag_6": 0.3992871019396409,
        "autocorr_lag_7": 0.3231278933396005,
        "autocorr_lag_8": 0.25511057240051666,
        "autocorr_lag_9": 0.19348288448214004,
        "autocorr_lag_10": 0.14000971225983252
      },
      "evaluated_at": "2025-08-18T14:45:33.059622"
    }
  ]
}