{
  "factor_id": "ma_cross_20_50",
  "evaluations": [
    {
      "metadata": {
        "mining_session": true,
        "mining_config": {
          "factor_types": [
            "technical",
            "statistical"
          ],
          "optimization": {
            "method": "greedy",
            "max_factors": 15,
            "min_ic": 0.02,
            "min_ir": 0.1
          },
          "evaluation": {
            "min_sample_size": 30,
            "metrics": [
              "ic_pearson",
              "ic_spearman",
              "sharpe_ratio",
              "win_rate",
              "factor_decay"
            ]
          }
        },
        "factor_type": [
          "technical",
          "statistical"
        ],
        "symbols": [],
        "timeframes": []
      },
      "results": {
        "factor_name": "ma_cross_20_50",
        "data_length": 2263,
        "missing_ratio": 0.0,
        "ic_pearson": 0.026498338710035395,
        "ic_spearman": 0.015106393871511274,
        "ic_kendall": 0.01233712679253453,
        "mutual_information": 0.00319732470129541,
        "long_short_return": 0.0,
        "long_return": 0.0007380103226391865,
        "short_return": 0.0007380103226391865,
        "returns_std": 0.03441244380071443,
        "sharpe_ratio": 0.0,
        "group_returns": {
          "0": 0.0007380103226391865
        },
        "skewness": 0.26494926587556544,
        "kurtosis": -1.931509703243368,
        "turnover": 0.038341506910387874,
        "win_rate": 0.5015466195315952,
        "autocorr_lag_1": 0.9613140062545927,
        "autocorr_lag_2": 0.9225933535387172,
        "autocorr_lag_3": 0.8838379465004035,
        "autocorr_lag_4": 0.8468495359911008,
        "autocorr_lag_5": 0.8116305142485929,
        "autocorr_lag_6": 0.7763797753611126,
        "autocorr_lag_7": 0.7410972317382033,
        "autocorr_lag_8": 0.7057827954639412,
        "autocorr_lag_9": 0.6704363782954683,
        "autocorr_lag_10": 0.6350578916613673
      },
      "evaluated_at": "2025-08-18T14:29:26.978098"
    },
    {
      "metadata": {
        "mining_session": true,
        "mining_config": {
          "factor_types": [
            "technical",
            "statistical"
          ],
          "optimization": {
            "method": "greedy",
            "max_factors": 15,
            "min_ic": 0.02,
            "min_ir": 0.1
          },
          "evaluation": {
            "min_sample_size": 30,
            "metrics": [
              "ic_pearson",
              "ic_spearman",
              "sharpe_ratio",
              "win_rate",
              "factor_decay"
            ]
          }
        },
        "factor_type": [
          "technical",
          "statistical"
        ],
        "symbols": [],
        "timeframes": []
      },
      "results": {
        "factor_name": "ma_cross_20_50",
        "data_length": 3429,
        "missing_ratio": 0.0,
        "ic_pearson": 0.02805288010518146,
        "ic_spearman": 0.018136236102855526,
        "ic_kendall": 0.01481134397256705,
        "mutual_information": 0.005152934445113401,
        "long_short_return": 0.0,
        "long_return": 0.000962523787538702,
        "short_return": 0.000962523787538702,
        "returns_std": 0.03766151448939485,
        "sharpe_ratio": 0.0,
        "group_returns": {
          "0": 0.000962523787538702
        },
        "skewness": 0.0029175816667927606,
        "kurtosis": -2.001159025072851,
        "turnover": 0.045761220299207976,
        "win_rate": 0.49402158063575385,
        "autocorr_lag_1": 0.9544923534409521,
        "autocorr_lag_2": 0.9101254053023082,
        "autocorr_lag_3": 0.8657325870511122,
        "autocorr_lag_4": 0.8213138533806895,
        "autocorr_lag_5": 0.7768691588785046,
        "autocorr_lag_6": 0.7335670237113355,
        "autocorr_lag_7": 0.6890706126687416,
        "autocorr_lag_8": 0.645717353975382,
        "autocorr_lag_9": 0.6035082295519724,
        "autocorr_lag_10": 0.562444223620164
      },
      "evaluated_at": "2025-08-18T14:32:24.820679"
    },
    {
      "metadata": {
        "mining_session": true,
        "mining_config": {
          "factor_types": [
            "technical",
            "statistical",
            "ml"
          ],
          "optimization": {
            "method": "greedy",
            "max_factors": 15,
            "min_ic": 0.02,
            "min_ir": 0.1
          },
          "evaluation": {
            "min_sample_size": 30,
            "metrics": [
              "ic_pearson",
              "ic_spearman",
              "sharpe_ratio",
              "win_rate",
              "factor_decay"
            ]
          }
        },
        "factor_type": [
          "technical",
          "statistical",
          "ml"
        ],
        "symbols": [],
        "timeframes": []
      },
      "results": {
        "factor_name": "ma_cross_20_50",
        "data_length": 3429,
        "missing_ratio": 0.0,
        "ic_pearson": 0.02805288010518146,
        "ic_spearman": 0.018136236102855526,
        "ic_kendall": 0.01481134397256705,
        "mutual_information": 0.005152934445113401,
        "long_short_return": 0.0,
        "long_return": 0.000962523787538702,
        "short_return": 0.000962523787538702,
        "returns_std": 0.03766151448939485,
        "sharpe_ratio": 0.0,
        "group_returns": {
          "0": 0.000962523787538702
        },
        "skewness": 0.0029175816667927606,
        "kurtosis": -2.001159025072851,
        "turnover": 0.045761220299207976,
        "win_rate": 0.49402158063575385,
        "autocorr_lag_1": 0.9544923534409521,
        "autocorr_lag_2": 0.9101254053023082,
        "autocorr_lag_3": 0.8657325870511122,
        "autocorr_lag_4": 0.8213138533806895,
        "autocorr_lag_5": 0.7768691588785046,
        "autocorr_lag_6": 0.7335670237113355,
        "autocorr_lag_7": 0.6890706126687416,
        "autocorr_lag_8": 0.645717353975382,
        "autocorr_lag_9": 0.6035082295519724,
        "autocorr_lag_10": 0.562444223620164
      },
      "evaluated_at": "2025-08-18T14:45:33.061490"
    }
  ]
}