{
  "factor_id": "ma_cross_10_50",
  "evaluations": [
    {
      "metadata": {
        "mining_session": true,
        "mining_config": {
          "factor_types": [
            "technical",
            "statistical"
          ],
          "optimization": {
            "method": "greedy",
            "max_factors": 15,
            "min_ic": 0.02,
            "min_ir": 0.1
          },
          "evaluation": {
            "min_sample_size": 30,
            "metrics": [
              "ic_pearson",
              "ic_spearman",
              "sharpe_ratio",
              "win_rate",
              "factor_decay"
            ]
          }
        },
        "factor_type": [
          "technical",
          "statistical"
        ],
        "symbols": [],
        "timeframes": []
      },
      "results": {
        "factor_name": "ma_cross_10_50",
        "data_length": 2263,
        "missing_ratio": 0.0,
        "ic_pearson": 0.04726527890119046,
        "ic_spearman": 0.037865765928541587,
        "ic_kendall": 0.030924306577087578,
        "mutual_information": 0.005370546571822626,
        "long_short_return": 0.0,
        "long_return": 0.0007380103226391865,
        "short_return": 0.0007380103226391865,
        "returns_std": 0.03441244380071443,
        "sharpe_ratio": 0.0,
        "group_returns": {
          "0": 0.0007380103226391865
        },
        "skewness": 0.3087159091709585,
        "kurtosis": -1.9063800950372274,
        "turnover": 0.04012483281319661,
        "win_rate": 0.5041979673000442,
        "autocorr_lag_1": 0.9592650029859049,
        "autocorr_lag_2": 0.9184930249953086,
        "autocorr_lag_3": 0.8776839630749218,
        "autocorr_lag_4": 0.8368377138848965,
        "autocorr_lag_5": 0.7977680057632027,
        "autocorr_lag_6": 0.7604772735091853,
        "autocorr_lag_7": 0.7249679609906774,
        "autocorr_lag_8": 0.6894261454677626,
        "autocorr_lag_9": 0.6556689626933322,
        "autocorr_lag_10": 0.6236988792274574
      },
      "evaluated_at": "2025-08-18T14:29:26.977361"
    },
    {
      "metadata": {
        "mining_session": true,
        "mining_config": {
          "factor_types": [
            "technical",
            "statistical"
          ],
          "optimization": {
            "method": "greedy",
            "max_factors": 15,
            "min_ic": 0.02,
            "min_ir": 0.1
          },
          "evaluation": {
            "min_sample_size": 30,
            "metrics": [
              "ic_pearson",
              "ic_spearman",
              "sharpe_ratio",
              "win_rate",
              "factor_decay"
            ]
          }
        },
        "factor_type": [
          "technical",
          "statistical"
        ],
        "symbols": [],
        "timeframes": []
      },
      "results": {
        "factor_name": "ma_cross_10_50",
        "data_length": 3429,
        "missing_ratio": 0.0,
        "ic_pearson": 0.03569085276504485,
        "ic_spearman": 0.008888420102610034,
        "ic_kendall": 0.007258917824283778,
        "mutual_information": 0.004804830662242481,
        "long_short_return": 0.0,
        "long_return": 0.000962523787538702,
        "short_return": 0.000962523787538702,
        "returns_std": 0.03766151448939485,
        "sharpe_ratio": 0.0,
        "group_returns": {
          "0": 0.000962523787538702
        },
        "skewness": 0.05195040003267292,
        "kurtosis": -1.998467123211986,
        "turnover": 0.0551481372836609,
        "win_rate": 0.4867308253135025,
        "autocorr_lag_1": 0.9451213613728174,
        "autocorr_lag_2": 0.8925481989918844,
        "autocorr_lag_3": 0.8411141270988785,
        "autocorr_lag_4": 0.7908200692631833,
        "autocorr_lag_5": 0.7404980233375883,
        "autocorr_lag_6": 0.6924864475270819,
        "autocorr_lag_7": 0.645617668772047,
        "autocorr_lag_8": 0.6022324283471886,
        "autocorr_lag_9": 0.5588229255774111,
        "autocorr_lag_10": 0.5189007918981928
      },
      "evaluated_at": "2025-08-18T14:32:24.820131"
    },
    {
      "metadata": {
        "mining_session": true,
        "mining_config": {
          "factor_types": [
            "technical",
            "statistical",
            "ml"
          ],
          "optimization": {
            "method": "greedy",
            "max_factors": 15,
            "min_ic": 0.02,
            "min_ir": 0.1
          },
          "evaluation": {
            "min_sample_size": 30,
            "metrics": [
              "ic_pearson",
              "ic_spearman",
              "sharpe_ratio",
              "win_rate",
              "factor_decay"
            ]
          }
        },
        "factor_type": [
          "technical",
          "statistical",
          "ml"
        ],
        "symbols": [],
        "timeframes": []
      },
      "results": {
        "factor_name": "ma_cross_10_50",
        "data_length": 3429,
        "missing_ratio": 0.0,
        "ic_pearson": 0.03569085276504485,
        "ic_spearman": 0.008888420102610034,
        "ic_kendall": 0.007258917824283778,
        "mutual_information": 0.004804830662242481,
        "long_short_return": 0.0,
        "long_return": 0.000962523787538702,
        "short_return": 0.000962523787538702,
        "returns_std": 0.03766151448939485,
        "sharpe_ratio": 0.0,
        "group_returns": {
          "0": 0.000962523787538702
        },
        "skewness": 0.05195040003267292,
        "kurtosis": -1.998467123211986,
        "turnover": 0.0551481372836609,
        "win_rate": 0.4867308253135025,
        "autocorr_lag_1": 0.9451213613728174,
        "autocorr_lag_2": 0.8925481989918844,
        "autocorr_lag_3": 0.8411141270988785,
        "autocorr_lag_4": 0.7908200692631833,
        "autocorr_lag_5": 0.7404980233375883,
        "autocorr_lag_6": 0.6924864475270819,
        "autocorr_lag_7": 0.645617668772047,
        "autocorr_lag_8": 0.6022324283471886,
        "autocorr_lag_9": 0.5588229255774111,
        "autocorr_lag_10": 0.5189007918981928
      },
      "evaluated_at": "2025-08-18T14:45:33.060478"
    }
  ]
}