{
  "factor_id": "ma_distance_10_50",
  "evaluations": [
    {
      "metadata": {
        "mining_session": true,
        "mining_config": {
          "factor_types": [
            "technical",
            "statistical"
          ],
          "optimization": {
            "method": "greedy",
            "max_factors": 15,
            "min_ic": 0.02,
            "min_ir": 0.1
          },
          "evaluation": {
            "min_sample_size": 30,
            "metrics": [
              "ic_pearson",
              "ic_spearman",
              "sharpe_ratio",
              "win_rate",
              "factor_decay"
            ]
          }
        },
        "factor_type": [
          "technical",
          "statistical"
        ],
        "symbols": [],
        "timeframes": []
      },
      "results": {
        "factor_name": "ma_distance_10_50",
        "data_length": 2263,
        "missing_ratio": 0.0,
        "ic_pearson": 0.04772276896371995,
        "ic_spearman": 0.01809450960169814,
        "ic_kendall": 0.011980317960521644,
        "mutual_information": 0.021107874366150508,
        "long_short_return": 0.0027475752579916085,
        "long_return": 0.002967547760657956,
        "short_return": 0.00021997250266634732,
        "returns_std": 0.03441244380071443,
        "sharpe_ratio": 0.07984249168420193,
        "group_returns": {
          "0": 0.00021997250266634732,
          "1": -0.0007390514611142232,
          "2": -0.0013348757443014223,
          "3": 0.0025726720517075274,
          "4": 0.002967547760657956
        },
        "skewness": 1.7104560826915203,
        "kurtosis": 5.231577120962555,
        "turnover": 0.006239100233421265,
        "win_rate": 0.4944763588157313,
        "autocorr_lag_1": 0.9967158208841139,
        "autocorr_lag_2": 0.987697871758399,
        "autocorr_lag_3": 0.9737017148361365,
        "autocorr_lag_4": 0.9553822771911399,
        "autocorr_lag_5": 0.9333667957794883,
        "autocorr_lag_6": 0.9083976682046754,
        "autocorr_lag_7": 0.8812219672204122,
        "autocorr_lag_8": 0.8524922737446188,
        "autocorr_lag_9": 0.8228779555217058,
        "autocorr_lag_10": 0.7931266359426841
      },
      "evaluated_at": "2025-08-18T14:29:26.977693"
    },
    {
      "metadata": {
        "mining_session": true,
        "mining_config": {
          "factor_types": [
            "technical",
            "statistical"
          ],
          "optimization": {
            "method": "greedy",
            "max_factors": 15,
            "min_ic": 0.02,
            "min_ir": 0.1
          },
          "evaluation": {
            "min_sample_size": 30,
            "metrics": [
              "ic_pearson",
              "ic_spearman",
              "sharpe_ratio",
              "win_rate",
              "factor_decay"
            ]
          }
        },
        "factor_type": [
          "technical",
          "statistical"
        ],
        "symbols": [],
        "timeframes": []
      },
      "results": {
        "factor_name": "ma_distance_10_50",
        "data_length": 3429,
        "missing_ratio": 0.0,
        "ic_pearson": 0.04160228535283084,
        "ic_spearman": 0.018490721770760006,
        "ic_kendall": 0.012894461676105192,
        "mutual_information": 0.02567045999632303,
        "long_short_return": 0.004473984078151645,
        "long_return": 0.00477623689761168,
        "short_return": 0.0003022528194600344,
        "returns_std": 0.03766151448939485,
        "sharpe_ratio": 0.11879458749359322,
        "group_returns": {
          "0": 0.0003022528194600344,
          "1": -0.0018004942008897381,
          "2": 4.931344024939329e-05,
          "3": 0.001482647560424563,
          "4": 0.00477623689761168
        },
        "skewness": 2.157426069156301,
        "kurtosis": 12.345402766625627,
        "turnover": 0.006804686075908527,
        "win_rate": 0.48031496062992124,
        "autocorr_lag_1": 0.9959363402749666,
        "autocorr_lag_2": 0.9847423321338634,
        "autocorr_lag_3": 0.967187400654953,
        "autocorr_lag_4": 0.9440355657925035,
        "autocorr_lag_5": 0.9161292444719717,
        "autocorr_lag_6": 0.8841792150072874,
        "autocorr_lag_7": 0.8489331883353126,
        "autocorr_lag_8": 0.811308230387662,
        "autocorr_lag_9": 0.7722532514943343,
        "autocorr_lag_10": 0.7327244712323
      },
      "evaluated_at": "2025-08-18T14:32:24.820396"
    },
    {
      "metadata": {
        "mining_session": true,
        "mining_config": {
          "factor_types": [
            "technical",
            "statistical",
            "ml"
          ],
          "optimization": {
            "method": "greedy",
            "max_factors": 15,
            "min_ic": 0.02,
            "min_ir": 0.1
          },
          "evaluation": {
            "min_sample_size": 30,
            "metrics": [
              "ic_pearson",
              "ic_spearman",
              "sharpe_ratio",
              "win_rate",
              "factor_decay"
            ]
          }
        },
        "factor_type": [
          "technical",
          "statistical",
          "ml"
        ],
        "symbols": [],
        "timeframes": []
      },
      "results": {
        "factor_name": "ma_distance_10_50",
        "data_length": 3429,
        "missing_ratio": 0.0,
        "ic_pearson": 0.04160228535283084,
        "ic_spearman": 0.018490721770760006,
        "ic_kendall": 0.012894461676105192,
        "mutual_information": 0.02567045999632303,
        "long_short_return": 0.004473984078151645,
        "long_return": 0.00477623689761168,
        "short_return": 0.0003022528194600344,
        "returns_std": 0.03766151448939485,
        "sharpe_ratio": 0.11879458749359322,
        "group_returns": {
          "0": 0.0003022528194600344,
          "1": -0.0018004942008897381,
          "2": 4.931344024939329e-05,
          "3": 0.001482647560424563,
          "4": 0.00477623689761168
        },
        "skewness": 2.157426069156301,
        "kurtosis": 12.345402766625627,
        "turnover": 0.006804686075908527,
        "win_rate": 0.48031496062992124,
        "autocorr_lag_1": 0.9959363402749666,
        "autocorr_lag_2": 0.9847423321338634,
        "autocorr_lag_3": 0.967187400654953,
        "autocorr_lag_4": 0.9440355657925035,
        "autocorr_lag_5": 0.9161292444719717,
        "autocorr_lag_6": 0.8841792150072874,
        "autocorr_lag_7": 0.8489331883353126,
        "autocorr_lag_8": 0.811308230387662,
        "autocorr_lag_9": 0.7722532514943343,
        "autocorr_lag_10": 0.7327244712323
      },
      "evaluated_at": "2025-08-18T14:45:33.060965"
    }
  ]
}