{
  "factor_id": "ma_distance_5_50",
  "evaluations": [
    {
      "metadata": {
        "mining_session": true,
        "mining_config": {
          "factor_types": [
            "technical",
            "statistical"
          ],
          "optimization": {
            "method": "greedy",
            "max_factors": 15,
            "min_ic": 0.02,
            "min_ir": 0.1
          },
          "evaluation": {
            "min_sample_size": 30,
            "metrics": [
              "ic_pearson",
              "ic_spearman",
              "sharpe_ratio",
              "win_rate",
              "factor_decay"
            ]
          }
        },
        "factor_type": [
          "technical",
          "statistical"
        ],
        "symbols": [],
        "timeframes": []
      },
      "results": {
        "factor_name": "ma_distance_5_50",
        "data_length": 2263,
        "missing_ratio": 0.0,
        "ic_pearson": 0.0691555365914764,
        "ic_spearman": 0.033904976129360664,
        "ic_kendall": 0.02270936956707454,
        "mutual_information": 0.02544006358034833,
        "long_short_return": 0.00443588808828793,
        "long_return": 0.003713085281201256,
        "short_return": -0.0007228028070866734,
        "returns_std": 0.03441244380071443,
        "sharpe_ratio": 0.12890360574147416,
        "group_returns": {
          "0": -0.0007228028070866734,
          "1": -0.0016946701218668624,
          "2": 0.0008624673022549352,
          "3": 0.001528621821903817,
          "4": 0.003713085281201256
        },
        "skewness": 1.8332068592823099,
        "kurtosis": 5.974500453007362,
        "turnover": 0.009243066266649102,
        "win_rate": 0.4896155545735749,
        "autocorr_lag_1": 0.9938673043629908,
        "autocorr_lag_2": 0.9783325527553869,
        "autocorr_lag_3": 0.9561246799469598,
        "autocorr_lag_4": 0.9294552297665125,
        "autocorr_lag_5": 0.9007849104884987,
        "autocorr_lag_6": 0.8727880288858934,
        "autocorr_lag_7": 0.8453898721979689,
        "autocorr_lag_8": 0.8182767126076053,
        "autocorr_lag_9": 0.7914585756334604,
        "autocorr_lag_10": 0.7648767878573912
      },
      "evaluated_at": "2025-08-18T14:29:26.975913"
    },
    {
      "metadata": {
        "mining_session": true,
        "mining_config": {
          "factor_types": [
            "technical",
            "statistical"
          ],
          "optimization": {
            "method": "greedy",
            "max_factors": 15,
            "min_ic": 0.02,
            "min_ir": 0.1
          },
          "evaluation": {
            "min_sample_size": 30,
            "metrics": [
              "ic_pearson",
              "ic_spearman",
              "sharpe_ratio",
              "win_rate",
              "factor_decay"
            ]
          }
        },
        "factor_type": [
          "technical",
          "statistical"
        ],
        "symbols": [],
        "timeframes": []
      },
      "results": {
        "factor_name": "ma_distance_5_50",
        "data_length": 3429,
        "missing_ratio": 0.0,
        "ic_pearson": 0.07444082183614688,
        "ic_spearman": 0.029457565282151144,
        "ic_kendall": 0.02057549334482885,
        "mutual_information": 0.031484320534382326,
        "long_short_return": 0.008880614952464859,
        "long_return": 0.0068960628683619185,
        "short_return": -0.0019845520841029413,
        "returns_std": 0.03766151448939485,
        "sharpe_ratio": 0.23580079221098665,
        "group_returns": {
          "0": -0.0019845520841029413,
          "1": -0.0007612110479148559,
          "2": 0.001014546279913869,
          "3": -0.00035207540949050024,
          "4": 0.0068960628683619185
        },
        "skewness": 2.4709521501767395,
        "kurtosis": 14.951764353226787,
        "turnover": 0.009980111549331816,
        "win_rate": 0.4779819189268008,
        "autocorr_lag_1": 0.9931966505654073,
        "autocorr_lag_2": 0.9760062950775027,
        "autocorr_lag_3": 0.9507476631428894,
        "autocorr_lag_4": 0.919659609155619,
        "autocorr_lag_5": 0.8850262636603937,
        "autocorr_lag_6": 0.8493192301485789,
        "autocorr_lag_7": 0.8121599598420672,
        "autocorr_lag_8": 0.7739519928618062,
        "autocorr_lag_9": 0.7351263970106419,
        "autocorr_lag_10": 0.696449723953199
      },
      "evaluated_at": "2025-08-18T14:32:24.819122"
    },
    {
      "metadata": {
        "mining_session": true,
        "mining_config": {
          "factor_types": [
            "technical",
            "statistical",
            "ml"
          ],
          "optimization": {
            "method": "greedy",
            "max_factors": 15,
            "min_ic": 0.02,
            "min_ir": 0.1
          },
          "evaluation": {
            "min_sample_size": 30,
            "metrics": [
              "ic_pearson",
              "ic_spearman",
              "sharpe_ratio",
              "win_rate",
              "factor_decay"
            ]
          }
        },
        "factor_type": [
          "technical",
          "statistical",
          "ml"
        ],
        "symbols": [],
        "timeframes": []
      },
      "results": {
        "factor_name": "ma_distance_5_50",
        "data_length": 3429,
        "missing_ratio": 0.0,
        "ic_pearson": 0.07444082183614688,
        "ic_spearman": 0.029457565282151144,
        "ic_kendall": 0.02057549334482885,
        "mutual_information": 0.031484320534382326,
        "long_short_return": 0.008880614952464859,
        "long_return": 0.0068960628683619185,
        "short_return": -0.0019845520841029413,
        "returns_std": 0.03766151448939485,
        "sharpe_ratio": 0.23580079221098665,
        "group_returns": {
          "0": -0.0019845520841029413,
          "1": -0.0007612110479148559,
          "2": 0.001014546279913869,
          "3": -0.00035207540949050024,
          "4": 0.0068960628683619185
        },
        "skewness": 2.4709521501767395,
        "kurtosis": 14.951764353226787,
        "turnover": 0.009980111549331816,
        "win_rate": 0.4779819189268008,
        "autocorr_lag_1": 0.9931966505654073,
        "autocorr_lag_2": 0.9760062950775027,
        "autocorr_lag_3": 0.9507476631428894,
        "autocorr_lag_4": 0.919659609155619,
        "autocorr_lag_5": 0.8850262636603937,
        "autocorr_lag_6": 0.8493192301485789,
        "autocorr_lag_7": 0.8121599598420672,
        "autocorr_lag_8": 0.7739519928618062,
        "autocorr_lag_9": 0.7351263970106419,
        "autocorr_lag_10": 0.696449723953199
      },
      "evaluated_at": "2025-08-18T14:45:33.059155"
    }
  ]
}