{
  "factor_id": "ma_distance_5_10",
  "evaluations": [
    {
      "metadata": {
        "mining_session": true,
        "mining_config": {
          "factor_types": [
            "technical",
            "statistical"
          ],
          "optimization": {
            "method": "greedy",
            "max_factors": 15,
            "min_ic": 0.02,
            "min_ir": 0.1
          },
          "evaluation": {
            "min_sample_size": 30,
            "metrics": [
              "ic_pearson",
              "ic_spearman",
              "sharpe_ratio",
              "win_rate",
              "factor_decay"
            ]
          }
        },
        "factor_type": [
          "technical",
          "statistical"
        ],
        "symbols": [],
        "timeframes": []
      },
      "results": {
        "factor_name": "ma_distance_5_10",
        "data_length": 2263,
        "missing_ratio": 0.0,
        "ic_pearson": 0.11796154633788658,
        "ic_spearman": 0.08612556809750464,
        "ic_kendall": 0.05897753758079423,
        "mutual_information": 0.03276383643477211,
        "long_short_return": 0.012475332939247123,
        "long_return": 0.009193072541327793,
        "short_return": -0.0032822603979193307,
        "returns_std": 0.03441244380071443,
        "sharpe_ratio": 0.3625238884948974,
        "group_returns": {
          "0": -0.0032822603979193307,
          "1": -0.002098479965787173,
          "2": -0.0009286605334219245,
          "3": 0.0007965684833812347,
          "4": 0.009193072541327793
        },
        "skewness": 0.8900369216969842,
        "kurtosis": 4.923345325314182,
        "turnover": 0.006963621121778797,
        "win_rate": 0.47989394608926206,
        "autocorr_lag_1": 0.9401507531227505,
        "autocorr_lag_2": 0.8018126267811053,
        "autocorr_lag_3": 0.6216668268715507,
        "autocorr_lag_4": 0.42797510852575354,
        "autocorr_lag_5": 0.2546641746582807,
        "autocorr_lag_6": 0.14002977832542396,
        "autocorr_lag_7": 0.06868955593999031,
        "autocorr_lag_8": 0.02525706868078015,
        "autocorr_lag_9": 0.002500616700426777,
        "autocorr_lag_10": -0.009756958751209261
      },
      "evaluated_at": "2025-08-18T14:29:26.972017"
    },
    {
      "metadata": {
        "mining_session": true,
        "mining_config": {
          "factor_types": [
            "technical",
            "statistical"
          ],
          "optimization": {
            "method": "greedy",
            "max_factors": 15,
            "min_ic": 0.02,
            "min_ir": 0.1
          },
          "evaluation": {
            "min_sample_size": 30,
            "metrics": [
              "ic_pearson",
              "ic_spearman",
              "sharpe_ratio",
              "win_rate",
              "factor_decay"
            ]
          }
        },
        "factor_type": [
          "technical",
          "statistical"
        ],
        "symbols": [],
        "timeframes": []
      },
      "results": {
        "factor_name": "ma_distance_5_10",
        "data_length": 3429,
        "missing_ratio": 0.0,
        "ic_pearson": 0.1419276714365279,
        "ic_spearman": 0.06817088878456448,
        "ic_kendall": 0.04605334183011523,
        "mutual_information": 0.02829080051994968,
        "long_short_return": 0.012268076874739221,
        "long_return": 0.007825487139533686,
        "short_return": -0.0044425897352055365,
        "returns_std": 0.03766151448939485,
        "sharpe_ratio": 0.3257457125945852,
        "group_returns": {
          "0": -0.0044425897352055365,
          "1": -0.0014919017374751054,
          "2": -0.00015262557074980702,
          "3": 0.003070997677280396,
          "4": 0.007825487139533686
        },
        "skewness": 0.9824062461922299,
        "kurtosis": 10.338356612773849,
        "turnover": 0.007043060439813184,
        "win_rate": 0.47389909594634005,
        "autocorr_lag_1": 0.9458044000302493,
        "autocorr_lag_2": 0.8204601959545921,
        "autocorr_lag_3": 0.6527291723697171,
        "autocorr_lag_4": 0.4746158713383428,
        "autocorr_lag_5": 0.3141843342391841,
        "autocorr_lag_6": 0.2028501328611299,
        "autocorr_lag_7": 0.1244641950053507,
        "autocorr_lag_8": 0.07203308351529432,
        "autocorr_lag_9": 0.03488389656821063,
        "autocorr_lag_10": 0.00812176162898156
      },
      "evaluated_at": "2025-08-18T14:32:24.817319"
    },
    {
      "metadata": {
        "mining_session": true,
        "mining_config": {
          "factor_types": [
            "technical",
            "statistical",
            "ml"
          ],
          "optimization": {
            "method": "greedy",
            "max_factors": 15,
            "min_ic": 0.02,
            "min_ir": 0.1
          },
          "evaluation": {
            "min_sample_size": 30,
            "metrics": [
              "ic_pearson",
              "ic_spearman",
              "sharpe_ratio",
              "win_rate",
              "factor_decay"
            ]
          }
        },
        "factor_type": [
          "technical",
          "statistical",
          "ml"
        ],
        "symbols": [],
        "timeframes": []
      },
      "results": {
        "factor_name": "ma_distance_5_10",
        "data_length": 3429,
        "missing_ratio": 0.0,
        "ic_pearson": 0.1419276714365279,
        "ic_spearman": 0.06817088878456448,
        "ic_kendall": 0.04605334183011523,
        "mutual_information": 0.02829080051994968,
        "long_short_return": 0.012268076874739221,
        "long_return": 0.007825487139533686,
        "short_return": -0.0044425897352055365,
        "returns_std": 0.03766151448939485,
        "sharpe_ratio": 0.3257457125945852,
        "group_returns": {
          "0": -0.0044425897352055365,
          "1": -0.0014919017374751054,
          "2": -0.00015262557074980702,
          "3": 0.003070997677280396,
          "4": 0.007825487139533686
        },
        "skewness": 0.9824062461922299,
        "kurtosis": 10.338356612773849,
        "turnover": 0.007043060439813184,
        "win_rate": 0.47389909594634005,
        "autocorr_lag_1": 0.9458044000302493,
        "autocorr_lag_2": 0.8204601959545921,
        "autocorr_lag_3": 0.6527291723697171,
        "autocorr_lag_4": 0.4746158713383428,
        "autocorr_lag_5": 0.3141843342391841,
        "autocorr_lag_6": 0.2028501328611299,
        "autocorr_lag_7": 0.1244641950053507,
        "autocorr_lag_8": 0.07203308351529432,
        "autocorr_lag_9": 0.03488389656821063,
        "autocorr_lag_10": 0.00812176162898156
      },
      "evaluated_at": "2025-08-18T14:45:33.057385"
    }
  ]
}