{
  "factor_id": "macd_signal",
  "evaluations": [
    {
      "metadata": {
        "mining_session": true,
        "mining_config": {
          "factor_types": [
            "technical",
            "statistical"
          ],
          "optimization": {
            "method": "greedy",
            "max_factors": 15,
            "min_ic": 0.02,
            "min_ir": 0.1
          },
          "evaluation": {
            "min_sample_size": 30,
            "metrics": [
              "ic_pearson",
              "ic_spearman",
              "sharpe_ratio",
              "win_rate",
              "factor_decay"
            ]
          }
        },
        "factor_type": [
          "technical",
          "statistical"
        ],
        "symbols": [],
        "timeframes": []
      },
      "results": {
        "factor_name": "macd_signal",
        "data_length": 2263,
        "missing_ratio": 0.0,
        "ic_pearson": 0.018615791853655934,
        "ic_spearman": 0.012058313892131214,
        "ic_kendall": 0.00814689204341837,
        "mutual_information": 0.02120106639449454,
        "long_short_return": 2.7368730689726443e-05,
        "long_return": 0.002295682405219015,
        "short_return": 0.0022683136745292884,
        "returns_std": 0.03441244380071443,
        "sharpe_ratio": 0.000795314940380905,
        "group_returns": {
          "0": 0.0022683136745292884,
          "1": -0.0026354160993341848,
          "2": -9.804713274784598e-05,
          "3": 0.0018526869614710984,
          "4": 0.002295682405219015
        },
        "skewness": 1.9059547268151775,
        "kurtosis": 7.719249076500812,
        "turnover": 0.0009810819809527476,
        "win_rate": 0.4913831197525409,
        "autocorr_lag_1": 0.9971092948271413,
        "autocorr_lag_2": 0.9886927868836479,
        "autocorr_lag_3": 0.9752529328890939,
        "autocorr_lag_4": 0.9574206475423903,
        "autocorr_lag_5": 0.9359003093391141,
        "autocorr_lag_6": 0.9114153248378626,
        "autocorr_lag_7": 0.8846764734239944,
        "autocorr_lag_8": 0.8563384022546845,
        "autocorr_lag_9": 0.827000316585997,
        "autocorr_lag_10": 0.7971935213576267
      },
      "evaluated_at": "2025-08-18T14:29:26.989575"
    },
    {
      "metadata": {
        "mining_session": true,
        "mining_config": {
          "factor_types": [
            "technical",
            "statistical"
          ],
          "optimization": {
            "method": "greedy",
            "max_factors": 15,
            "min_ic": 0.02,
            "min_ir": 0.1
          },
          "evaluation": {
            "min_sample_size": 30,
            "metrics": [
              "ic_pearson",
              "ic_spearman",
              "sharpe_ratio",
              "win_rate",
              "factor_decay"
            ]
          }
        },
        "factor_type": [
          "technical",
          "statistical"
        ],
        "symbols": [],
        "timeframes": []
      },
      "results": {
        "factor_name": "macd_signal",
        "data_length": 3429,
        "missing_ratio": 0.0,
        "ic_pearson": 0.01634275057925477,
        "ic_spearman": 0.016100992929447035,
        "ic_kendall": 0.010974549761507387,
        "mutual_information": 0.025296171077695967,
        "long_short_return": 0.0034572916628411057,
        "long_return": 0.0036571152126442827,
        "short_return": 0.00019982354980317693,
        "returns_std": 0.03766151448939485,
        "sharpe_ratio": 0.09179906091707088,
        "group_returns": {
          "0": 0.00019982354980317693,
          "1": -0.001420536601724536,
          "2": 0.0009630913654512075,
          "3": 0.0014131270662654798,
          "4": 0.0036571152126442827
        },
        "skewness": 0.6625700195304588,
        "kurtosis": 8.240116635261463,
        "turnover": 7.358805473970089e-05,
        "win_rate": 0.48614756488772237,
        "autocorr_lag_1": 0.9968655199867348,
        "autocorr_lag_2": 0.9877238149104681,
        "autocorr_lag_3": 0.9730338353904014,
        "autocorr_lag_4": 0.9534125206448939,
        "autocorr_lag_5": 0.9295532333755467,
        "autocorr_lag_6": 0.9021750798322298,
        "autocorr_lag_7": 0.8720082950095271,
        "autocorr_lag_8": 0.8397649255716864,
        "autocorr_lag_9": 0.8060971760307007,
        "autocorr_lag_10": 0.7715833055291018
      },
      "evaluated_at": "2025-08-18T14:32:24.829531"
    },
    {
      "metadata": {
        "mining_session": true,
        "mining_config": {
          "factor_types": [
            "technical",
            "statistical",
            "ml"
          ],
          "optimization": {
            "method": "greedy",
            "max_factors": 15,
            "min_ic": 0.02,
            "min_ir": 0.1
          },
          "evaluation": {
            "min_sample_size": 30,
            "metrics": [
              "ic_pearson",
              "ic_spearman",
              "sharpe_ratio",
              "win_rate",
              "factor_decay"
            ]
          }
        },
        "factor_type": [
          "technical",
          "statistical",
          "ml"
        ],
        "symbols": [],
        "timeframes": []
      },
      "results": {
        "factor_name": "macd_signal",
        "data_length": 3429,
        "missing_ratio": 0.0,
        "ic_pearson": 0.01634275057925477,
        "ic_spearman": 0.016100992929447035,
        "ic_kendall": 0.010974549761507387,
        "mutual_information": 0.025296171077695967,
        "long_short_return": 0.0034572916628411057,
        "long_return": 0.0036571152126442827,
        "short_return": 0.00019982354980317693,
        "returns_std": 0.03766151448939485,
        "sharpe_ratio": 0.09179906091707088,
        "group_returns": {
          "0": 0.00019982354980317693,
          "1": -0.001420536601724536,
          "2": 0.0009630913654512075,
          "3": 0.0014131270662654798,
          "4": 0.0036571152126442827
        },
        "skewness": 0.6625700195304588,
        "kurtosis": 8.240116635261463,
        "turnover": 7.358805473970089e-05,
        "win_rate": 0.48614756488772237,
        "autocorr_lag_1": 0.9968655199867348,
        "autocorr_lag_2": 0.9877238149104681,
        "autocorr_lag_3": 0.9730338353904014,
        "autocorr_lag_4": 0.9534125206448939,
        "autocorr_lag_5": 0.9295532333755467,
        "autocorr_lag_6": 0.9021750798322298,
        "autocorr_lag_7": 0.8720082950095271,
        "autocorr_lag_8": 0.8397649255716864,
        "autocorr_lag_9": 0.8060971760307007,
        "autocorr_lag_10": 0.7715833055291018
      },
      "evaluated_at": "2025-08-18T14:45:33.075790"
    }
  ]
}