{
  "factor_id": "macd_cross",
  "evaluations": [
    {
      "metadata": {
        "mining_session": true,
        "mining_config": {
          "factor_types": [
            "technical",
            "statistical"
          ],
          "optimization": {
            "method": "greedy",
            "max_factors": 15,
            "min_ic": 0.02,
            "min_ir": 0.1
          },
          "evaluation": {
            "min_sample_size": 30,
            "metrics": [
              "ic_pearson",
              "ic_spearman",
              "sharpe_ratio",
              "win_rate",
              "factor_decay"
            ]
          }
        },
        "factor_type": [
          "technical",
          "statistical"
        ],
        "symbols": [],
        "timeframes": []
      },
      "results": {
        "factor_name": "macd_cross",
        "data_length": 2263,
        "missing_ratio": 0.0,
        "ic_pearson": 0.1287882080622907,
        "ic_spearman": 0.1214329628111354,
        "ic_kendall": 0.0991721698597702,
        "mutual_information": 0.004857379531810744,
        "long_short_return": 0.0,
        "long_return": 0.0007380103226391865,
        "short_return": 0.0007380103226391865,
        "returns_std": 0.03441244380071443,
        "sharpe_ratio": 0.0,
        "group_returns": {
          "0": 0.0007380103226391865
        },
        "skewness": -0.0026531090007553913,
        "kurtosis": -2.001762866290615,
        "turnover": 0.15131520285332142,
        "win_rate": 0.4821034025629695,
        "autocorr_lag_1": 0.8496900693190915,
        "autocorr_lag_2": 0.7240145724962896,
        "autocorr_lag_3": 0.6141565724873995,
        "autocorr_lag_4": 0.5148249119347147,
        "autocorr_lag_5": 0.4207190350102976,
        "autocorr_lag_6": 0.33893499134662747,
        "autocorr_lag_7": 0.27126227739183606,
        "autocorr_lag_8": 0.2070764757800735,
        "autocorr_lag_9": 0.1410581744801346,
        "autocorr_lag_10": 0.08740858655907215
      },
      "evaluated_at": "2025-08-18T14:29:26.990098"
    },
    {
      "metadata": {
        "mining_session": true,
        "mining_config": {
          "factor_types": [
            "technical",
            "statistical"
          ],
          "optimization": {
            "method": "greedy",
            "max_factors": 15,
            "min_ic": 0.02,
            "min_ir": 0.1
          },
          "evaluation": {
            "min_sample_size": 30,
            "metrics": [
              "ic_pearson",
              "ic_spearman",
              "sharpe_ratio",
              "win_rate",
              "factor_decay"
            ]
          }
        },
        "factor_type": [
          "technical",
          "statistical"
        ],
        "symbols": [],
        "timeframes": []
      },
      "results": {
        "factor_name": "macd_cross",
        "data_length": 3429,
        "missing_ratio": 0.0,
        "ic_pearson": 0.12520198677825412,
        "ic_spearman": 0.10617834096580268,
        "ic_kendall": 0.0867128064258824,
        "mutual_information": 0.005085584408767501,
        "long_short_return": 0.0,
        "long_return": 0.000962523787538702,
        "short_return": 0.000962523787538702,
        "returns_std": 0.03766151448939485,
        "sharpe_ratio": 0.0,
        "group_returns": {
          "0": 0.000962523787538702
        },
        "skewness": -0.09170814367920137,
        "kurtosis": -1.9927522503987387,
        "turnover": 0.14986799647990615,
        "win_rate": 0.48323126275882183,
        "autocorr_lag_1": 0.8503238042608783,
        "autocorr_lag_2": 0.720437018433577,
        "autocorr_lag_3": 0.6033380134830699,
        "autocorr_lag_4": 0.4990390188423391,
        "autocorr_lag_5": 0.4098939844746742,
        "autocorr_lag_6": 0.3359174567763535,
        "autocorr_lag_7": 0.2665796356268525,
        "autocorr_lag_8": 0.20305693311828205,
        "autocorr_lag_9": 0.15356139819848497,
        "autocorr_lag_10": 0.10051560359440721
      },
      "evaluated_at": "2025-08-18T14:32:24.830210"
    },
    {
      "metadata": {
        "mining_session": true,
        "mining_config": {
          "factor_types": [
            "technical",
            "statistical",
            "ml"
          ],
          "optimization": {
            "method": "greedy",
            "max_factors": 15,
            "min_ic": 0.02,
            "min_ir": 0.1
          },
          "evaluation": {
            "min_sample_size": 30,
            "metrics": [
              "ic_pearson",
              "ic_spearman",
              "sharpe_ratio",
              "win_rate",
              "factor_decay"
            ]
          }
        },
        "factor_type": [
          "technical",
          "statistical",
          "ml"
        ],
        "symbols": [],
        "timeframes": []
      },
      "results": {
        "factor_name": "macd_cross",
        "data_length": 3429,
        "missing_ratio": 0.0,
        "ic_pearson": 0.12520198677825412,
        "ic_spearman": 0.10617834096580268,
        "ic_kendall": 0.0867128064258824,
        "mutual_information": 0.005085584408767501,
        "long_short_return": 0.0,
        "long_return": 0.000962523787538702,
        "short_return": 0.000962523787538702,
        "returns_std": 0.03766151448939485,
        "sharpe_ratio": 0.0,
        "group_returns": {
          "0": 0.000962523787538702
        },
        "skewness": -0.09170814367920137,
        "kurtosis": -1.9927522503987387,
        "turnover": 0.14986799647990615,
        "win_rate": 0.48323126275882183,
        "autocorr_lag_1": 0.8503238042608783,
        "autocorr_lag_2": 0.720437018433577,
        "autocorr_lag_3": 0.6033380134830699,
        "autocorr_lag_4": 0.4990390188423391,
        "autocorr_lag_5": 0.4098939844746742,
        "autocorr_lag_6": 0.3359174567763535,
        "autocorr_lag_7": 0.2665796356268525,
        "autocorr_lag_8": 0.20305693311828205,
        "autocorr_lag_9": 0.15356139819848497,
        "autocorr_lag_10": 0.10051560359440721
      },
      "evaluated_at": "2025-08-18T14:45:33.076583"
    }
  ]
}