{
  "factor_id": "macd",
  "evaluations": [
    {
      "metadata": {
        "mining_session": true,
        "mining_config": {
          "factor_types": [
            "technical",
            "statistical"
          ],
          "optimization": {
            "method": "greedy",
            "max_factors": 15,
            "min_ic": 0.02,
            "min_ir": 0.1
          },
          "evaluation": {
            "min_sample_size": 30,
            "metrics": [
              "ic_pearson",
              "ic_spearman",
              "sharpe_ratio",
              "win_rate",
              "factor_decay"
            ]
          }
        },
        "factor_type": [
          "technical",
          "statistical"
        ],
        "symbols": [],
        "timeframes": []
      },
      "results": {
        "factor_name": "macd",
        "data_length": 2263,
        "missing_ratio": 0.0,
        "ic_pearson": 0.06695451552353279,
        "ic_spearman": 0.0473067742688735,
        "ic_kendall": 0.03292210203307743,
        "mutual_information": 0.026596784380291373,
        "long_short_return": 0.005359675376553483,
        "long_return": 0.003412739014805991,
        "short_return": -0.0019469363617474922,
        "returns_std": 0.03441244380071443,
        "sharpe_ratio": 0.15574817666515772,
        "group_returns": {
          "0": -0.0019469363617474922,
          "1": -0.001596311755894274,
          "2": -0.00021563954625498154,
          "3": 0.004036222868464167,
          "4": 0.003412739014805991
        },
        "skewness": 1.7656692673975733,
        "kurtosis": 7.195728145265061,
        "turnover": 0.0014315635602047282,
        "win_rate": 0.4891736632788334,
        "autocorr_lag_1": 0.993162159508525,
        "autocorr_lag_2": 0.9767161938414901,
        "autocorr_lag_3": 0.9533992304831962,
        "autocorr_lag_4": 0.9247894999469118,
        "autocorr_lag_5": 0.8924112195064785,
        "autocorr_lag_6": 0.8577420651236786,
        "autocorr_lag_7": 0.8220749813817664,
        "autocorr_lag_8": 0.7859320851538792,
        "autocorr_lag_9": 0.7500489147213503,
        "autocorr_lag_10": 0.7151594401292946
      },
      "evaluated_at": "2025-08-18T14:29:26.989270"
    },
    {
      "metadata": {
        "mining_session": true,
        "mining_config": {
          "factor_types": [
            "technical",
            "statistical"
          ],
          "optimization": {
            "method": "greedy",
            "max_factors": 15,
            "min_ic": 0.02,
            "min_ir": 0.1
          },
          "evaluation": {
            "min_sample_size": 30,
            "metrics": [
              "ic_pearson",
              "ic_spearman",
              "sharpe_ratio",
              "win_rate",
              "factor_decay"
            ]
          }
        },
        "factor_type": [
          "technical",
          "statistical"
        ],
        "symbols": [],
        "timeframes": []
      },
      "results": {
        "factor_name": "macd",
        "data_length": 3429,
        "missing_ratio": 0.0,
        "ic_pearson": 0.06479611906954696,
        "ic_spearman": 0.04663861260115711,
        "ic_kendall": 0.03216434958932212,
        "mutual_information": 0.024300296067821428,
        "long_short_return": 0.009141142962437352,
        "long_return": 0.006390434742907423,
        "short_return": -0.0027507082195299287,
        "returns_std": 0.03766151448939485,
        "sharpe_ratio": 0.24271841125803414,
        "group_returns": {
          "0": -0.0027507082195299287,
          "1": 0.0001626835587811673,
          "2": -0.0005400690616846531,
          "3": 0.0015458971800497551,
          "4": 0.006390434742907423
        },
        "skewness": 0.6608378841108744,
        "kurtosis": 9.532998372368038,
        "turnover": 0.00010848466353021065,
        "win_rate": 0.47973170020414113,
        "autocorr_lag_1": 0.9936047729291333,
        "autocorr_lag_2": 0.9773793218602947,
        "autocorr_lag_3": 0.9534692509334838,
        "autocorr_lag_4": 0.9237157963758741,
        "autocorr_lag_5": 0.8898357307563475,
        "autocorr_lag_6": 0.8526199532983175,
        "autocorr_lag_7": 0.8132324110371687,
        "autocorr_lag_8": 0.7729413860152488,
        "autocorr_lag_9": 0.7325216018102586,
        "autocorr_lag_10": 0.6928720648948912
      },
      "evaluated_at": "2025-08-18T14:32:24.829143"
    },
    {
      "metadata": {
        "mining_session": true,
        "mining_config": {
          "factor_types": [
            "technical",
            "statistical",
            "ml"
          ],
          "optimization": {
            "method": "greedy",
            "max_factors": 15,
            "min_ic": 0.02,
            "min_ir": 0.1
          },
          "evaluation": {
            "min_sample_size": 30,
            "metrics": [
              "ic_pearson",
              "ic_spearman",
              "sharpe_ratio",
              "win_rate",
              "factor_decay"
            ]
          }
        },
        "factor_type": [
          "technical",
          "statistical",
          "ml"
        ],
        "symbols": [],
        "timeframes": []
      },
      "results": {
        "factor_name": "macd",
        "data_length": 3429,
        "missing_ratio": 0.0,
        "ic_pearson": 0.06479611906954696,
        "ic_spearman": 0.04663861260115711,
        "ic_kendall": 0.03216434958932212,
        "mutual_information": 0.024300296067821428,
        "long_short_return": 0.009141142962437352,
        "long_return": 0.006390434742907423,
        "short_return": -0.0027507082195299287,
        "returns_std": 0.03766151448939485,
        "sharpe_ratio": 0.24271841125803414,
        "group_returns": {
          "0": -0.0027507082195299287,
          "1": 0.0001626835587811673,
          "2": -0.0005400690616846531,
          "3": 0.0015458971800497551,
          "4": 0.006390434742907423
        },
        "skewness": 0.6608378841108744,
        "kurtosis": 9.532998372368038,
        "turnover": 0.00010848466353021065,
        "win_rate": 0.47973170020414113,
        "autocorr_lag_1": 0.9936047729291333,
        "autocorr_lag_2": 0.9773793218602947,
        "autocorr_lag_3": 0.9534692509334838,
        "autocorr_lag_4": 0.9237157963758741,
        "autocorr_lag_5": 0.8898357307563475,
        "autocorr_lag_6": 0.8526199532983175,
        "autocorr_lag_7": 0.8132324110371687,
        "autocorr_lag_8": 0.7729413860152488,
        "autocorr_lag_9": 0.7325216018102586,
        "autocorr_lag_10": 0.6928720648948912
      },
      "evaluated_at": "2025-08-18T14:45:33.075352"
    }
  ]
}