{
  "factor_id": "macd_diff",
  "evaluations": [
    {
      "metadata": {
        "mining_session": true,
        "mining_config": {
          "factor_types": [
            "technical",
            "statistical"
          ],
          "optimization": {
            "method": "greedy",
            "max_factors": 15,
            "min_ic": 0.02,
            "min_ir": 0.1
          },
          "evaluation": {
            "min_sample_size": 30,
            "metrics": [
              "ic_pearson",
              "ic_spearman",
              "sharpe_ratio",
              "win_rate",
              "factor_decay"
            ]
          }
        },
        "factor_type": [
          "technical",
          "statistical"
        ],
        "symbols": [],
        "timeframes": []
      },
      "results": {
        "factor_name": "macd_diff",
        "data_length": 2263,
        "missing_ratio": 0.0,
        "ic_pearson": 0.17152493003275532,
        "ic_spearman": 0.13813324066108315,
        "ic_kendall": 0.09688000396214208,
        "mutual_information": 0.040734115060260555,
        "long_short_return": 0.01858668602498534,
        "long_return": 0.011032892819353613,
        "short_return": -0.007553793205631725,
        "returns_std": 0.03441244380071443,
        "sharpe_ratio": 0.540115259835149,
        "group_returns": {
          "0": -0.007553793205631725,
          "1": -0.0019585302685133843,
          "2": 0.0010274150626623717,
          "3": 0.0011376356146869072,
          "4": 0.011032892819353613
        },
        "skewness": 0.38889857528047034,
        "kurtosis": 6.859466642340774,
        "turnover": 0.0010042865603170827,
        "win_rate": 0.4759169244365886,
        "autocorr_lag_1": 0.9591541702615616,
        "autocorr_lag_2": 0.873375816352231,
        "autocorr_lag_3": 0.7646848004128608,
        "autocorr_lag_4": 0.6427859003180404,
        "autocorr_lag_5": 0.5162048972024521,
        "autocorr_lag_6": 0.3931361354120148,
        "autocorr_lag_7": 0.28000385987264326,
        "autocorr_lag_8": 0.1761845278137113,
        "autocorr_lag_9": 0.08369453226526467,
        "autocorr_lag_10": 0.005060259478945006
      },
      "evaluated_at": "2025-08-18T14:29:26.989899"
    },
    {
      "metadata": {
        "mining_session": true,
        "mining_config": {
          "factor_types": [
            "technical",
            "statistical"
          ],
          "optimization": {
            "method": "greedy",
            "max_factors": 15,
            "min_ic": 0.02,
            "min_ir": 0.1
          },
          "evaluation": {
            "min_sample_size": 30,
            "metrics": [
              "ic_pearson",
              "ic_spearman",
              "sharpe_ratio",
              "win_rate",
              "factor_decay"
            ]
          }
        },
        "factor_type": [
          "technical",
          "statistical"
        ],
        "symbols": [],
        "timeframes": []
      },
      "results": {
        "factor_name": "macd_diff",
        "data_length": 3429,
        "missing_ratio": 0.0,
        "ic_pearson": 0.16638922493337696,
        "ic_spearman": 0.12972081915775882,
        "ic_kendall": 0.08953649829316693,
        "mutual_information": 0.024255849192741333,
        "long_short_return": 0.01797504270367751,
        "long_return": 0.011504126124800913,
        "short_return": -0.006470916578876595,
        "returns_std": 0.03766151448939485,
        "sharpe_ratio": 0.4772788069566114,
        "group_returns": {
          "0": -0.006470916578876595,
          "1": -0.002538952930396903,
          "2": -0.0007671716107943104,
          "3": 0.0030804910892334885,
          "4": 0.011504126124800913
        },
        "skewness": -0.36225988990239766,
        "kurtosis": 11.319615963877323,
        "turnover": 7.202863801106803e-05,
        "win_rate": 0.4782735491396909,
        "autocorr_lag_1": 0.9672942871089306,
        "autocorr_lag_2": 0.8939611218193967,
        "autocorr_lag_3": 0.7958461127584854,
        "autocorr_lag_4": 0.6845571900335523,
        "autocorr_lag_5": 0.5702208894624219,
        "autocorr_lag_6": 0.4541867347635102,
        "autocorr_lag_7": 0.34114017829350723,
        "autocorr_lag_8": 0.23680041542418148,
        "autocorr_lag_9": 0.14267356011152593,
        "autocorr_lag_10": 0.06225372873766551
      },
      "evaluated_at": "2025-08-18T14:32:24.829871"
    },
    {
      "metadata": {
        "mining_session": true,
        "mining_config": {
          "factor_types": [
            "technical",
            "statistical",
            "ml"
          ],
          "optimization": {
            "method": "greedy",
            "max_factors": 15,
            "min_ic": 0.02,
            "min_ir": 0.1
          },
          "evaluation": {
            "min_sample_size": 30,
            "metrics": [
              "ic_pearson",
              "ic_spearman",
              "sharpe_ratio",
              "win_rate",
              "factor_decay"
            ]
          }
        },
        "factor_type": [
          "technical",
          "statistical",
          "ml"
        ],
        "symbols": [],
        "timeframes": []
      },
      "results": {
        "factor_name": "macd_diff",
        "data_length": 3429,
        "missing_ratio": 0.0,
        "ic_pearson": 0.16638922493337696,
        "ic_spearman": 0.12972081915775882,
        "ic_kendall": 0.08953649829316693,
        "mutual_information": 0.024255849192741333,
        "long_short_return": 0.01797504270367751,
        "long_return": 0.011504126124800913,
        "short_return": -0.006470916578876595,
        "returns_std": 0.03766151448939485,
        "sharpe_ratio": 0.4772788069566114,
        "group_returns": {
          "0": -0.006470916578876595,
          "1": -0.002538952930396903,
          "2": -0.0007671716107943104,
          "3": 0.0030804910892334885,
          "4": 0.011504126124800913
        },
        "skewness": -0.36225988990239766,
        "kurtosis": 11.319615963877323,
        "turnover": 7.202863801106803e-05,
        "win_rate": 0.4782735491396909,
        "autocorr_lag_1": 0.9672942871089306,
        "autocorr_lag_2": 0.8939611218193967,
        "autocorr_lag_3": 0.7958461127584854,
        "autocorr_lag_4": 0.6845571900335523,
        "autocorr_lag_5": 0.5702208894624219,
        "autocorr_lag_6": 0.4541867347635102,
        "autocorr_lag_7": 0.34114017829350723,
        "autocorr_lag_8": 0.23680041542418148,
        "autocorr_lag_9": 0.14267356011152593,
        "autocorr_lag_10": 0.06225372873766551
      },
      "evaluated_at": "2025-08-18T14:45:33.076180"
    }
  ]
}