{
  "factor_id": "ml_pca_component_2",
  "evaluations": [
    {
      "metadata": {
        "mining_session": true,
        "mining_config": {
          "factor_types": [
            "ml"
          ],
          "optimization": {
            "method": "greedy",
            "max_factors": 15,
            "min_ic": 0.02,
            "min_ir": 0.1
          },
          "evaluation": {
            "min_sample_size": 30,
            "metrics": [
              "ic_pearson",
              "ic_spearman",
              "sharpe_ratio",
              "win_rate",
              "factor_decay"
            ]
          }
        },
        "factor_type": [
          "ml"
        ],
        "symbols": [],
        "timeframes": []
      },
      "results": {
        "factor_name": "ml_pca_component_2",
        "data_length": 3429,
        "missing_ratio": 0.0,
        "ic_pearson": 0.6138919902087739,
        "ic_spearman": 0.5373142692084683,
        "ic_kendall": 0.39206398011754734,
        "mutual_information": 0.1354095036708284,
        "long_short_return": 0.05260042985794662,
        "long_return": 0.030981190459555778,
        "short_return": -0.021619239398390847,
        "returns_std": 0.03766151448939485,
        "sharpe_ratio": 1.3966626295062678,
        "group_returns": {
          "0": -0.021619239398390847,
          "1": -0.007087260703084835,
          "2": -0.001300440022709215,
          "3": 0.0038233354415341883,
          "4": 0.030981190459555778
        },
        "skewness": 0.4285176725670006,
        "kurtosis": 3.3614912026054515,
        "turnover": 0.84627082854058,
        "win_rate": 0.47973170020414113,
        "autocorr_lag_1": 0.6982837070404101,
        "autocorr_lag_2": 0.5597330049506183,
        "autocorr_lag_3": 0.5254172445890815,
        "autocorr_lag_4": 0.46927414346355445,
        "autocorr_lag_5": 0.40241742378085454,
        "autocorr_lag_6": 0.4243414135736655,
        "autocorr_lag_7": 0.37966854062071936,
        "autocorr_lag_8": 0.37761104149636066,
        "autocorr_lag_9": 0.34569189050216387,
        "autocorr_lag_10": 0.3344053009847715
      },
      "evaluated_at": "2025-08-15T01:48:20.424408"
    }
  ]
}