{
  "factor_id": "ml_selected_feature_3",
  "evaluations": [
    {
      "metadata": {
        "mining_session": true,
        "mining_config": {
          "factor_types": [
            "ml"
          ],
          "optimization": {
            "method": "greedy",
            "max_factors": 15,
            "min_ic": 0.02,
            "min_ir": 0.1
          },
          "evaluation": {
            "min_sample_size": 30,
            "metrics": [
              "ic_pearson",
              "ic_spearman",
              "sharpe_ratio",
              "win_rate",
              "factor_decay"
            ]
          }
        },
        "factor_type": [
          "ml"
        ],
        "symbols": [],
        "timeframes": []
      },
      "results": {
        "factor_name": "ml_selected_feature_3",
        "data_length": 3429,
        "missing_ratio": 0.0,
        "ic_pearson": 0.2159850862810801,
        "ic_spearman": 0.006247580327451314,
        "ic_kendall": 0.00168537838853861,
        "mutual_information": 0.049458362878670406,
        "long_short_return": 0.006468370000431297,
        "long_return": 0.007568950333639031,
        "short_return": 0.0011005803332077343,
        "returns_std": 0.03766151448939485,
        "sharpe_ratio": 0.1717501297578655,
        "group_returns": {
          "0": 0.0011005803332077343,
          "1": -0.0008917514600917817,
          "2": -0.0019867530249559366,
          "3": -0.000982505232832687,
          "4": 0.007568950333639031
        },
        "skewness": 3.815092944251108,
        "kurtosis": 22.5324779177187,
        "turnover": 1.0251068232680658,
        "win_rate": 0.49664625255176437,
        "autocorr_lag_1": -0.2322168273466863,
        "autocorr_lag_2": 0.004626277983195988,
        "autocorr_lag_3": -0.13282121519245024,
        "autocorr_lag_4": 0.16086578385084918,
        "autocorr_lag_5": -0.14660834608325893,
        "autocorr_lag_6": 0.06758226310115456,
        "autocorr_lag_7": -0.12144550954365377,
        "autocorr_lag_8": 0.17080944926411926,
        "autocorr_lag_9": -0.14123626916327023,
        "autocorr_lag_10": 0.0619262633550542
      },
      "evaluated_at": "2025-08-15T01:48:20.425033"
    }
  ]
}