{
  "factor_id": "ml_selected_feature_1",
  "evaluations": [
    {
      "metadata": {
        "mining_session": true,
        "mining_config": {
          "factor_types": [
            "ml"
          ],
          "optimization": {
            "method": "greedy",
            "max_factors": 15,
            "min_ic": 0.02,
            "min_ir": 0.1
          },
          "evaluation": {
            "min_sample_size": 30,
            "metrics": [
              "ic_pearson",
              "ic_spearman",
              "sharpe_ratio",
              "win_rate",
              "factor_decay"
            ]
          }
        },
        "factor_type": [
          "ml"
        ],
        "symbols": [],
        "timeframes": []
      },
      "results": {
        "factor_name": "ml_selected_feature_1",
        "data_length": 3429,
        "missing_ratio": 0.0,
        "ic_pearson": 0.9120406427128863,
        "ic_spearman": 0.9999989804625213,
        "ic_kendall": 0.9999152026699399,
        "mutual_information": 0.4362912034573715,
        "long_short_return": 0.08451232124600984,
        "long_return": 0.04473524249769923,
        "short_return": -0.03977707874831061,
        "returns_std": 0.03766151448939485,
        "sharpe_ratio": 2.2439968862592545,
        "group_returns": {
          "0": -0.03977707874831061,
          "1": -0.010291127059695414,
          "2": 0.0001883749460916783,
          "3": 0.009896691629346968,
          "4": 0.04473524249769923
        },
        "skewness": 0.28213407631869986,
        "kurtosis": 3.5976421709123922,
        "turnover": 1.0145874374072716,
        "win_rate": 0.4648585593467483,
        "autocorr_lag_1": -0.057223591616340254,
        "autocorr_lag_2": 0.013689943092606103,
        "autocorr_lag_3": 0.0024567553236448767,
        "autocorr_lag_4": -0.051333109963224835,
        "autocorr_lag_5": 0.04449946965731199,
        "autocorr_lag_6": 0.05075269102390499,
        "autocorr_lag_7": -0.025654633216220236,
        "autocorr_lag_8": 0.013185630523835508,
        "autocorr_lag_9": -0.024377454153328176,
        "autocorr_lag_10": -0.0004930633412446983
      },
      "evaluated_at": "2025-08-15T01:48:20.424653"
    }
  ]
}