{
  "factor_id": "ml_selected_feature_5",
  "evaluations": [
    {
      "metadata": {
        "mining_session": true,
        "mining_config": {
          "factor_types": [
            "ml"
          ],
          "optimization": {
            "method": "greedy",
            "max_factors": 15,
            "min_ic": 0.02,
            "min_ir": 0.1
          },
          "evaluation": {
            "min_sample_size": 30,
            "metrics": [
              "ic_pearson",
              "ic_spearman",
              "sharpe_ratio",
              "win_rate",
              "factor_decay"
            ]
          }
        },
        "factor_type": [
          "ml"
        ],
        "symbols": [],
        "timeframes": []
      },
      "results": {
        "factor_name": "ml_selected_feature_5",
        "data_length": 3429,
        "missing_ratio": 0.0,
        "ic_pearson": 0.09831875918595123,
        "ic_spearman": -0.008297756822974308,
        "ic_kendall": -0.006023988701524131,
        "mutual_information": 0.05628499212778244,
        "long_short_return": 0.006344793283050991,
        "long_return": 0.0067970463115373065,
        "short_return": 0.0004522530284863155,
        "returns_std": 0.03766151448939485,
        "sharpe_ratio": 0.1684688831310177,
        "group_returns": {
          "0": 0.0004522530284863155,
          "1": -0.0002929268215875469,
          "2": -0.0006145537647956247,
          "3": -0.0015351396716488661,
          "4": 0.0067970463115373065
        },
        "skewness": 1.8803166448453228,
        "kurtosis": 3.9412059438983755,
        "turnover": 0.06948281907286358,
        "win_rate": 0.48760571595217267,
        "autocorr_lag_1": 0.9819617703840248,
        "autocorr_lag_2": 0.9623479591140636,
        "autocorr_lag_3": 0.9416693912619928,
        "autocorr_lag_4": 0.9202338340295264,
        "autocorr_lag_5": 0.8983326755443124,
        "autocorr_lag_6": 0.8754496152632024,
        "autocorr_lag_7": 0.8519704460680695,
        "autocorr_lag_8": 0.8271313232479988,
        "autocorr_lag_9": 0.801322184233608,
        "autocorr_lag_10": 0.7758931035888305
      },
      "evaluated_at": "2025-08-15T01:48:20.425808"
    }
  ]
}