{
  "factor_id": "momentum_10",
  "evaluations": [
    {
      "metadata": {
        "mining_session": true,
        "mining_config": {
          "factor_types": [
            "technical",
            "statistical"
          ],
          "optimization": {
            "method": "greedy",
            "max_factors": 15,
            "min_ic": 0.02,
            "min_ir": 0.1
          },
          "evaluation": {
            "min_sample_size": 30,
            "metrics": [
              "ic_pearson",
              "ic_spearman",
              "sharpe_ratio",
              "win_rate",
              "factor_decay"
            ]
          }
        },
        "factor_type": [
          "technical",
          "statistical"
        ],
        "symbols": [],
        "timeframes": []
      },
      "results": {
        "factor_name": "momentum_10",
        "data_length": 2263,
        "missing_ratio": 0.0,
        "ic_pearson": 0.32223603887103214,
        "ic_spearman": 0.2475610221102054,
        "ic_kendall": 0.17418528944676465,
        "mutual_information": 0.06376796965046862,
        "long_short_return": 0.024854164216689036,
        "long_return": 0.01402555633659969,
        "short_return": -0.010828607880089346,
        "returns_std": 0.03441244380071443,
        "sharpe_ratio": 0.7222435105342051,
        "group_returns": {
          "0": -0.010828607880089346,
          "1": -0.0029133720963308834,
          "2": -0.0014704100507620355,
          "3": 0.004873077941364276,
          "4": 0.01402555633659969
        },
        "skewness": 1.6480393193621097,
        "kurtosis": 7.932655927785165,
        "turnover": 0.03162597581387141,
        "win_rate": 0.49536014140521434,
        "autocorr_lag_1": 0.8913944855259021,
        "autocorr_lag_2": 0.7899807255805641,
        "autocorr_lag_3": 0.6985747407139691,
        "autocorr_lag_4": 0.6096845510668453,
        "autocorr_lag_5": 0.503599715547759,
        "autocorr_lag_6": 0.3983671403335124,
        "autocorr_lag_7": 0.3061788076450721,
        "autocorr_lag_8": 0.2123674132259811,
        "autocorr_lag_9": 0.11101279894762957,
        "autocorr_lag_10": 0.007594899500570203
      },
      "evaluated_at": "2025-08-18T14:29:26.984152"
    },
    {
      "metadata": {
        "mining_session": true,
        "mining_config": {
          "factor_types": [
            "technical",
            "statistical"
          ],
          "optimization": {
            "method": "greedy",
            "max_factors": 15,
            "min_ic": 0.02,
            "min_ir": 0.1
          },
          "evaluation": {
            "min_sample_size": 30,
            "metrics": [
              "ic_pearson",
              "ic_spearman",
              "sharpe_ratio",
              "win_rate",
              "factor_decay"
            ]
          }
        },
        "factor_type": [
          "technical",
          "statistical"
        ],
        "symbols": [],
        "timeframes": []
      },
      "results": {
        "factor_name": "momentum_10",
        "data_length": 3429,
        "missing_ratio": 0.0,
        "ic_pearson": 0.360561948371567,
        "ic_spearman": 0.2428077259391314,
        "ic_kendall": 0.170750388441105,
        "mutual_information": 0.056241668779439855,
        "long_short_return": 0.027729574067914292,
        "long_return": 0.015975857604061786,
        "short_return": -0.011753716463852508,
        "returns_std": 0.03766151448939485,
        "sharpe_ratio": 0.7362840938253478,
        "group_returns": {
          "0": -0.011753716463852508,
          "1": -0.0036341121914068466,
          "2": 0.0004817422610073284,
          "3": 0.0037414460324711224,
          "4": 0.015975857604061786
        },
        "skewness": 3.936197657952247,
        "kurtosis": 38.96696867074441,
        "turnover": 0.03302725841428655,
        "win_rate": 0.4806065908428113,
        "autocorr_lag_1": 0.8814531024856012,
        "autocorr_lag_2": 0.7984001164169195,
        "autocorr_lag_3": 0.7010629137553748,
        "autocorr_lag_4": 0.6167930410694464,
        "autocorr_lag_5": 0.5512866241823993,
        "autocorr_lag_6": 0.48493208517487785,
        "autocorr_lag_7": 0.3909300004106301,
        "autocorr_lag_8": 0.2791391113191319,
        "autocorr_lag_9": 0.17878443295880664,
        "autocorr_lag_10": 0.061058158779244275
      },
      "evaluated_at": "2025-08-18T14:32:24.825306"
    },
    {
      "metadata": {
        "mining_session": true,
        "mining_config": {
          "factor_types": [
            "technical",
            "statistical",
            "ml"
          ],
          "optimization": {
            "method": "greedy",
            "max_factors": 15,
            "min_ic": 0.02,
            "min_ir": 0.1
          },
          "evaluation": {
            "min_sample_size": 30,
            "metrics": [
              "ic_pearson",
              "ic_spearman",
              "sharpe_ratio",
              "win_rate",
              "factor_decay"
            ]
          }
        },
        "factor_type": [
          "technical",
          "statistical",
          "ml"
        ],
        "symbols": [],
        "timeframes": []
      },
      "results": {
        "factor_name": "momentum_10",
        "data_length": 3429,
        "missing_ratio": 0.0,
        "ic_pearson": 0.360561948371567,
        "ic_spearman": 0.2428077259391314,
        "ic_kendall": 0.170750388441105,
        "mutual_information": 0.056241668779439855,
        "long_short_return": 0.027729574067914292,
        "long_return": 0.015975857604061786,
        "short_return": -0.011753716463852508,
        "returns_std": 0.03766151448939485,
        "sharpe_ratio": 0.7362840938253478,
        "group_returns": {
          "0": -0.011753716463852508,
          "1": -0.0036341121914068466,
          "2": 0.0004817422610073284,
          "3": 0.0037414460324711224,
          "4": 0.015975857604061786
        },
        "skewness": 3.936197657952247,
        "kurtosis": 38.96696867074441,
        "turnover": 0.03302725841428655,
        "win_rate": 0.4806065908428113,
        "autocorr_lag_1": 0.8814531024856012,
        "autocorr_lag_2": 0.7984001164169195,
        "autocorr_lag_3": 0.7010629137553748,
        "autocorr_lag_4": 0.6167930410694464,
        "autocorr_lag_5": 0.5512866241823993,
        "autocorr_lag_6": 0.48493208517487785,
        "autocorr_lag_7": 0.3909300004106301,
        "autocorr_lag_8": 0.2791391113191319,
        "autocorr_lag_9": 0.17878443295880664,
        "autocorr_lag_10": 0.061058158779244275
      },
      "evaluated_at": "2025-08-18T14:45:33.069151"
    }
  ]
}