{
  "factor_id": "momentum_5",
  "evaluations": [
    {
      "metadata": {
        "mining_session": true,
        "mining_config": {
          "factor_types": [
            "technical",
            "statistical"
          ],
          "optimization": {
            "method": "greedy",
            "max_factors": 15,
            "min_ic": 0.02,
            "min_ir": 0.1
          },
          "evaluation": {
            "min_sample_size": 30,
            "metrics": [
              "ic_pearson",
              "ic_spearman",
              "sharpe_ratio",
              "win_rate",
              "factor_decay"
            ]
          }
        },
        "factor_type": [
          "technical",
          "statistical"
        ],
        "symbols": [],
        "timeframes": []
      },
      "results": {
        "factor_name": "momentum_5",
        "data_length": 2263,
        "missing_ratio": 0.0,
        "ic_pearson": 0.4686252596044934,
        "ic_spearman": 0.36655278270817143,
        "ic_kendall": 0.2614608965998627,
        "mutual_information": 0.0789034937410983,
        "long_short_return": 0.03544964784743197,
        "long_return": 0.018542136071629113,
        "short_return": -0.016907511775802856,
        "returns_std": 0.03441244380071443,
        "sharpe_ratio": 1.0301403774961198,
        "group_returns": {
          "0": -0.016907511775802856,
          "1": -0.0032599963160663058,
          "2": 0.000576942834577356,
          "3": 0.004738129905826437,
          "4": 0.018542136071629113
        },
        "skewness": 1.9252523782240718,
        "kurtosis": 15.586829121314901,
        "turnover": 0.031039410656715657,
        "win_rate": 0.4900574458683164,
        "autocorr_lag_1": 0.7697654644237046,
        "autocorr_lag_2": 0.5691755695579371,
        "autocorr_lag_3": 0.40988024647907145,
        "autocorr_lag_4": 0.23055430983384478,
        "autocorr_lag_5": 0.014502971345574272,
        "autocorr_lag_6": 0.022252612262245796,
        "autocorr_lag_7": 0.03863463594059968,
        "autocorr_lag_8": 0.02021293886005453,
        "autocorr_lag_9": 0.008030403415699893,
        "autocorr_lag_10": -0.00018536644709230368
      },
      "evaluated_at": "2025-08-18T14:29:26.983766"
    },
    {
      "metadata": {
        "mining_session": true,
        "mining_config": {
          "factor_types": [
            "technical",
            "statistical"
          ],
          "optimization": {
            "method": "greedy",
            "max_factors": 15,
            "min_ic": 0.02,
            "min_ir": 0.1
          },
          "evaluation": {
            "min_sample_size": 30,
            "metrics": [
              "ic_pearson",
              "ic_spearman",
              "sharpe_ratio",
              "win_rate",
              "factor_decay"
            ]
          }
        },
        "factor_type": [
          "technical",
          "statistical"
        ],
        "symbols": [],
        "timeframes": []
      },
      "results": {
        "factor_name": "momentum_5",
        "data_length": 3429,
        "missing_ratio": 0.0,
        "ic_pearson": 0.4443568612617666,
        "ic_spearman": 0.34625096108889886,
        "ic_kendall": 0.24644900965582267,
        "mutual_information": 0.07137969798467356,
        "long_short_return": 0.03883013432685565,
        "long_return": 0.021804999369281083,
        "short_return": -0.017025134957574566,
        "returns_std": 0.03766151448939485,
        "sharpe_ratio": 1.0310295497487194,
        "group_returns": {
          "0": -0.017025134957574566,
          "1": -0.0035763785138502304,
          "2": -0.0006647928795597377,
          "3": 0.004269181555936032,
          "4": 0.021804999369281083
        },
        "skewness": 2.7236849465962614,
        "kurtosis": 24.124314211273422,
        "turnover": 0.03185357672334238,
        "win_rate": 0.46340040828229806,
        "autocorr_lag_1": 0.7849594471387907,
        "autocorr_lag_2": 0.6176254942472835,
        "autocorr_lag_3": 0.42134327925566656,
        "autocorr_lag_4": 0.2614988871893288,
        "autocorr_lag_5": 0.0972589840554796,
        "autocorr_lag_6": 0.12761596313045745,
        "autocorr_lag_7": 0.11429393403594272,
        "autocorr_lag_8": 0.10036981983368534,
        "autocorr_lag_9": 0.061133357583556557,
        "autocorr_lag_10": 0.015299121623383883
      },
      "evaluated_at": "2025-08-18T14:32:24.824722"
    },
    {
      "metadata": {
        "mining_session": true,
        "mining_config": {
          "factor_types": [
            "technical",
            "statistical",
            "ml"
          ],
          "optimization": {
            "method": "greedy",
            "max_factors": 15,
            "min_ic": 0.02,
            "min_ir": 0.1
          },
          "evaluation": {
            "min_sample_size": 30,
            "metrics": [
              "ic_pearson",
              "ic_spearman",
              "sharpe_ratio",
              "win_rate",
              "factor_decay"
            ]
          }
        },
        "factor_type": [
          "technical",
          "statistical",
          "ml"
        ],
        "symbols": [],
        "timeframes": []
      },
      "results": {
        "factor_name": "momentum_5",
        "data_length": 3429,
        "missing_ratio": 0.0,
        "ic_pearson": 0.4443568612617666,
        "ic_spearman": 0.34625096108889886,
        "ic_kendall": 0.24644900965582267,
        "mutual_information": 0.07137969798467356,
        "long_short_return": 0.03883013432685565,
        "long_return": 0.021804999369281083,
        "short_return": -0.017025134957574566,
        "returns_std": 0.03766151448939485,
        "sharpe_ratio": 1.0310295497487194,
        "group_returns": {
          "0": -0.017025134957574566,
          "1": -0.0035763785138502304,
          "2": -0.0006647928795597377,
          "3": 0.004269181555936032,
          "4": 0.021804999369281083
        },
        "skewness": 2.7236849465962614,
        "kurtosis": 24.124314211273422,
        "turnover": 0.03185357672334238,
        "win_rate": 0.46340040828229806,
        "autocorr_lag_1": 0.7849594471387907,
        "autocorr_lag_2": 0.6176254942472835,
        "autocorr_lag_3": 0.42134327925566656,
        "autocorr_lag_4": 0.2614988871893288,
        "autocorr_lag_5": 0.0972589840554796,
        "autocorr_lag_6": 0.12761596313045745,
        "autocorr_lag_7": 0.11429393403594272,
        "autocorr_lag_8": 0.10036981983368534,
        "autocorr_lag_9": 0.061133357583556557,
        "autocorr_lag_10": 0.015299121623383883
      },
      "evaluated_at": "2025-08-18T14:45:33.068422"
    }
  ]
}