{
  "factor_id": "momentum_20",
  "evaluations": [
    {
      "metadata": {
        "mining_session": true,
        "mining_config": {
          "factor_types": [
            "technical",
            "statistical"
          ],
          "optimization": {
            "method": "greedy",
            "max_factors": 15,
            "min_ic": 0.02,
            "min_ir": 0.1
          },
          "evaluation": {
            "min_sample_size": 30,
            "metrics": [
              "ic_pearson",
              "ic_spearman",
              "sharpe_ratio",
              "win_rate",
              "factor_decay"
            ]
          }
        },
        "factor_type": [
          "technical",
          "statistical"
        ],
        "symbols": [],
        "timeframes": []
      },
      "results": {
        "factor_name": "momentum_20",
        "data_length": 2263,
        "missing_ratio": 0.0,
        "ic_pearson": 0.22432259143729866,
        "ic_spearman": 0.17280180418552013,
        "ic_kendall": 0.11979691665506782,
        "mutual_information": 0.038544862701253804,
        "long_short_return": 0.01888882003373156,
        "long_return": 0.011216904819494514,
        "short_return": -0.007671915214237047,
        "returns_std": 0.03441244380071443,
        "sharpe_ratio": 0.5488950492187774,
        "group_returns": {
          "0": -0.007671915214237047,
          "1": -0.00257315849599278,
          "2": -7.333536806917577e-05,
          "3": 0.002786978507044716,
          "4": 0.011216904819494514
        },
        "skewness": 2.031256405068859,
        "kurtosis": 8.6141461112848,
        "turnover": 0.03200259048924543,
        "win_rate": 0.4829871851524525,
        "autocorr_lag_1": 0.948381604676675,
        "autocorr_lag_2": 0.9020469415918643,
        "autocorr_lag_3": 0.8600326785158493,
        "autocorr_lag_4": 0.8168049020618615,
        "autocorr_lag_5": 0.769907051553479,
        "autocorr_lag_6": 0.725583589462183,
        "autocorr_lag_7": 0.6881489297586328,
        "autocorr_lag_8": 0.6545072467892322,
        "autocorr_lag_9": 0.6186228514555419,
        "autocorr_lag_10": 0.5803410776893729
      },
      "evaluated_at": "2025-08-18T14:29:26.984561"
    },
    {
      "metadata": {
        "mining_session": true,
        "mining_config": {
          "factor_types": [
            "technical",
            "statistical"
          ],
          "optimization": {
            "method": "greedy",
            "max_factors": 15,
            "min_ic": 0.02,
            "min_ir": 0.1
          },
          "evaluation": {
            "min_sample_size": 30,
            "metrics": [
              "ic_pearson",
              "ic_spearman",
              "sharpe_ratio",
              "win_rate",
              "factor_decay"
            ]
          }
        },
        "factor_type": [
          "technical",
          "statistical"
        ],
        "symbols": [],
        "timeframes": []
      },
      "results": {
        "factor_name": "momentum_20",
        "data_length": 3429,
        "missing_ratio": 0.0,
        "ic_pearson": 0.23346839803687044,
        "ic_spearman": 0.17476672060727408,
        "ic_kendall": 0.12146948284708137,
        "mutual_information": 0.0409986320392211,
        "long_short_return": 0.022414925196132036,
        "long_return": 0.01404715040966556,
        "short_return": -0.008367774786466475,
        "returns_std": 0.03766151448939485,
        "sharpe_ratio": 0.5951679187634337,
        "group_returns": {
          "0": -0.008367774786466475,
          "1": -0.0027903621511325702,
          "2": -0.0010507940331112068,
          "3": 0.0029685297674826618,
          "4": 0.01404715040966556
        },
        "skewness": 5.370963922278028,
        "kurtosis": 54.59350811463071,
        "turnover": 0.0342052803452591,
        "win_rate": 0.47389909594634005,
        "autocorr_lag_1": 0.9471885838100261,
        "autocorr_lag_2": 0.9041041155625367,
        "autocorr_lag_3": 0.8614082908969398,
        "autocorr_lag_4": 0.8133554206602929,
        "autocorr_lag_5": 0.7605843534627027,
        "autocorr_lag_6": 0.7051939998337384,
        "autocorr_lag_7": 0.6508419091563549,
        "autocorr_lag_8": 0.5908312139717219,
        "autocorr_lag_9": 0.5264941490847592,
        "autocorr_lag_10": 0.46294051330517305
      },
      "evaluated_at": "2025-08-18T14:32:24.825887"
    },
    {
      "metadata": {
        "mining_session": true,
        "mining_config": {
          "factor_types": [
            "technical",
            "statistical",
            "ml"
          ],
          "optimization": {
            "method": "greedy",
            "max_factors": 15,
            "min_ic": 0.02,
            "min_ir": 0.1
          },
          "evaluation": {
            "min_sample_size": 30,
            "metrics": [
              "ic_pearson",
              "ic_spearman",
              "sharpe_ratio",
              "win_rate",
              "factor_decay"
            ]
          }
        },
        "factor_type": [
          "technical",
          "statistical",
          "ml"
        ],
        "symbols": [],
        "timeframes": []
      },
      "results": {
        "factor_name": "momentum_20",
        "data_length": 3429,
        "missing_ratio": 0.0,
        "ic_pearson": 0.23346839803687044,
        "ic_spearman": 0.17476672060727408,
        "ic_kendall": 0.12146948284708137,
        "mutual_information": 0.0409986320392211,
        "long_short_return": 0.022414925196132036,
        "long_return": 0.01404715040966556,
        "short_return": -0.008367774786466475,
        "returns_std": 0.03766151448939485,
        "sharpe_ratio": 0.5951679187634337,
        "group_returns": {
          "0": -0.008367774786466475,
          "1": -0.0027903621511325702,
          "2": -0.0010507940331112068,
          "3": 0.0029685297674826618,
          "4": 0.01404715040966556
        },
        "skewness": 5.370963922278028,
        "kurtosis": 54.59350811463071,
        "turnover": 0.0342052803452591,
        "win_rate": 0.47389909594634005,
        "autocorr_lag_1": 0.9471885838100261,
        "autocorr_lag_2": 0.9041041155625367,
        "autocorr_lag_3": 0.8614082908969398,
        "autocorr_lag_4": 0.8133554206602929,
        "autocorr_lag_5": 0.7605843534627027,
        "autocorr_lag_6": 0.7051939998337384,
        "autocorr_lag_7": 0.6508419091563549,
        "autocorr_lag_8": 0.5908312139717219,
        "autocorr_lag_9": 0.5264941490847592,
        "autocorr_lag_10": 0.46294051330517305
      },
      "evaluated_at": "2025-08-18T14:45:33.069997"
    }
  ]
}