{
  "factor_id": "obv",
  "evaluations": [
    {
      "metadata": {
        "mining_session": true,
        "mining_config": {
          "factor_types": [
            "technical",
            "statistical"
          ],
          "optimization": {
            "method": "greedy",
            "max_factors": 15,
            "min_ic": 0.02,
            "min_ir": 0.1
          },
          "evaluation": {
            "min_sample_size": 30,
            "metrics": [
              "ic_pearson",
              "ic_spearman",
              "sharpe_ratio",
              "win_rate",
              "factor_decay"
            ]
          }
        },
        "factor_type": [
          "technical",
          "statistical"
        ],
        "symbols": [],
        "timeframes": []
      },
      "results": {
        "factor_name": "obv",
        "data_length": 2263,
        "missing_ratio": 0.0,
        "ic_pearson": 0.049767438162788225,
        "ic_spearman": 0.02481892701315452,
        "ic_kendall": 0.015697406590590636,
        "mutual_information": 0.029832865008382715,
        "long_short_return": 0.005055772257986909,
        "long_return": 0.004404042899862856,
        "short_return": -0.000651729358124053,
        "returns_std": 0.03441244380071443,
        "sharpe_ratio": 0.14691697826708683,
        "group_returns": {
          "0": -0.000651729358124053,
          "1": -0.00024304724993639843,
          "2": -0.0007043841519705505,
          "3": 0.0008836467698804299,
          "4": 0.004404042899862856
        },
        "skewness": 0.80459960627026,
        "kurtosis": 0.648346839045252,
        "turnover": 367106735.1810744,
        "win_rate": 0.4829871851524525,
        "autocorr_lag_1": 0.9954203539993771,
        "autocorr_lag_2": 0.9908586247014015,
        "autocorr_lag_3": 0.9869834758128457,
        "autocorr_lag_4": 0.9831450469003086,
        "autocorr_lag_5": 0.9793250417560695,
        "autocorr_lag_6": 0.9748940173028281,
        "autocorr_lag_7": 0.970764642168817,
        "autocorr_lag_8": 0.9662413764073903,
        "autocorr_lag_9": 0.9611887029723608,
        "autocorr_lag_10": 0.9561912647422275
      },
      "evaluated_at": "2025-08-18T14:29:26.999773"
    },
    {
      "metadata": {
        "mining_session": true,
        "mining_config": {
          "factor_types": [
            "technical",
            "statistical"
          ],
          "optimization": {
            "method": "greedy",
            "max_factors": 15,
            "min_ic": 0.02,
            "min_ir": 0.1
          },
          "evaluation": {
            "min_sample_size": 30,
            "metrics": [
              "ic_pearson",
              "ic_spearman",
              "sharpe_ratio",
              "win_rate",
              "factor_decay"
            ]
          }
        },
        "factor_type": [
          "technical",
          "statistical"
        ],
        "symbols": [],
        "timeframes": []
      },
      "results": {
        "factor_name": "obv",
        "data_length": 3429,
        "missing_ratio": 0.0,
        "ic_pearson": 0.025963269283711253,
        "ic_spearman": 0.02007662709328004,
        "ic_kendall": 0.014175939890749738,
        "mutual_information": 0.02364723419135227,
        "long_short_return": 0.0036001168832802445,
        "long_return": 0.0033456647078803927,
        "short_return": -0.0002544521753998518,
        "returns_std": 0.03766151448939485,
        "sharpe_ratio": 0.09559139965797195,
        "group_returns": {
          "0": -0.0002544521753998518,
          "1": -0.00019211450362337457,
          "2": -0.00012315693919282133,
          "3": 0.0020333212056243984,
          "4": 0.0033456647078803927
        },
        "skewness": 1.0040778100394834,
        "kurtosis": -0.503306794326273,
        "turnover": 852081023.6952479,
        "win_rate": 0.49402158063575385,
        "autocorr_lag_1": 0.9996414774015321,
        "autocorr_lag_2": 0.9994291792909877,
        "autocorr_lag_3": 0.9990999508822319,
        "autocorr_lag_4": 0.998820996176442,
        "autocorr_lag_5": 0.9985433284031049,
        "autocorr_lag_6": 0.9982117911201565,
        "autocorr_lag_7": 0.9978713225039105,
        "autocorr_lag_8": 0.9974572616803155,
        "autocorr_lag_9": 0.9971255928345727,
        "autocorr_lag_10": 0.9967765141454008
      },
      "evaluated_at": "2025-08-18T14:32:24.838864"
    },
    {
      "metadata": {
        "mining_session": true,
        "mining_config": {
          "factor_types": [
            "technical",
            "statistical",
            "ml"
          ],
          "optimization": {
            "method": "greedy",
            "max_factors": 15,
            "min_ic": 0.02,
            "min_ir": 0.1
          },
          "evaluation": {
            "min_sample_size": 30,
            "metrics": [
              "ic_pearson",
              "ic_spearman",
              "sharpe_ratio",
              "win_rate",
              "factor_decay"
            ]
          }
        },
        "factor_type": [
          "technical",
          "statistical",
          "ml"
        ],
        "symbols": [],
        "timeframes": []
      },
      "results": {
        "factor_name": "obv",
        "data_length": 3429,
        "missing_ratio": 0.0,
        "ic_pearson": 0.025963269283711253,
        "ic_spearman": 0.02007662709328004,
        "ic_kendall": 0.014175939890749738,
        "mutual_information": 0.02364723419135227,
        "long_short_return": 0.0036001168832802445,
        "long_return": 0.0033456647078803927,
        "short_return": -0.0002544521753998518,
        "returns_std": 0.03766151448939485,
        "sharpe_ratio": 0.09559139965797195,
        "group_returns": {
          "0": -0.0002544521753998518,
          "1": -0.00019211450362337457,
          "2": -0.00012315693919282133,
          "3": 0.0020333212056243984,
          "4": 0.0033456647078803927
        },
        "skewness": 1.0040778100394834,
        "kurtosis": -0.503306794326273,
        "turnover": 852081023.6952479,
        "win_rate": 0.49402158063575385,
        "autocorr_lag_1": 0.9996414774015321,
        "autocorr_lag_2": 0.9994291792909877,
        "autocorr_lag_3": 0.9990999508822319,
        "autocorr_lag_4": 0.998820996176442,
        "autocorr_lag_5": 0.9985433284031049,
        "autocorr_lag_6": 0.9982117911201565,
        "autocorr_lag_7": 0.9978713225039105,
        "autocorr_lag_8": 0.9974572616803155,
        "autocorr_lag_9": 0.9971255928345727,
        "autocorr_lag_10": 0.9967765141454008
      },
      "evaluated_at": "2025-08-18T14:45:33.087278"
    }
  ]
}