{
  "factor_id": "pca_component_9",
  "evaluations": [
    {
      "metadata": {
        "mining_session": true,
        "mining_config": {
          "factor_types": [
            "ml"
          ],
          "optimization": {
            "method": "greedy",
            "max_factors": 15,
            "min_ic": 0.02,
            "min_ir": 0.1
          },
          "evaluation": {
            "min_sample_size": 30,
            "metrics": [
              "ic_pearson",
              "ic_spearman",
              "sharpe_ratio",
              "win_rate",
              "factor_decay"
            ]
          }
        },
        "factor_type": [
          "ml"
        ],
        "symbols": [],
        "timeframes": []
      },
      "results": {
        "factor_name": "pca_component_9",
        "data_length": 4000,
        "missing_ratio": 0.0,
        "ic_pearson": 0.04834565565680378,
        "ic_spearman": 0.048400402379694535,
        "ic_kendall": 0.03231744541333206,
        "mutual_information": 0.001040837270434952,
        "long_short_return": 0.0015134865637624955,
        "long_return": 0.0013035544372625503,
        "short_return": -0.00020993212649994514,
        "returns_std": 0.013344463028916467,
        "sharpe_ratio": 0.11341682018099056,
        "group_returns": {
          "0": -0.00020993212649994514,
          "1": 5.32563446169694e-05,
          "2": 3.629869414472248e-05,
          "3": 9.495185393773309e-06,
          "4": 0.0013035544372625503
        },
        "skewness": 4.997971929536219,
        "kurtosis": 211.14589985570032,
        "turnover": 0.13478713565542283,
        "win_rate": 0.4955,
        "autocorr_lag_1": 0.7447111447217045,
        "autocorr_lag_2": 0.5151318300971353,
        "autocorr_lag_3": 0.2725987803059262,
        "autocorr_lag_4": 0.018654381663563466,
        "autocorr_lag_5": -0.148171021269757,
        "autocorr_lag_6": -0.16650620181477394,
        "autocorr_lag_7": -0.16143792136858828,
        "autocorr_lag_8": -0.13382083732511227,
        "autocorr_lag_9": -0.08039052822001815,
        "autocorr_lag_10": -0.13370664835168322
      },
      "evaluated_at": "2025-08-19T13:56:39.077092"
    }
  ]
}