{
  "factor_id": "pca_component_4",
  "evaluations": [
    {
      "metadata": {
        "mining_session": true,
        "mining_config": {
          "factor_types": [
            "ml"
          ],
          "optimization": {
            "method": "greedy",
            "max_factors": 15,
            "min_ic": 0.02,
            "min_ir": 0.1
          },
          "evaluation": {
            "min_sample_size": 30,
            "metrics": [
              "ic_pearson",
              "ic_spearman",
              "sharpe_ratio",
              "win_rate",
              "factor_decay"
            ]
          }
        },
        "factor_type": [
          "ml"
        ],
        "symbols": [],
        "timeframes": []
      },
      "results": {
        "factor_name": "pca_component_4",
        "data_length": 2000,
        "missing_ratio": 0.0,
        "ic_pearson": 0.2570786302181207,
        "ic_spearman": 0.5889683623813715,
        "ic_kendall": 0.41754879390919014,
        "mutual_information": 0.019369991564443183,
        "long_short_return": 0.0020453099517128187,
        "long_return": 0.0009710599641267634,
        "short_return": -0.0010742499875860552,
        "returns_std": 0.0020946525629347104,
        "sharpe_ratio": 0.976443534314464,
        "group_returns": {
          "0": -0.0010742499875860552,
          "1": -0.0004830818815343277,
          "2": -3.127171907660911e-06,
          "3": 0.00034069121924468345,
          "4": 0.0009710599641267634
        },
        "skewness": 4.350821597100477,
        "kurtosis": 44.970523066694696,
        "turnover": 0.7722023948914307,
        "win_rate": 0.482,
        "autocorr_lag_1": 0.7540106550083686,
        "autocorr_lag_2": 0.6851374161772593,
        "autocorr_lag_3": 0.6223937695561542,
        "autocorr_lag_4": 0.5660863455114802,
        "autocorr_lag_5": 0.512837588756136,
        "autocorr_lag_6": 0.47126376588076785,
        "autocorr_lag_7": 0.42471188876404536,
        "autocorr_lag_8": 0.3786800574788256,
        "autocorr_lag_9": 0.323437164617202,
        "autocorr_lag_10": 0.2992704052307718
      },
      "evaluated_at": "2025-08-18T23:43:49.189102"
    },
    {
      "metadata": {
        "mining_session": true,
        "mining_config": {
          "factor_types": [
            "ml"
          ],
          "optimization": {
            "method": "greedy",
            "max_factors": 15,
            "min_ic": 0.02,
            "min_ir": 0.1
          },
          "evaluation": {
            "min_sample_size": 30,
            "metrics": [
              "ic_pearson",
              "ic_spearman",
              "sharpe_ratio",
              "win_rate",
              "factor_decay"
            ]
          }
        },
        "factor_type": [
          "ml"
        ],
        "symbols": [],
        "timeframes": []
      },
      "results": {
        "factor_name": "pca_component_4",
        "data_length": 4000,
        "missing_ratio": 0.0,
        "ic_pearson": 0.559595951285936,
        "ic_spearman": 0.5431696065544326,
        "ic_kendall": 0.3823227657412251,
        "mutual_information": 0.006158900607603505,
        "long_short_return": 0.0038699622345371248,
        "long_return": 0.002365826378011851,
        "short_return": -0.0015041358565252736,
        "returns_std": 0.013344463028916467,
        "sharpe_ratio": 0.290005092460536,
        "group_returns": {
          "0": -0.0015041358565252736,
          "1": -0.0002623287713990631,
          "2": 7.770247647396698e-05,
          "3": 0.0005156600630845005,
          "4": 0.002365826378011851
        },
        "skewness": 3.1913271831878056,
        "kurtosis": 268.2779820192438,
        "turnover": 0.5442363265610038,
        "win_rate": 0.505,
        "autocorr_lag_1": 0.5385200774974201,
        "autocorr_lag_2": 0.48685366084987886,
        "autocorr_lag_3": 0.4312763508216795,
        "autocorr_lag_4": 0.3861170237476481,
        "autocorr_lag_5": 0.3674819449085805,
        "autocorr_lag_6": 0.330095002584795,
        "autocorr_lag_7": 0.28705826715715244,
        "autocorr_lag_8": 0.24721305224563853,
        "autocorr_lag_9": 0.2103575404766803,
        "autocorr_lag_10": 0.23705403473610956
      },
      "evaluated_at": "2025-08-19T13:56:39.074336"
    },
    {
      "metadata": {
        "mining_session": true,
        "mining_config": {
          "factor_types": [
            "ml"
          ],
          "optimization": {
            "method": "greedy",
            "max_factors": 15,
            "min_ic": 0.02,
            "min_ir": 0.1
          },
          "evaluation": {
            "min_sample_size": 30,
            "metrics": [
              "ic_pearson",
              "ic_spearman",
              "sharpe_ratio",
              "win_rate",
              "factor_decay"
            ]
          }
        },
        "factor_type": [
          "ml"
        ],
        "symbols": [],
        "timeframes": []
      },
      "results": {
        "factor_name": "pca_component_4",
        "data_length": 217441,
        "missing_ratio": 0.0,
        "ic_pearson": 0.7310617873716427,
        "ic_spearman": 0.5911818473739422,
        "ic_kendall": 0.42402841832349825,
        "mutual_information": 0.006172268120430465,
        "long_short_return": 0.0030267348299007862,
        "long_return": 0.001514863583199598,
        "short_return": -0.0015118712467011883,
        "returns_std": 0.0017587877629912118,
        "sharpe_ratio": 1.720921019346386,
        "group_returns": {
          "0": -0.0015118712467011883,
          "1": -0.00030233035861247437,
          "2": 1.708921924514274e-06,
          "3": 0.0003107203894155206,
          "4": 0.001514863583199598
        },
        "skewness": -0.9315458569072247,
        "kurtosis": 57.207840506623064,
        "turnover": 1.3647183053590997,
        "win_rate": 0.48015323697002865,
        "autocorr_lag_1": 0.3499982831684857,
        "autocorr_lag_2": 0.3162894565341689,
        "autocorr_lag_3": 0.28424887111573327,
        "autocorr_lag_4": 0.24701365582033183,
        "autocorr_lag_5": 0.2242864477485784,
        "autocorr_lag_6": 0.1916538269455219,
        "autocorr_lag_7": 0.1726963558651181,
        "autocorr_lag_8": 0.13507801297352268,
        "autocorr_lag_9": 0.126290359656206,
        "autocorr_lag_10": 0.11973779407246102
      },
      "evaluated_at": "2025-08-20T09:12:31.320101"
    }
  ]
}