{
  "factor_id": "pca_component_8",
  "evaluations": [
    {
      "metadata": {
        "mining_session": true,
        "mining_config": {
          "factor_types": [
            "ml"
          ],
          "optimization": {
            "method": "greedy",
            "max_factors": 15,
            "min_ic": 0.02,
            "min_ir": 0.1
          },
          "evaluation": {
            "min_sample_size": 30,
            "metrics": [
              "ic_pearson",
              "ic_spearman",
              "sharpe_ratio",
              "win_rate",
              "factor_decay"
            ]
          }
        },
        "factor_type": [
          "ml"
        ],
        "symbols": [],
        "timeframes": []
      },
      "results": {
        "factor_name": "pca_component_8",
        "data_length": 1713,
        "missing_ratio": 0.0,
        "ic_pearson": -0.024954348073661207,
        "ic_spearman": -0.02168084266381991,
        "ic_kendall": -0.014424442219220115,
        "mutual_information": 0.03216450858025347,
        "long_short_return": 0.0007733222818807938,
        "long_return": 0.005785811800336863,
        "short_return": 0.005012489518456069,
        "returns_std": 0.05043669723935515,
        "sharpe_ratio": 0.015332532148385395,
        "group_returns": {
          "0": 0.005012489518456069,
          "1": -0.0011818060160278623,
          "2": -0.0013919070535345186,
          "3": 0.0007630381150927519,
          "4": 0.005785811800336863
        },
        "skewness": -0.3524000364790397,
        "kurtosis": 0.8720912263319867,
        "turnover": 0.18536275513829298,
        "win_rate": 0.47285464098073554,
        "autocorr_lag_1": 0.8773371082936458,
        "autocorr_lag_2": 0.7888652808152335,
        "autocorr_lag_3": 0.7038797603191708,
        "autocorr_lag_4": 0.6058725186770904,
        "autocorr_lag_5": 0.5369582779515834,
        "autocorr_lag_6": 0.46766152502069464,
        "autocorr_lag_7": 0.4040939220391179,
        "autocorr_lag_8": 0.3473664082834787,
        "autocorr_lag_9": 0.3127284669501553,
        "autocorr_lag_10": 0.2646299945052749
      },
      "evaluated_at": "2025-08-15T01:52:00.186683"
    },
    {
      "metadata": {
        "mining_session": true,
        "mining_config": {
          "factor_types": [
            "ml"
          ],
          "optimization": {
            "method": "greedy",
            "max_factors": 15,
            "min_ic": 0.02,
            "min_ir": 0.1
          },
          "evaluation": {
            "min_sample_size": 30,
            "metrics": [
              "ic_pearson",
              "ic_spearman",
              "sharpe_ratio",
              "win_rate",
              "factor_decay"
            ]
          }
        },
        "factor_type": [
          "ml"
        ],
        "symbols": [],
        "timeframes": []
      },
      "results": {
        "factor_name": "pca_component_8",
        "data_length": 2000,
        "missing_ratio": 0.0,
        "ic_pearson": -0.05577605389717376,
        "ic_spearman": 0.3093651697324823,
        "ic_kendall": 0.2129053545037128,
        "mutual_information": 0.006245738592348247,
        "long_short_return": 0.0009432461898137257,
        "long_return": 0.0005988370767155235,
        "short_return": -0.00034440911309820214,
        "returns_std": 0.0020946525629347104,
        "sharpe_ratio": 0.45031152493003035,
        "group_returns": {
          "0": -0.00034440911309820214,
          "1": -0.0002682829767764411,
          "2": -0.00021561178513258494,
          "3": -1.9772270897954747e-05,
          "4": 0.0005988370767155235
        },
        "skewness": 0.49952129892567987,
        "kurtosis": 39.38775851332994,
        "turnover": 0.4915597096284545,
        "win_rate": 0.492,
        "autocorr_lag_1": 0.48397406812226385,
        "autocorr_lag_2": 0.4168029892912158,
        "autocorr_lag_3": 0.34127554135913835,
        "autocorr_lag_4": 0.22193130899824165,
        "autocorr_lag_5": 0.08716896401533664,
        "autocorr_lag_6": 0.06254086142864282,
        "autocorr_lag_7": 0.0065724129055980025,
        "autocorr_lag_8": -0.01838157326508983,
        "autocorr_lag_9": 0.007827549831332594,
        "autocorr_lag_10": 0.027296008604087194
      },
      "evaluated_at": "2025-08-18T23:43:49.190220"
    },
    {
      "metadata": {
        "mining_session": true,
        "mining_config": {
          "factor_types": [
            "ml"
          ],
          "optimization": {
            "method": "greedy",
            "max_factors": 15,
            "min_ic": 0.02,
            "min_ir": 0.1
          },
          "evaluation": {
            "min_sample_size": 30,
            "metrics": [
              "ic_pearson",
              "ic_spearman",
              "sharpe_ratio",
              "win_rate",
              "factor_decay"
            ]
          }
        },
        "factor_type": [
          "ml"
        ],
        "symbols": [],
        "timeframes": []
      },
      "results": {
        "factor_name": "pca_component_8",
        "data_length": 4000,
        "missing_ratio": 0.0,
        "ic_pearson": -0.06769262058824477,
        "ic_spearman": 0.7673860666722496,
        "ic_kendall": 0.5900380941887563,
        "mutual_information": 0.004530416710905416,
        "long_short_return": 0.002135750558465775,
        "long_return": 0.0016613331678124199,
        "short_return": -0.00047441739065335513,
        "returns_std": 0.013344463028916467,
        "sharpe_ratio": 0.160047695725018,
        "group_returns": {
          "0": -0.00047441739065335513,
          "1": -0.0004750561416686579,
          "2": -3.33960263371554e-05,
          "3": 0.0005141218073642168,
          "4": 0.0016613331678124199
        },
        "skewness": -0.5591555787757845,
        "kurtosis": 9.941871745197766,
        "turnover": 0.8363823647411612,
        "win_rate": 0.491,
        "autocorr_lag_1": 0.16281011693354308,
        "autocorr_lag_2": 0.09154163743833084,
        "autocorr_lag_3": 0.06134873595740907,
        "autocorr_lag_4": 0.07391820886133661,
        "autocorr_lag_5": 0.025663827742755416,
        "autocorr_lag_6": 0.07744003945370351,
        "autocorr_lag_7": 0.04312026017745072,
        "autocorr_lag_8": 0.03779174828323577,
        "autocorr_lag_9": 0.020360521249025973,
        "autocorr_lag_10": -0.010441613990091254
      },
      "evaluated_at": "2025-08-19T13:56:39.076444"
    },
    {
      "metadata": {
        "mining_session": true,
        "mining_config": {
          "factor_types": [
            "ml"
          ],
          "optimization": {
            "method": "greedy",
            "max_factors": 15,
            "min_ic": 0.02,
            "min_ir": 0.1
          },
          "evaluation": {
            "min_sample_size": 30,
            "metrics": [
              "ic_pearson",
              "ic_spearman",
              "sharpe_ratio",
              "win_rate",
              "factor_decay"
            ]
          }
        },
        "factor_type": [
          "ml"
        ],
        "symbols": [],
        "timeframes": []
      },
      "results": {
        "factor_name": "pca_component_8",
        "data_length": 217441,
        "missing_ratio": 0.0,
        "ic_pearson": -0.0012703226038504574,
        "ic_spearman": 0.12004624846709619,
        "ic_kendall": 0.0844616583633839,
        "mutual_information": 0.003563830183891764,
        "long_short_return": 0.0002649534670886677,
        "long_return": 0.00011388022657273688,
        "short_return": -0.00015107324051593082,
        "returns_std": 0.0017587877629912118,
        "sharpe_ratio": 0.15064550292188475,
        "group_returns": {
          "0": -0.00015107324051593082,
          "1": -9.35913058125503e-05,
          "2": 2.072368160104493e-05,
          "3": 0.0001231210732773189,
          "4": 0.00011388022657273688
        },
        "skewness": 1.2168818270825126,
        "kurtosis": 29.385001895804756,