{
  "factor_id": "pca_component_7",
  "evaluations": [
    {
      "metadata": {
        "mining_session": true,
        "mining_config": {
          "factor_types": [
            "ml"
          ],
          "optimization": {
            "method": "greedy",
            "max_factors": 15,
            "min_ic": 0.02,
            "min_ir": 0.1
          },
          "evaluation": {
            "min_sample_size": 30,
            "metrics": [
              "ic_pearson",
              "ic_spearman",
              "sharpe_ratio",
              "win_rate",
              "factor_decay"
            ]
          }
        },
        "factor_type": [
          "ml"
        ],
        "symbols": [],
        "timeframes": []
      },
      "results": {
        "factor_name": "pca_component_7",
        "data_length": 2263,
        "missing_ratio": 0.0,
        "ic_pearson": 0.006616585069367201,
        "ic_spearman": 0.15906149308463075,
        "ic_kendall": 0.10796680225684249,
        "mutual_information": 0.037055111564796926,
        "long_short_return": 0.0075487610172424125,
        "long_return": 0.005922249170791702,
        "short_return": -0.0016265118464507107,
        "returns_std": 0.03441244380071443,
        "sharpe_ratio": 0.21936137581387619,
        "group_returns": {
          "0": -0.0016265118464507107,
          "1": -0.004315821383341796,
          "2": 0.0003763597129895353,
          "3": 0.0033275376479703386,
          "4": 0.005922249170791702
        },
        "skewness": -0.9422662984910299,
        "kurtosis": 7.454290455495933,
        "turnover": 0.25255535761420755,
        "win_rate": 0.4768007070260716,
        "autocorr_lag_1": 0.8790318314825355,
        "autocorr_lag_2": 0.7719527682710544,
        "autocorr_lag_3": 0.6700365903084159,
        "autocorr_lag_4": 0.590925537323411,
        "autocorr_lag_5": 0.548367898845392,
        "autocorr_lag_6": 0.4894236511531273,
        "autocorr_lag_7": 0.44851569105487576,
        "autocorr_lag_8": 0.4085137170424853,
        "autocorr_lag_9": 0.36997275489351344,
        "autocorr_lag_10": 0.35807630006698804
      },
      "evaluated_at": "2025-08-15T01:45:07.876546"
    },
    {
      "metadata": {
        "mining_session": true,
        "mining_config": {
          "factor_types": [
            "ml"
          ],
          "optimization": {
            "method": "greedy",
            "max_factors": 15,
            "min_ic": 0.02,
            "min_ir": 0.1
          },
          "evaluation": {
            "min_sample_size": 30,
            "metrics": [
              "ic_pearson",
              "ic_spearman",
              "sharpe_ratio",
              "win_rate",
              "factor_decay"
            ]
          }
        },
        "factor_type": [
          "ml"
        ],
        "symbols": [],
        "timeframes": []
      },
      "results": {
        "factor_name": "pca_component_7",
        "data_length": 1713,
        "missing_ratio": 0.0,
        "ic_pearson": 0.007027028036282136,
        "ic_spearman": 0.19844426256971084,
        "ic_kendall": 0.13779826690391303,
        "mutual_information": 0.0362768017732451,
        "long_short_return": 0.022172040718090695,
        "long_return": 0.01646569986858315,
        "short_return": -0.005706340849507543,
        "returns_std": 0.05043669723935515,
        "sharpe_ratio": 0.43960136035216274,
        "group_returns": {
          "0": -0.005706340849507543,
          "1": -0.003571142265665468,
          "2": -0.002760677515442498,
          "3": 0.004560200992729106,
          "4": 0.01646569986858315
        },
        "skewness": -0.6432812580592326,
        "kurtosis": 24.344872419157507,
        "turnover": 0.25234852072736874,
        "win_rate": 0.46935201401050786,
        "autocorr_lag_1": 0.7548704902678786,
        "autocorr_lag_2": 0.6421312539120454,
        "autocorr_lag_3": 0.5747605164850308,
        "autocorr_lag_4": 0.5162444534989324,
        "autocorr_lag_5": 0.47802599394231926,
        "autocorr_lag_6": 0.3901240422053587,
        "autocorr_lag_7": 0.37436190995777224,
        "autocorr_lag_8": 0.3200084684053347,
        "autocorr_lag_9": 0.2758103495656849,
        "autocorr_lag_10": 0.25469902503929803
      },
      "evaluated_at": "2025-08-15T01:52:00.186156"
    },
    {
      "metadata": {
        "mining_session": true,
        "mining_config": {
          "factor_types": [
            "technical",
            "statistical",
            "ml"
          ],
          "optimization": {
            "method": "greedy",
            "max_factors": 15,
            "min_ic": 0.02,
            "min_ir": 0.1
          },
          "evaluation": {
            "min_sample_size": 30,
            "metrics": [
              "ic_pearson",
              "ic_spearman",
              "sharpe_ratio",
              "win_rate",
              "factor_decay"
            ]
          }
        },
        "factor_type": [
          "technical",
          "statistical",
          "ml"
        ],
        "symbols": [],
        "timeframes": []
      },
      "results": {
        "factor_name": "pca_component_7",
        "data_length": 3429,
        "missing_ratio": 0.0,
        "ic_pearson": 0.013966465544294055,
        "ic_spearman": 0.26695444408683655,
        "ic_kendall": 0.18554927386059705,
        "mutual_information": 0.023474931499784007,
        "long_short_return": 0.01981954163993064,
        "long_return": 0.012163534033814406,
        "short_return": -0.007656007606116231,
        "returns_std": 0.03766151448939485,
        "sharpe_ratio": 0.5262545043299214,
        "group_returns": {
          "0": -0.007656007606116231,
          "1": -0.004547658207430647,
          "2": -0.0008339063276268194,
          "3": 0.0056814196394692285,
          "4": 0.012163534033814406
        },
        "skewness": -1.0969284342590764,
        "kurtosis": 35.28159896499899,
        "turnover": 0.28190146651514414,
        "win_rate": 0.4701079031787693,
        "autocorr_lag_1": 0.745589842904923,
        "autocorr_lag_2": 0.6664355526559969,
        "autocorr_lag_3": 0.576673199381699,
        "autocorr_lag_4": 0.49710846976497747,
        "autocorr_lag_5": 0.4375155305113073,
        "autocorr_lag_6": 0.3704327481975889,
        "autocorr_lag_7": 0.32804984286029715,
        "autocorr_lag_8": 0.2737535336213434,
        "autocorr_lag_9": 0.23667114780740994,
        "autocorr_lag_10": 0.213858985558444
      },
      "evaluated_at": "2025-08-18T14:45:33.099097"
    },
    {
      "metadata": {
        "mining_session": true,
        "mining_config": {
          "factor_types": [
            "ml"
          ],
          "optimization": {
            "method": "greedy",
            "max_factors": 15,
            "min_ic": 0.02,
            "min_ir": 0.1
          },
          "evaluation": {
            "min_sample_size": 30,
            "metrics": [
              "ic_pearson",
              "ic_spearman",
              "sharpe_ratio",
              "win_rate",
              "factor_decay"
            ]
          }
        },
        "factor_type": [
          "ml"
        ],
        "symbols": [],
        "timeframes": []
      },
      "results": {
        "factor_name": "pca_component_7",
        "data_length": 2000,
        "missing_ratio": 0.0,
        "ic_pearson": 0.12076419349682296,
        "ic_spearman": 0.055896391699961134,
        "ic_kendall": 0.03873092028772706,
        "mutual_information": 0.013468681244873949,
        "long_short_return": 0.00035029023889423085,
        "long_return": 7.08609600573748e-05,
        "short_return": -0.00027942927883685604,
        "returns_std": 0.0020946525629347104,
        "sharpe_ratio": 0.16723071171452755,
        "group_returns": {
          "0": -0.00027942927883685604,
          "1": -0.00013028023493402542,
          "2": -5.1792429074022306e-05,
          "3": 0.00014181146198801592,
          "4": 7.08609600573748e-05
        },