{
  "factor_id": "pca_component_8",
  "evaluations": [
    {
      "metadata": {
        "mining_session": true,
        "mining_config": {
          "factor_types": [
            "ml"
          ],
          "optimization": {
            "method": "greedy",
            "max_factors": 15,
            "min_ic": 0.02,
            "min_ir": 0.1
          },
          "evaluation": {
            "min_sample_size": 30,
            "metrics": [
              "ic_pearson",
              "ic_spearman",
              "sharpe_ratio",
              "win_rate",
              "factor_decay"
            ]
          }
        },
        "factor_type": [
          "ml"
        ],
        "symbols": [],
        "timeframes": []
      },
      "results": {
        "factor_name": "pca_component_8",
        "data_length": 1713,
        "missing_ratio": 0.0,
        "ic_pearson": -0.024954348073661207,
        "ic_spearman": -0.02168084266381991,
        "ic_kendall": -0.014424442219220115,
        "mutual_information": 0.03216450858025347,
        "long_short_return": 0.0007733222818807938,
        "long_return": 0.005785811800336863,
        "short_return": 0.005012489518456069,
        "returns_std": 0.05043669723935515,
        "sharpe_ratio": 0.015332532148385395,
        "group_returns": {
          "0": 0.005012489518456069,
          "1": -0.0011818060160278623,
          "2": -0.0013919070535345186,
          "3": 0.0007630381150927519,
          "4": 0.005785811800336863
        },
        "skewness": -0.3524000364790397,
        "kurtosis": 0.8720912263319867,
        "turnover": 0.18536275513829298,
        "win_rate": 0.47285464098073554,
        "autocorr_lag_1": 0.8773371082936458,
        "autocorr_lag_2": 0.7888652808152335,
        "autocorr_lag_3": 0.7038797603191708,
        "autocorr_lag_4": 0.6058725186770904,
        "autocorr_lag_5": 0.5369582779515834,
        "autocorr_lag_6": 0.46766152502069464,
        "autocorr_lag_7": 0.4040939220391179,
        "autocorr_lag_8": 0.3473664082834787,
        "autocorr_lag_9": 0.3127284669501553,
        "autocorr_lag_10": 0.2646299945052749
      },
      "evaluated_at": "2025-08-15T01:52:00.186683"
    }
  ]
}