{
  "factor_id": "pca_component_2",
  "evaluations": [
    {
      "metadata": {
        "mining_session": true,
        "mining_config": {
          "factor_types": [
            "ml"
          ],
          "optimization": {
            "method": "greedy",
            "max_factors": 15,
            "min_ic": 0.02,
            "min_ir": 0.1
          },
          "evaluation": {
            "min_sample_size": 30,
            "metrics": [
              "ic_pearson",
              "ic_spearman",
              "sharpe_ratio",
              "win_rate",
              "factor_decay"
            ]
          }
        },
        "factor_type": [
          "ml"
        ],
        "symbols": [],
        "timeframes": []
      },
      "results": {
        "factor_name": "pca_component_2",
        "data_length": 217441,
        "missing_ratio": 0.0,
        "ic_pearson": 0.08127657576530799,
        "ic_spearman": 0.08048173962328699,
        "ic_kendall": 0.0569666095261305,
        "mutual_information": 0.0021669733124406285,
        "long_short_return": 0.0003628566698890967,
        "long_return": 0.0002504836925882175,
        "short_return": -0.00011237297730087925,
        "returns_std": 0.0017587877629912118,
        "sharpe_ratio": 0.20631066324453942,
        "group_returns": {
          "0": -0.00011237297730087925,
          "1": -7.275362899162909e-05,
          "2": -3.76688524638082e-05,
          "3": -1.4629501557110033e-05,
          "4": 0.0002504836925882175
        },
        "skewness": 4.864006518577274,
        "kurtosis": 74.74801337801115,
        "turnover": 0.37025011041548445,
        "win_rate": 0.48687230099199325,
        "autocorr_lag_1": 0.955999143405881,
        "autocorr_lag_2": 0.9329823107092756,
        "autocorr_lag_3": 0.9085016977226876,
        "autocorr_lag_4": 0.8824033397232021,
        "autocorr_lag_5": 0.8522415846952597,
        "autocorr_lag_6": 0.8343133032451528,
        "autocorr_lag_7": 0.817833348670649,
        "autocorr_lag_8": 0.8022975350288312,
        "autocorr_lag_9": 0.7877989249387539,
        "autocorr_lag_10": 0.771855626740552
      },
      "evaluated_at": "2025-08-20T09:12:31.319103"
    }
  ]
}