{
  "factor_id": "price_range",
  "evaluations": [
    {
      "metadata": {
        "mining_session": true,
        "mining_config": {
          "factor_types": [
            "technical",
            "statistical"
          ],
          "optimization": {
            "method": "greedy",
            "max_factors": 15,
            "min_ic": 0.02,
            "min_ir": 0.1
          },
          "evaluation": {
            "min_sample_size": 30,
            "metrics": [
              "ic_pearson",
              "ic_spearman",
              "sharpe_ratio",
              "win_rate",
              "factor_decay"
            ]
          }
        },
        "factor_type": [
          "technical",
          "statistical"
        ],
        "symbols": [],
        "timeframes": []
      },
      "results": {
        "factor_name": "price_range",
        "data_length": 2263,
        "missing_ratio": 0.0,
        "ic_pearson": -0.010145172836101569,
        "ic_spearman": -0.03688952297178258,
        "ic_kendall": -0.025373774640985034,
        "mutual_information": 0.04022210592454679,
        "long_short_return": 0.0004196442229075232,
        "long_return": 0.0015642958238463517,
        "short_return": 0.0011446516009388284,
        "returns_std": 0.03441244380071443,
        "sharpe_ratio": 0.01219454873178205,
        "group_returns": {
          "0": 0.0011446516009388284,
          "1": 0.0015681859598559147,
          "2": 0.0002480347775689598,
          "3": -0.0008358605975896459,
          "4": 0.0015642958238463517
        },
        "skewness": 1.7221555867235725,
        "kurtosis": 3.9360934905868645,
        "turnover": 0.013156732028459855,
        "win_rate": 0.48784798939460894,
        "autocorr_lag_1": 0.9731355724851135,
        "autocorr_lag_2": 0.937465602962807,
        "autocorr_lag_3": 0.898063112595781,
        "autocorr_lag_4": 0.8557439547046064,
        "autocorr_lag_5": 0.8114750357983107,
        "autocorr_lag_6": 0.7650403590781143,
        "autocorr_lag_7": 0.7183013074065329,
        "autocorr_lag_8": 0.6726914993207244,
        "autocorr_lag_9": 0.6268875783388889,
        "autocorr_lag_10": 0.5800489768919237
      },
      "evaluated_at": "2025-08-18T14:29:27.001477"
    },
    {
      "metadata": {
        "mining_session": true,
        "mining_config": {
          "factor_types": [
            "technical",
            "statistical"
          ],
          "optimization": {
            "method": "greedy",
            "max_factors": 15,
            "min_ic": 0.02,
            "min_ir": 0.1
          },
          "evaluation": {
            "min_sample_size": 30,
            "metrics": [
              "ic_pearson",
              "ic_spearman",
              "sharpe_ratio",
              "win_rate",
              "factor_decay"
            ]
          }
        },
        "factor_type": [
          "technical",
          "statistical"
        ],
        "symbols": [],
        "timeframes": []
      },
      "results": {
        "factor_name": "price_range",
        "data_length": 3429,
        "missing_ratio": 0.0,
        "ic_pearson": 0.07225306065320813,
        "ic_spearman": -0.047609947411177224,
        "ic_kendall": -0.032281527526703976,
        "mutual_information": 0.03896984945135376,
        "long_short_return": 0.00040946519682583224,
        "long_return": 0.001428230053468139,
        "short_return": 0.0010187648566423067,
        "returns_std": 0.03766151448939485,
        "sharpe_ratio": 0.010872244581166113,
        "group_returns": {
          "0": 0.0010187648566423067,
          "1": 0.0008889425927578282,
          "2": 0.0004244045322103892,
          "3": 0.001051574456279243,
          "4": 0.001428230053468139
        },
        "skewness": 5.069278451474836,
        "kurtosis": 42.62406352258248,
        "turnover": 0.016268909020858185,
        "win_rate": 0.4992709244677749,
        "autocorr_lag_1": 0.9593186764068539,
        "autocorr_lag_2": 0.9163140989109594,
        "autocorr_lag_3": 0.8798318049706311,
        "autocorr_lag_4": 0.8332728979247058,
        "autocorr_lag_5": 0.7907738797349542,
        "autocorr_lag_6": 0.7425173845966778,
        "autocorr_lag_7": 0.6996424512475684,
        "autocorr_lag_8": 0.6655295547388885,
        "autocorr_lag_9": 0.6310415340023166,
        "autocorr_lag_10": 0.6022172125028249
      },
      "evaluated_at": "2025-08-18T14:32:24.840590"
    },
    {
      "metadata": {
        "mining_session": true,
        "mining_config": {
          "factor_types": [
            "technical",
            "statistical",
            "ml"
          ],
          "optimization": {
            "method": "greedy",
            "max_factors": 15,
            "min_ic": 0.02,
            "min_ir": 0.1
          },
          "evaluation": {
            "min_sample_size": 30,
            "metrics": [
              "ic_pearson",
              "ic_spearman",
              "sharpe_ratio",
              "win_rate",
              "factor_decay"
            ]
          }
        },
        "factor_type": [
          "technical",
          "statistical",
          "ml"
        ],
        "symbols": [],
        "timeframes": []
      },
      "results": {
        "factor_name": "price_range",
        "data_length": 3429,
        "missing_ratio": 0.0,
        "ic_pearson": 0.07225306065320813,
        "ic_spearman": -0.047609947411177224,
        "ic_kendall": -0.032281527526703976,
        "mutual_information": 0.03896984945135376,
        "long_short_return": 0.00040946519682583224,
        "long_return": 0.001428230053468139,
        "short_return": 0.0010187648566423067,
        "returns_std": 0.03766151448939485,
        "sharpe_ratio": 0.010872244581166113,
        "group_returns": {
          "0": 0.0010187648566423067,
          "1": 0.0008889425927578282,
          "2": 0.0004244045322103892,
          "3": 0.001051574456279243,
          "4": 0.001428230053468139
        },
        "skewness": 5.069278451474836,
        "kurtosis": 42.62406352258248,
        "turnover": 0.016268909020858185,
        "win_rate": 0.4992709244677749,
        "autocorr_lag_1": 0.9593186764068539,
        "autocorr_lag_2": 0.9163140989109594,
        "autocorr_lag_3": 0.8798318049706311,
        "autocorr_lag_4": 0.8332728979247058,
        "autocorr_lag_5": 0.7907738797349542,
        "autocorr_lag_6": 0.7425173845966778,
        "autocorr_lag_7": 0.6996424512475684,
        "autocorr_lag_8": 0.6655295547388885,
        "autocorr_lag_9": 0.6310415340023166,
        "autocorr_lag_10": 0.6022172125028249
      },
      "evaluated_at": "2025-08-18T14:45:33.090045"
    }
  ]
}