{
  "factor_id": "price_deviation_50",
  "evaluations": [
    {
      "metadata": {
        "mining_session": true,
        "mining_config": {
          "factor_types": [
            "technical",
            "statistical"
          ],
          "optimization": {
            "method": "greedy",
            "max_factors": 15,
            "min_ic": 0.02,
            "min_ir": 0.1
          },
          "evaluation": {
            "min_sample_size": 30,
            "metrics": [
              "ic_pearson",
              "ic_spearman",
              "sharpe_ratio",
              "win_rate",
              "factor_decay"
            ]
          }
        },
        "factor_type": [
          "technical",
          "statistical"
        ],
        "symbols": [],
        "timeframes": []
      },
      "results": {
        "factor_name": "price_deviation_50",
        "data_length": 2263,
        "missing_ratio": 0.0,
        "ic_pearson": 0.25200062800563033,
        "ic_spearman": 0.19019588546913838,
        "ic_kendall": 0.13236708287368473,
        "mutual_information": 0.044977499104084696,
        "long_short_return": 0.020508350330703126,
        "long_return": 0.01294037824641502,
        "short_return": -0.007567972084288105,
        "returns_std": 0.03441244380071443,
        "sharpe_ratio": 0.595957394059801,
        "group_returns": {
          "0": -0.007567972084288105,
          "1": -0.0034503430669600597,
          "2": 0.0005273109350605041,
          "3": 0.0012320572610286422,
          "4": 0.01294037824641502
        },
        "skewness": 1.9629673848582525,
        "kurtosis": 6.925834433751282,
        "turnover": 0.021286278004144347,
        "win_rate": 0.49536014140521434,
        "autocorr_lag_1": 0.9680888628709651,
        "autocorr_lag_2": 0.9385734543247455,
        "autocorr_lag_3": 0.9138203559004426,
        "autocorr_lag_4": 0.8883730845437563,
        "autocorr_lag_5": 0.8615914628417699,
        "autocorr_lag_6": 0.8340145554250386,
        "autocorr_lag_7": 0.8110007257395137,
        "autocorr_lag_8": 0.7876812082616031,
        "autocorr_lag_9": 0.7636233342574649,
        "autocorr_lag_10": 0.7389867884038184
      },
      "evaluated_at": "2025-08-18T14:29:26.979383"
    },
    {
      "metadata": {
        "mining_session": true,
        "mining_config": {
          "factor_types": [
            "technical",
            "statistical"
          ],
          "optimization": {
            "method": "greedy",
            "max_factors": 15,
            "min_ic": 0.02,
            "min_ir": 0.1
          },
          "evaluation": {
            "min_sample_size": 30,
            "metrics": [
              "ic_pearson",
              "ic_spearman",
              "sharpe_ratio",
              "win_rate",
              "factor_decay"
            ]
          }
        },
        "factor_type": [
          "technical",
          "statistical"
        ],
        "symbols": [],
        "timeframes": []
      },
      "results": {
        "factor_name": "price_deviation_50",
        "data_length": 3429,
        "missing_ratio": 0.0,
        "ic_pearson": 0.27356386597531357,
        "ic_spearman": 0.18252307657256545,
        "ic_kendall": 0.12858840487342232,
        "mutual_information": 0.04699977339612799,
        "long_short_return": 0.022276585801631298,
        "long_return": 0.014118000767105596,
        "short_return": -0.0081585850345257,
        "returns_std": 0.03766151448939485,
        "sharpe_ratio": 0.5914946890387052,
        "group_returns": {
          "0": -0.0081585850345257,
          "1": -0.0032625834023605913,
          "2": -0.00022997095219880558,
          "3": 0.002342280898624212,
          "4": 0.014118000767105596
        },
        "skewness": 2.8234372779055446,
        "kurtosis": 18.685248372540222,
        "turnover": 0.022381471954693366,
        "win_rate": 0.47389909594634005,
        "autocorr_lag_1": 0.9602245763052267,
        "autocorr_lag_2": 0.931323655800999,
        "autocorr_lag_3": 0.9027661655153562,
        "autocorr_lag_4": 0.8713195801796587,
        "autocorr_lag_5": 0.8435875716435591,
        "autocorr_lag_6": 0.8109760348321503,
        "autocorr_lag_7": 0.7750172249000061,
        "autocorr_lag_8": 0.7383245792131873,
        "autocorr_lag_9": 0.6990597971620011,
        "autocorr_lag_10": 0.6611125663141416
      },
      "evaluated_at": "2025-08-18T14:32:24.822111"
    },
    {
      "metadata": {
        "mining_session": true,
        "mining_config": {
          "factor_types": [
            "technical",
            "statistical",
            "ml"
          ],
          "optimization": {
            "method": "greedy",
            "max_factors": 15,
            "min_ic": 0.02,
            "min_ir": 0.1
          },
          "evaluation": {
            "min_sample_size": 30,
            "metrics": [
              "ic_pearson",
              "ic_spearman",
              "sharpe_ratio",
              "win_rate",
              "factor_decay"
            ]
          }
        },
        "factor_type": [
          "technical",
          "statistical",
          "ml"
        ],
        "symbols": [],
        "timeframes": []
      },
      "results": {
        "factor_name": "price_deviation_50",
        "data_length": 3429,
        "missing_ratio": 0.0,
        "ic_pearson": 0.27356386597531357,
        "ic_spearman": 0.18252307657256545,
        "ic_kendall": 0.12858840487342232,
        "mutual_information": 0.04699977339612799,
        "long_short_return": 0.022276585801631298,
        "long_return": 0.014118000767105596,
        "short_return": -0.0081585850345257,
        "returns_std": 0.03766151448939485,
        "sharpe_ratio": 0.5914946890387052,
        "group_returns": {
          "0": -0.0081585850345257,
          "1": -0.0032625834023605913,
          "2": -0.00022997095219880558,
          "3": 0.002342280898624212,
          "4": 0.014118000767105596
        },
        "skewness": 2.8234372779055446,
        "kurtosis": 18.685248372540222,
        "turnover": 0.022381471954693366,
        "win_rate": 0.47389909594634005,
        "autocorr_lag_1": 0.9602245763052267,
        "autocorr_lag_2": 0.931323655800999,
        "autocorr_lag_3": 0.9027661655153562,
        "autocorr_lag_4": 0.8713195801796587,
        "autocorr_lag_5": 0.8435875716435591,
        "autocorr_lag_6": 0.8109760348321503,
        "autocorr_lag_7": 0.7750172249000061,
        "autocorr_lag_8": 0.7383245792131873,
        "autocorr_lag_9": 0.6990597971620011,
        "autocorr_lag_10": 0.6611125663141416
      },
      "evaluated_at": "2025-08-18T14:45:33.064122"
    }
  ]
}