{
  "factor_id": "price_position_20",
  "evaluations": [
    {
      "metadata": {
        "mining_session": true,
        "mining_config": {
          "factor_types": [
            "technical",
            "statistical"
          ],
          "optimization": {
            "method": "greedy",
            "max_factors": 15,
            "min_ic": 0.02,
            "min_ir": 0.1
          },
          "evaluation": {
            "min_sample_size": 30,
            "metrics": [
              "ic_pearson",
              "ic_spearman",
              "sharpe_ratio",
              "win_rate",
              "factor_decay"
            ]
          }
        },
        "factor_type": [
          "technical",
          "statistical"
        ],
        "symbols": [],
        "timeframes": []
      },
      "results": {
        "factor_name": "price_position_20",
        "data_length": 2263,
        "missing_ratio": 0.0,
        "ic_pearson": 0.3418426193476065,
        "ic_spearman": 0.3524812545886554,
        "ic_kendall": 0.24149330722102127,
        "mutual_information": 0.07121863246713046,
        "long_short_return": 0.03587336405111443,
        "long_return": 0.021580039442438973,
        "short_return": -0.014293324608675459,
        "returns_std": 0.03441244380071443,
        "sharpe_ratio": 1.042453254958012,
        "group_returns": {
          "0": -0.014293324608675459,
          "1": -0.0025515881231714045,
          "2": -0.002247608860490354,
          "3": 0.001163028431375881,
          "4": 0.021580039442438973
        },
        "skewness": 0.0723997434763635,
        "kurtosis": -1.1067685981622128,
        "turnover": 0.09590269313638838,
        "win_rate": 0.48784798939460894,
        "autocorr_lag_1": 0.880426745221486,
        "autocorr_lag_2": 0.7773100799845274,
        "autocorr_lag_3": 0.6892361004428377,
        "autocorr_lag_4": 0.6020763027732526,
        "autocorr_lag_5": 0.5280343999582526,
        "autocorr_lag_6": 0.45789396745027605,
        "autocorr_lag_7": 0.4008167564009942,
        "autocorr_lag_8": 0.3453890334964813,
        "autocorr_lag_9": 0.2969557448599589,
        "autocorr_lag_10": 0.25494903151526105
      },
      "evaluated_at": "2025-08-18T14:29:26.978537"
    },
    {
      "metadata": {
        "mining_session": true,
        "mining_config": {
          "factor_types": [
            "technical",
            "statistical"
          ],
          "optimization": {
            "method": "greedy",
            "max_factors": 15,
            "min_ic": 0.02,
            "min_ir": 0.1
          },
          "evaluation": {
            "min_sample_size": 30,
            "metrics": [
              "ic_pearson",
              "ic_spearman",
              "sharpe_ratio",
              "win_rate",
              "factor_decay"
            ]
          }
        },
        "factor_type": [
          "technical",
          "statistical"
        ],
        "symbols": [],
        "timeframes": []
      },
      "results": {
        "factor_name": "price_position_20",
        "data_length": 3429,
        "missing_ratio": 0.0,
        "ic_pearson": 0.2918638942528768,
        "ic_spearman": 0.3382578571348462,
        "ic_kendall": 0.23059739878390845,
        "mutual_information": 0.045572027691748625,
        "long_short_return": 0.034188381014167595,
        "long_return": 0.020120789098915164,
        "short_return": -0.01406759191525243,
        "returns_std": 0.03766151448939485,
        "sharpe_ratio": 0.9077803024568951,
        "group_returns": {
          "0": -0.01406759191525243,
          "1": -0.0009570951771911245,
          "2": -0.0006888426223332138,
          "3": 0.00038104252423636526,
          "4": 0.020120789098915164
        },
        "skewness": 0.15350043801632637,
        "kurtosis": -1.0960375295675706,
        "turnover": 0.09287932038874971,
        "win_rate": 0.4992709244677749,
        "autocorr_lag_1": 0.8759489349876476,
        "autocorr_lag_2": 0.7719349951087702,
        "autocorr_lag_3": 0.6751930164394846,
        "autocorr_lag_4": 0.5926840326781805,
        "autocorr_lag_5": 0.5234783388862522,
        "autocorr_lag_6": 0.459499494929299,
        "autocorr_lag_7": 0.39823038968016966,
        "autocorr_lag_8": 0.3410797122045866,
        "autocorr_lag_9": 0.2876634438988624,
        "autocorr_lag_10": 0.24550189604124978
      },
      "evaluated_at": "2025-08-18T14:32:24.821244"
    },
    {
      "metadata": {
        "mining_session": true,
        "mining_config": {
          "factor_types": [
            "technical",
            "statistical",
            "ml"
          ],
          "optimization": {
            "method": "greedy",
            "max_factors": 15,
            "min_ic": 0.02,
            "min_ir": 0.1
          },
          "evaluation": {
            "min_sample_size": 30,
            "metrics": [
              "ic_pearson",
              "ic_spearman",
              "sharpe_ratio",
              "win_rate",
              "factor_decay"
            ]
          }
        },
        "factor_type": [
          "technical",
          "statistical",
          "ml"
        ],
        "symbols": [],
        "timeframes": []
      },
      "results": {
        "factor_name": "price_position_20",
        "data_length": 3429,
        "missing_ratio": 0.0,
        "ic_pearson": 0.2918638942528768,
        "ic_spearman": 0.3382578571348462,
        "ic_kendall": 0.23059739878390845,
        "mutual_information": 0.045572027691748625,
        "long_short_return": 0.034188381014167595,
        "long_return": 0.020120789098915164,
        "short_return": -0.01406759191525243,
        "returns_std": 0.03766151448939485,
        "sharpe_ratio": 0.9077803024568951,
        "group_returns": {
          "0": -0.01406759191525243,
          "1": -0.0009570951771911245,
          "2": -0.0006888426223332138,
          "3": 0.00038104252423636526,
          "4": 0.020120789098915164
        },
        "skewness": 0.15350043801632637,
        "kurtosis": -1.0960375295675706,
        "turnover": 0.09287932038874971,
        "win_rate": 0.4992709244677749,
        "autocorr_lag_1": 0.8759489349876476,
        "autocorr_lag_2": 0.7719349951087702,
        "autocorr_lag_3": 0.6751930164394846,
        "autocorr_lag_4": 0.5926840326781805,
        "autocorr_lag_5": 0.5234783388862522,
        "autocorr_lag_6": 0.459499494929299,
        "autocorr_lag_7": 0.39823038968016966,
        "autocorr_lag_8": 0.3410797122045866,
        "autocorr_lag_9": 0.2876634438988624,
        "autocorr_lag_10": 0.24550189604124978
      },
      "evaluated_at": "2025-08-18T14:45:33.062466"
    }
  ]
}