{
  "factor_id": "price_rank_20",
  "evaluations": [
    {
      "metadata": {
        "mining_session": true,
        "mining_config": {
          "factor_types": [
            "technical",
            "statistical"
          ],
          "optimization": {
            "method": "greedy",
            "max_factors": 15,
            "min_ic": 0.02,
            "min_ir": 0.1
          },
          "evaluation": {
            "min_sample_size": 30,
            "metrics": [
              "ic_pearson",
              "ic_spearman",
              "sharpe_ratio",
              "win_rate",
              "factor_decay"
            ]
          }
        },
        "factor_type": [
          "technical",
          "statistical"
        ],
        "symbols": [],
        "timeframes": []
      },
      "results": {
        "factor_name": "price_rank_20",
        "data_length": 2263,
        "missing_ratio": 0.0,
        "ic_pearson": 0.3286272111979374,
        "ic_spearman": 0.4022966160384598,
        "ic_kendall": 0.2844995626770803,
        "mutual_information": 0.06534644100997872,
        "long_short_return": 0.03957998439053889,
        "long_return": 0.025631758095901763,
        "short_return": -0.01394822629463713,
        "returns_std": 0.03441244380071443,
        "sharpe_ratio": 1.150164882789207,
        "group_returns": {
          "0": -0.01394822629463713,
          "1": -0.0016638253531330506,
          "2": 0.0008322667848981714,
          "3": 0.0004658946428214355,
          "4": 0.025631758095901763
        },
        "skewness": 0.12868184682970354,
        "kurtosis": -1.449270376714477,
        "turnover": 0.12186134641105664,
        "win_rate": 0.48784798939460894,
        "autocorr_lag_1": 0.8590227887863224,
        "autocorr_lag_2": 0.7485291432319539,
        "autocorr_lag_3": 0.6507943903535375,
        "autocorr_lag_4": 0.5568423154868805,
        "autocorr_lag_5": 0.4809274460006371,
        "autocorr_lag_6": 0.4015271937036994,
        "autocorr_lag_7": 0.3430420408151296,
        "autocorr_lag_8": 0.2844490735813121,
        "autocorr_lag_9": 0.23563368998226367,
        "autocorr_lag_10": 0.19282046308663747
      },
      "evaluated_at": "2025-08-18T14:29:27.004072"
    },
    {
      "metadata": {
        "mining_session": true,
        "mining_config": {
          "factor_types": [
            "technical",
            "statistical"
          ],
          "optimization": {
            "method": "greedy",
            "max_factors": 15,
            "min_ic": 0.02,
            "min_ir": 0.1
          },
          "evaluation": {
            "min_sample_size": 30,
            "metrics": [
              "ic_pearson",
              "ic_spearman",
              "sharpe_ratio",
              "win_rate",
              "factor_decay"
            ]
          }
        },
        "factor_type": [
          "technical",
          "statistical"
        ],
        "symbols": [],
        "timeframes": []
      },
      "results": {
        "factor_name": "price_rank_20",
        "data_length": 3429,
        "missing_ratio": 0.0,
        "ic_pearson": 0.32694290883410065,
        "ic_spearman": 0.40973057546941777,
        "ic_kendall": 0.28958338104949727,
        "mutual_information": 0.05792423195828278,
        "long_short_return": 0.044521967199989604,
        "long_return": 0.02876702893014389,
        "short_return": -0.01575493826984572,
        "returns_std": 0.03766151448939485,
        "sharpe_ratio": 1.1821608292605066,
        "group_returns": {
          "0": -0.01575493826984572,
          "1": -0.0008039004397690074,
          "2": -0.0016056908758051408,
          "3": 0.0003347038455351616,
          "4": 0.02876702893014389
        },
        "skewness": -0.007737545710087573,
        "kurtosis": -1.481986949863808,
        "turnover": 0.1291999119976533,
        "win_rate": 0.4992709244677749,
        "autocorr_lag_1": 0.8373245726033809,
        "autocorr_lag_2": 0.721492312160855,
        "autocorr_lag_3": 0.6176990757633516,
        "autocorr_lag_4": 0.531542388957568,
        "autocorr_lag_5": 0.46561371003582663,
        "autocorr_lag_6": 0.4029644567780726,
        "autocorr_lag_7": 0.33769079474619196,
        "autocorr_lag_8": 0.2781040939158922,
        "autocorr_lag_9": 0.22512699823921334,
        "autocorr_lag_10": 0.1803270574603426
      },
      "evaluated_at": "2025-08-18T14:32:24.844091"
    },
    {
      "metadata": {
        "mining_session": true,
        "mining_config": {
          "factor_types": [
            "technical",
            "statistical",
            "ml"
          ],
          "optimization": {
            "method": "greedy",
            "max_factors": 15,
            "min_ic": 0.02,
            "min_ir": 0.1
          },
          "evaluation": {
            "min_sample_size": 30,
            "metrics": [
              "ic_pearson",
              "ic_spearman",
              "sharpe_ratio",
              "win_rate",
              "factor_decay"
            ]
          }
        },
        "factor_type": [
          "technical",
          "statistical",
          "ml"
        ],
        "symbols": [],
        "timeframes": []
      },
      "results": {
        "factor_name": "price_rank_20",
        "data_length": 3429,
        "missing_ratio": 0.0,
        "ic_pearson": 0.32694290883410065,
        "ic_spearman": 0.40973057546941777,
        "ic_kendall": 0.28958338104949727,
        "mutual_information": 0.05792423195828278,
        "long_short_return": 0.044521967199989604,
        "long_return": 0.02876702893014389,
        "short_return": -0.01575493826984572,
        "returns_std": 0.03766151448939485,
        "sharpe_ratio": 1.1821608292605066,
        "group_returns": {
          "0": -0.01575493826984572,
          "1": -0.0008039004397690074,
          "2": -0.0016056908758051408,
          "3": 0.0003347038455351616,
          "4": 0.02876702893014389
        },
        "skewness": -0.007737545710087573,
        "kurtosis": -1.481986949863808,
        "turnover": 0.1291999119976533,
        "win_rate": 0.4992709244677749,
        "autocorr_lag_1": 0.8373245726033809,
        "autocorr_lag_2": 0.721492312160855,
        "autocorr_lag_3": 0.6176990757633516,
        "autocorr_lag_4": 0.531542388957568,
        "autocorr_lag_5": 0.46561371003582663,
        "autocorr_lag_6": 0.4029644567780726,
        "autocorr_lag_7": 0.33769079474619196,
        "autocorr_lag_8": 0.2781040939158922,
        "autocorr_lag_9": 0.22512699823921334,
        "autocorr_lag_10": 0.1803270574603426
      },
      "evaluated_at": "2025-08-18T14:45:33.095394"
    }
  ]
}