{
  "factor_id": "price_deviation_20",
  "evaluations": [
    {
      "metadata": {
        "mining_session": true,
        "mining_config": {
          "factor_types": [
            "technical",
            "statistical"
          ],
          "optimization": {
            "method": "greedy",
            "max_factors": 15,
            "min_ic": 0.02,
            "min_ir": 0.1
          },
          "evaluation": {
            "min_sample_size": 30,
            "metrics": [
              "ic_pearson",
              "ic_spearman",
              "sharpe_ratio",
              "win_rate",
              "factor_decay"
            ]
          }
        },
        "factor_type": [
          "technical",
          "statistical"
        ],
        "symbols": [],
        "timeframes": []
      },
      "results": {
        "factor_name": "price_deviation_20",
        "data_length": 2263,
        "missing_ratio": 0.0,
        "ic_pearson": 0.3897077677000337,
        "ic_spearman": 0.30053273818783693,
        "ic_kendall": 0.2132214356893315,
        "mutual_information": 0.07074929677090083,
        "long_short_return": 0.029535122003754466,
        "long_return": 0.016814858718470622,
        "short_return": -0.012720263285283844,
        "returns_std": 0.03441244380071443,
        "sharpe_ratio": 0.8582686592906631,
        "group_returns": {
          "0": -0.012720263285283844,
          "1": -0.0032245622712875803,
          "2": -0.0013592210842235106,
          "3": 0.0041734462284673535,
          "4": 0.016814858718470622
        },
        "skewness": 1.4340543253209155,
        "kurtosis": 6.488067772072938,
        "turnover": 0.021041375213241956,
        "win_rate": 0.4821034025629695,
        "autocorr_lag_1": 0.9092249357866355,
        "autocorr_lag_2": 0.8285154763032975,
        "autocorr_lag_3": 0.7608045872594617,
        "autocorr_lag_4": 0.6908781955275943,
        "autocorr_lag_5": 0.6174618459809402,
        "autocorr_lag_6": 0.5436363389275988,
        "autocorr_lag_7": 0.4830142307309842,
        "autocorr_lag_8": 0.42196281187793205,
        "autocorr_lag_9": 0.363709895406744,
        "autocorr_lag_10": 0.3106345307536602
      },
      "evaluated_at": "2025-08-18T14:29:26.978771"
    },
    {
      "metadata": {
        "mining_session": true,
        "mining_config": {
          "factor_types": [
            "technical",
            "statistical"
          ],
          "optimization": {
            "method": "greedy",
            "max_factors": 15,
            "min_ic": 0.02,
            "min_ir": 0.1
          },
          "evaluation": {
            "min_sample_size": 30,
            "metrics": [
              "ic_pearson",
              "ic_spearman",
              "sharpe_ratio",
              "win_rate",
              "factor_decay"
            ]
          }
        },
        "factor_type": [
          "technical",
          "statistical"
        ],
        "symbols": [],
        "timeframes": []
      },
      "results": {
        "factor_name": "price_deviation_20",
        "data_length": 3429,
        "missing_ratio": 0.0,
        "ic_pearson": 0.4100968563745706,
        "ic_spearman": 0.29612047080943893,
        "ic_kendall": 0.20961808158683753,
        "mutual_information": 0.06826030343092769,
        "long_short_return": 0.03282571561274831,
        "long_return": 0.019612400747582567,
        "short_return": -0.013213314865165741,
        "returns_std": 0.03766151448939485,
        "sharpe_ratio": 0.8715983958104431,
        "group_returns": {
          "0": -0.013213314865165741,
          "1": -0.004011072999575433,
          "2": -0.0007367887697922655,
          "3": 0.0031564405606288406,
          "4": 0.019612400747582567
        },
        "skewness": 2.6477589548924048,
        "kurtosis": 20.20243122353724,
        "turnover": 0.021618982077071965,
        "win_rate": 0.47973170020414113,
        "autocorr_lag_1": 0.9103842166275098,
        "autocorr_lag_2": 0.8451889440034001,
        "autocorr_lag_3": 0.7750236033965396,
        "autocorr_lag_4": 0.7083134601392842,
        "autocorr_lag_5": 0.6508335634193341,
        "autocorr_lag_6": 0.5852137904295126,
        "autocorr_lag_7": 0.5137382276296216,
        "autocorr_lag_8": 0.43981659405532014,
        "autocorr_lag_9": 0.3661763281205639,
        "autocorr_lag_10": 0.29596550418057416
      },
      "evaluated_at": "2025-08-18T14:32:24.821563"
    },
    {
      "metadata": {
        "mining_session": true,
        "mining_config": {
          "factor_types": [
            "technical",
            "statistical",
            "ml"
          ],
          "optimization": {
            "method": "greedy",
            "max_factors": 15,
            "min_ic": 0.02,
            "min_ir": 0.1
          },
          "evaluation": {
            "min_sample_size": 30,
            "metrics": [
              "ic_pearson",
              "ic_spearman",
              "sharpe_ratio",
              "win_rate",
              "factor_decay"
            ]
          }
        },
        "factor_type": [
          "technical",
          "statistical",
          "ml"
        ],
        "symbols": [],
        "timeframes": []
      },
      "results": {
        "factor_name": "price_deviation_20",
        "data_length": 3429,
        "missing_ratio": 0.0,
        "ic_pearson": 0.4100968563745706,
        "ic_spearman": 0.29612047080943893,
        "ic_kendall": 0.20961808158683753,
        "mutual_information": 0.06826030343092769,
        "long_short_return": 0.03282571561274831,
        "long_return": 0.019612400747582567,
        "short_return": -0.013213314865165741,
        "returns_std": 0.03766151448939485,
        "sharpe_ratio": 0.8715983958104431,
        "group_returns": {
          "0": -0.013213314865165741,
          "1": -0.004011072999575433,
          "2": -0.0007367887697922655,
          "3": 0.0031564405606288406,
          "4": 0.019612400747582567
        },
        "skewness": 2.6477589548924048,
        "kurtosis": 20.20243122353724,
        "turnover": 0.021618982077071965,
        "win_rate": 0.47973170020414113,
        "autocorr_lag_1": 0.9103842166275098,
        "autocorr_lag_2": 0.8451889440034001,
        "autocorr_lag_3": 0.7750236033965396,
        "autocorr_lag_4": 0.7083134601392842,
        "autocorr_lag_5": 0.6508335634193341,
        "autocorr_lag_6": 0.5852137904295126,
        "autocorr_lag_7": 0.5137382276296216,
        "autocorr_lag_8": 0.43981659405532014,
        "autocorr_lag_9": 0.3661763281205639,
        "autocorr_lag_10": 0.29596550418057416
      },
      "evaluated_at": "2025-08-18T14:45:33.063000"
    }
  ]
}