{
  "factor_id": "price_deviation_100",
  "evaluations": [
    {
      "metadata": {
        "mining_session": true,
        "mining_config": {
          "factor_types": [
            "technical",
            "statistical"
          ],
          "optimization": {
            "method": "greedy",
            "max_factors": 15,
            "min_ic": 0.02,
            "min_ir": 0.1
          },
          "evaluation": {
            "min_sample_size": 30,
            "metrics": [
              "ic_pearson",
              "ic_spearman",
              "sharpe_ratio",
              "win_rate",
              "factor_decay"
            ]
          }
        },
        "factor_type": [
          "technical",
          "statistical"
        ],
        "symbols": [],
        "timeframes": []
      },
      "results": {
        "factor_name": "price_deviation_100",
        "data_length": 2263,
        "missing_ratio": 0.0,
        "ic_pearson": 0.16929418107338753,
        "ic_spearman": 0.13514739888585933,
        "ic_kendall": 0.09290368462655231,
        "mutual_information": 0.033852143883251626,
        "long_short_return": 0.015569945491455725,
        "long_return": 0.009237517466474872,
        "short_return": -0.006332428024980854,
        "returns_std": 0.03441244380071443,
        "sharpe_ratio": 0.4524510256122083,
        "group_returns": {
          "0": -0.006332428024980854,
          "1": -0.0009959433198759718,
          "2": -0.0006061744718952753,
          "3": 0.0027981628983574165,
          "4": 0.009237517466474872
        },
        "skewness": 2.4392014996008826,
        "kurtosis": 8.713389698419673,
        "turnover": 0.021239390279831512,
        "win_rate": 0.47414935925762264,
        "autocorr_lag_1": 0.9849201717017251,
        "autocorr_lag_2": 0.970539158204343,
        "autocorr_lag_3": 0.958251673577955,
        "autocorr_lag_4": 0.9449475141451013,
        "autocorr_lag_5": 0.9314567455159589,
        "autocorr_lag_6": 0.9172632053163134,
        "autocorr_lag_7": 0.9054711579027683,
        "autocorr_lag_8": 0.8933861482792418,
        "autocorr_lag_9": 0.8805079582641387,
        "autocorr_lag_10": 0.8669449345522392
      },
      "evaluated_at": "2025-08-18T14:29:26.981233"
    },
    {
      "metadata": {
        "mining_session": true,
        "mining_config": {
          "factor_types": [
            "technical",
            "statistical"
          ],
          "optimization": {
            "method": "greedy",
            "max_factors": 15,
            "min_ic": 0.02,
            "min_ir": 0.1
          },
          "evaluation": {
            "min_sample_size": 30,
            "metrics": [
              "ic_pearson",
              "ic_spearman",
              "sharpe_ratio",
              "win_rate",
              "factor_decay"
            ]
          }
        },
        "factor_type": [
          "technical",
          "statistical"
        ],
        "symbols": [],
        "timeframes": []
      },
      "results": {
        "factor_name": "price_deviation_100",
        "data_length": 3429,
        "missing_ratio": 0.0,
        "ic_pearson": 0.2008993227595572,
        "ic_spearman": 0.12250041318266137,
        "ic_kendall": 0.0862220589527999,
        "mutual_information": 0.044085134704732784,
        "long_short_return": 0.016577869797163188,
        "long_return": 0.011190656828094484,
        "short_return": -0.005387212969068705,
        "returns_std": 0.03766151448939485,
        "sharpe_ratio": 0.44018064652793953,
        "group_returns": {
          "0": -0.005387212969068705,
          "1": -0.001624223217374776,
          "2": -0.0004613964769232985,
          "3": 0.0010906434019323902,
          "4": 0.011190656828094484
        },
        "skewness": 2.6982978140872995,
        "kurtosis": 12.899584805323457,
        "turnover": 0.023075400952542735,
        "win_rate": 0.47185768445610965,
        "autocorr_lag_1": 0.9779751398548302,
        "autocorr_lag_2": 0.9619099049929555,
        "autocorr_lag_3": 0.9467788020044124,
        "autocorr_lag_4": 0.9288191014877942,
        "autocorr_lag_5": 0.9130341970169049,
        "autocorr_lag_6": 0.8939014561862285,
        "autocorr_lag_7": 0.8727917016826949,
        "autocorr_lag_8": 0.8519964937460288,
        "autocorr_lag_9": 0.8292253755451517,
        "autocorr_lag_10": 0.8075989935661746
      },
      "evaluated_at": "2025-08-18T14:32:24.822641"
    },
    {
      "metadata": {
        "mining_session": true,
        "mining_config": {
          "factor_types": [
            "technical",
            "statistical",
            "ml"
          ],
          "optimization": {
            "method": "greedy",
            "max_factors": 15,
            "min_ic": 0.02,
            "min_ir": 0.1
          },
          "evaluation": {
            "min_sample_size": 30,
            "metrics": [
              "ic_pearson",
              "ic_spearman",
              "sharpe_ratio",
              "win_rate",
              "factor_decay"
            ]
          }
        },
        "factor_type": [
          "technical",
          "statistical",
          "ml"
        ],
        "symbols": [],
        "timeframes": []
      },
      "results": {
        "factor_name": "price_deviation_100",
        "data_length": 3429,
        "missing_ratio": 0.0,
        "ic_pearson": 0.2008993227595572,
        "ic_spearman": 0.12250041318266137,
        "ic_kendall": 0.0862220589527999,
        "mutual_information": 0.044085134704732784,
        "long_short_return": 0.016577869797163188,
        "long_return": 0.011190656828094484,
        "short_return": -0.005387212969068705,
        "returns_std": 0.03766151448939485,
        "sharpe_ratio": 0.44018064652793953,
        "group_returns": {
          "0": -0.005387212969068705,
          "1": -0.001624223217374776,
          "2": -0.0004613964769232985,
          "3": 0.0010906434019323902,
          "4": 0.011190656828094484
        },
        "skewness": 2.6982978140872995,
        "kurtosis": 12.899584805323457,
        "turnover": 0.023075400952542735,
        "win_rate": 0.47185768445610965,
        "autocorr_lag_1": 0.9779751398548302,
        "autocorr_lag_2": 0.9619099049929555,
        "autocorr_lag_3": 0.9467788020044124,
        "autocorr_lag_4": 0.9288191014877942,
        "autocorr_lag_5": 0.9130341970169049,
        "autocorr_lag_6": 0.8939014561862285,
        "autocorr_lag_7": 0.8727917016826949,
        "autocorr_lag_8": 0.8519964937460288,
        "autocorr_lag_9": 0.8292253755451517,
        "autocorr_lag_10": 0.8075989935661746
      },
      "evaluated_at": "2025-08-18T14:45:33.065197"
    }
  ]
}