{
  "factor_id": "q25_20",
  "evaluations": [
    {
      "metadata": {
        "mining_session": true,
        "mining_config": {
          "factor_types": [
            "technical",
            "statistical"
          ],
          "optimization": {
            "method": "greedy",
            "max_factors": 15,
            "min_ic": 0.02,
            "min_ir": 0.1
          },
          "evaluation": {
            "min_sample_size": 30,
            "metrics": [
              "ic_pearson",
              "ic_spearman",
              "sharpe_ratio",
              "win_rate",
              "factor_decay"
            ]
          }
        },
        "factor_type": [
          "technical",
          "statistical"
        ],
        "symbols": [],
        "timeframes": []
      },
      "results": {
        "factor_name": "q25_20",
        "data_length": 2263,
        "missing_ratio": 0.0,
        "ic_pearson": 0.08056626175372053,
        "ic_spearman": 0.1345503771655671,
        "ic_kendall": 0.09578734408069844,
        "mutual_information": 0.02340232444558323,
        "long_short_return": 0.011210496292573136,
        "long_return": 0.008178938566612969,
        "short_return": -0.0030315577259601685,
        "returns_std": 0.03441244380071443,
        "sharpe_ratio": 0.325768677095243,
        "group_returns": {
          "0": -0.0030315577259601685,
          "1": -0.001478554504180031,
          "2": 0.0001937454809445599,
          "3": -0.0001243428945210532,
          "4": 0.008178938566612969
        },
        "skewness": -1.2837366617843389,
        "kurtosis": 2.75906955292805,
        "turnover": 0.0013527089631273856,
        "win_rate": 0.49977905435262926,
        "autocorr_lag_1": 0.9555633065185106,
        "autocorr_lag_2": 0.9127404851190106,
        "autocorr_lag_3": 0.8723618770375468,
        "autocorr_lag_4": 0.832807636671813,
        "autocorr_lag_5": 0.7954474182960334,
        "autocorr_lag_6": 0.7587045613197506,
        "autocorr_lag_7": 0.7244944991467752,
        "autocorr_lag_8": 0.6899936683793995,
        "autocorr_lag_9": 0.6533350141740946,
        "autocorr_lag_10": 0.6164647471860188
      },
      "evaluated_at": "2025-08-18T14:29:27.002024"
    },
    {
      "metadata": {
        "mining_session": true,
        "mining_config": {
          "factor_types": [
            "technical",
            "statistical"
          ],
          "optimization": {
            "method": "greedy",
            "max_factors": 15,
            "min_ic": 0.02,
            "min_ir": 0.1
          },
          "evaluation": {
            "min_sample_size": 30,
            "metrics": [
              "ic_pearson",
              "ic_spearman",
              "sharpe_ratio",
              "win_rate",
              "factor_decay"
            ]
          }
        },
        "factor_type": [
          "technical",
          "statistical"
        ],
        "symbols": [],
        "timeframes": []
      },
      "results": {
        "factor_name": "q25_20",
        "data_length": 3429,
        "missing_ratio": 0.0,
        "ic_pearson": 0.09646162680995171,
        "ic_spearman": 0.12453561836025853,
        "ic_kendall": 0.08644007465819728,
        "mutual_information": 0.018036337931123095,
        "long_short_return": 0.008968229940758658,
        "long_return": 0.004995304225197822,
        "short_return": -0.003972925715560836,
        "returns_std": 0.03766151448939485,
        "sharpe_ratio": 0.2381271720574071,
        "group_returns": {
          "0": -0.003972925715560836,
          "1": -0.00035989610132628467,
          "2": 0.002442644149750601,
          "3": 0.0017678475671369551,
          "4": 0.004995304225197822
        },
        "skewness": -1.5734344077188724,
        "kurtosis": 3.8066902637227544,
        "turnover": 0.001529401244069453,
        "win_rate": 0.4826480023330417,
        "autocorr_lag_1": 0.9439142589191892,
        "autocorr_lag_2": 0.9013006627300216,
        "autocorr_lag_3": 0.8612751187502615,
        "autocorr_lag_4": 0.8230099981008603,
        "autocorr_lag_5": 0.7941326532985478,
        "autocorr_lag_6": 0.7604957358879599,
        "autocorr_lag_7": 0.7260666511270216,
        "autocorr_lag_8": 0.6937168640233108,
        "autocorr_lag_9": 0.6604124924210575,
        "autocorr_lag_10": 0.6306338650107802
      },
      "evaluated_at": "2025-08-18T14:32:24.841389"
    },
    {
      "metadata": {
        "mining_session": true,
        "mining_config": {
          "factor_types": [
            "technical",
            "statistical",
            "ml"
          ],
          "optimization": {
            "method": "greedy",
            "max_factors": 15,
            "min_ic": 0.02,
            "min_ir": 0.1
          },
          "evaluation": {
            "min_sample_size": 30,
            "metrics": [
              "ic_pearson",
              "ic_spearman",
              "sharpe_ratio",
              "win_rate",
              "factor_decay"
            ]
          }
        },
        "factor_type": [
          "technical",
          "statistical",
          "ml"
        ],
        "symbols": [],
        "timeframes": []
      },
      "results": {
        "factor_name": "q25_20",
        "data_length": 3429,
        "missing_ratio": 0.0,
        "ic_pearson": 0.09646162680995171,
        "ic_spearman": 0.12453561836025853,
        "ic_kendall": 0.08644007465819728,
        "mutual_information": 0.018036337931123095,
        "long_short_return": 0.008968229940758658,
        "long_return": 0.004995304225197822,
        "short_return": -0.003972925715560836,
        "returns_std": 0.03766151448939485,
        "sharpe_ratio": 0.2381271720574071,
        "group_returns": {
          "0": -0.003972925715560836,
          "1": -0.00035989610132628467,
          "2": 0.002442644149750601,
          "3": 0.0017678475671369551,
          "4": 0.004995304225197822
        },
        "skewness": -1.5734344077188724,
        "kurtosis": 3.8066902637227544,
        "turnover": 0.001529401244069453,
        "win_rate": 0.4826480023330417,
        "autocorr_lag_1": 0.9439142589191892,
        "autocorr_lag_2": 0.9013006627300216,
        "autocorr_lag_3": 0.8612751187502615,
        "autocorr_lag_4": 0.8230099981008603,
        "autocorr_lag_5": 0.7941326532985478,
        "autocorr_lag_6": 0.7604957358879599,
        "autocorr_lag_7": 0.7260666511270216,
        "autocorr_lag_8": 0.6937168640233108,
        "autocorr_lag_9": 0.6604124924210575,
        "autocorr_lag_10": 0.6306338650107802
      },
      "evaluated_at": "2025-08-18T14:45:33.091390"
    }
  ]
}