{
  "factor_id": "q75_50",
  "evaluations": [
    {
      "metadata": {
        "mining_session": true,
        "mining_config": {
          "factor_types": [
            "technical",
            "statistical"
          ],
          "optimization": {
            "method": "greedy",
            "max_factors": 15,
            "min_ic": 0.02,
            "min_ir": 0.1
          },
          "evaluation": {
            "min_sample_size": 30,
            "metrics": [
              "ic_pearson",
              "ic_spearman",
              "sharpe_ratio",
              "win_rate",
              "factor_decay"
            ]
          }
        },
        "factor_type": [
          "technical",
          "statistical"
        ],
        "symbols": [],
        "timeframes": []
      },
      "results": {
        "factor_name": "q75_50",
        "data_length": 2263,
        "missing_ratio": 0.0,
        "ic_pearson": 0.06005286101242571,
        "ic_spearman": 0.05707614442983846,
        "ic_kendall": 0.03894516009959523,
        "mutual_information": 0.02469606255003941,
        "long_short_return": 0.007131714678707304,
        "long_return": 0.005398130730472367,
        "short_return": -0.0017335839482349369,
        "returns_std": 0.03441244380071443,
        "sharpe_ratio": 0.20724231966807435,
        "group_returns": {
          "0": -0.0017335839482349369,
          "1": -0.0015887385907573865,
          "2": 0.0012605915965223124,
          "3": 0.0003665660157301704,
          "4": 0.005398130730472367
        },
        "skewness": 2.0487912306982397,
        "kurtosis": 8.818810929900856,
        "turnover": 0.0006016285865525474,
        "win_rate": 0.4812196199734865,
        "autocorr_lag_1": 0.9863245643266676,
        "autocorr_lag_2": 0.9734319627342071,
        "autocorr_lag_3": 0.9598103912788893,
        "autocorr_lag_4": 0.9459709207858854,
        "autocorr_lag_5": 0.932965577031719,
        "autocorr_lag_6": 0.9188760177458684,
        "autocorr_lag_7": 0.9058969168194326,
        "autocorr_lag_8": 0.8915129836266749,
        "autocorr_lag_9": 0.8763875570011946,
        "autocorr_lag_10": 0.8613491513138717
      },
      "evaluated_at": "2025-08-18T14:29:27.003001"
    },
    {
      "metadata": {
        "mining_session": true,
        "mining_config": {
          "factor_types": [
            "technical",
            "statistical"
          ],
          "optimization": {
            "method": "greedy",
            "max_factors": 15,
            "min_ic": 0.02,
            "min_ir": 0.1
          },
          "evaluation": {
            "min_sample_size": 30,
            "metrics": [
              "ic_pearson",
              "ic_spearman",
              "sharpe_ratio",
              "win_rate",
              "factor_decay"
            ]
          }
        },
        "factor_type": [
          "technical",
          "statistical"
        ],
        "symbols": [],
        "timeframes": []
      },
      "results": {
        "factor_name": "q75_50",
        "data_length": 3429,
        "missing_ratio": 0.0,
        "ic_pearson": 0.06959281559290989,
        "ic_spearman": 0.05831626380289345,
        "ic_kendall": 0.040850832212220675,
        "mutual_information": 0.03041568243593533,
        "long_short_return": 0.008712002954109864,
        "long_return": 0.005814683787980427,
        "short_return": -0.002897319166129437,
        "returns_std": 0.03766151448939485,
        "sharpe_ratio": 0.23132375509123743,
        "group_returns": {
          "0": -0.002897319166129437,
          "1": -0.000575295288744691,
          "2": 0.0002882320004187051,
          "3": 0.002225112224872858,
          "4": 0.005814683787980427
        },
        "skewness": 2.2744389605775353,
        "kurtosis": 8.14472809109126,
        "turnover": 0.0005335074103891919,
        "win_rate": 0.49431321084864394,
        "autocorr_lag_1": 0.9894524857177698,
        "autocorr_lag_2": 0.9795080126200789,
        "autocorr_lag_3": 0.9684867376654531,
        "autocorr_lag_4": 0.9569242613522245,
        "autocorr_lag_5": 0.9452320846939198,
        "autocorr_lag_6": 0.9331012107412909,
        "autocorr_lag_7": 0.9191654584196004,
        "autocorr_lag_8": 0.9049075839259485,
        "autocorr_lag_9": 0.8904674275018849,
        "autocorr_lag_10": 0.8767232859043312
      },
      "evaluated_at": "2025-08-18T14:32:24.842777"
    },
    {
      "metadata": {
        "mining_session": true,
        "mining_config": {
          "factor_types": [
            "technical",
            "statistical",
            "ml"
          ],
          "optimization": {
            "method": "greedy",
            "max_factors": 15,
            "min_ic": 0.02,
            "min_ir": 0.1
          },
          "evaluation": {
            "min_sample_size": 30,
            "metrics": [
              "ic_pearson",
              "ic_spearman",
              "sharpe_ratio",
              "win_rate",
              "factor_decay"
            ]
          }
        },
        "factor_type": [
          "technical",
          "statistical",
          "ml"
        ],
        "symbols": [],
        "timeframes": []
      },
      "results": {
        "factor_name": "q75_50",
        "data_length": 3429,
        "missing_ratio": 0.0,
        "ic_pearson": 0.06959281559290989,
        "ic_spearman": 0.05831626380289345,
        "ic_kendall": 0.040850832212220675,
        "mutual_information": 0.03041568243593533,
        "long_short_return": 0.008712002954109864,
        "long_return": 0.005814683787980427,
        "short_return": -0.002897319166129437,
        "returns_std": 0.03766151448939485,
        "sharpe_ratio": 0.23132375509123743,
        "group_returns": {
          "0": -0.002897319166129437,
          "1": -0.000575295288744691,
          "2": 0.0002882320004187051,
          "3": 0.002225112224872858,
          "4": 0.005814683787980427
        },
        "skewness": 2.2744389605775353,
        "kurtosis": 8.14472809109126,
        "turnover": 0.0005335074103891919,
        "win_rate": 0.49431321084864394,
        "autocorr_lag_1": 0.9894524857177698,
        "autocorr_lag_2": 0.9795080126200789,
        "autocorr_lag_3": 0.9684867376654531,
        "autocorr_lag_4": 0.9569242613522245,
        "autocorr_lag_5": 0.9452320846939198,
        "autocorr_lag_6": 0.9331012107412909,
        "autocorr_lag_7": 0.9191654584196004,
        "autocorr_lag_8": 0.9049075839259485,
        "autocorr_lag_9": 0.8904674275018849,
        "autocorr_lag_10": 0.8767232859043312
      },
      "evaluated_at": "2025-08-18T14:45:33.093357"
    }
  ]
}