{
  "factor_id": "q75_20",
  "evaluations": [
    {
      "metadata": {
        "mining_session": true,
        "mining_config": {
          "factor_types": [
            "technical",
            "statistical"
          ],
          "optimization": {
            "method": "greedy",
            "max_factors": 15,
            "min_ic": 0.02,
            "min_ir": 0.1
          },
          "evaluation": {
            "min_sample_size": 30,
            "metrics": [
              "ic_pearson",
              "ic_spearman",
              "sharpe_ratio",
              "win_rate",
              "factor_decay"
            ]
          }
        },
        "factor_type": [
          "technical",
          "statistical"
        ],
        "symbols": [],
        "timeframes": []
      },
      "results": {
        "factor_name": "q75_20",
        "data_length": 2263,
        "missing_ratio": 0.0,
        "ic_pearson": 0.1454314190117545,
        "ic_spearman": 0.13381863281528436,
        "ic_kendall": 0.09293629158482286,
        "mutual_information": 0.041711514458356684,
        "long_short_return": 0.014359010799140363,
        "long_return": 0.009569454381836746,
        "short_return": -0.004789556417303618,
        "returns_std": 0.03441244380071443,
        "sharpe_ratio": 0.41726216488124734,
        "group_returns": {
          "0": -0.004789556417303618,
          "1": -0.0006199891959921561,
          "2": -0.002012506335135426,
          "3": 0.0015469270906171098,
          "4": 0.009569454381836746
        },
        "skewness": 1.7936619267138565,
        "kurtosis": 5.758894425611956,
        "turnover": 0.0014724530901442726,
        "win_rate": 0.4891736632788334,
        "autocorr_lag_1": 0.9519070247233342,
        "autocorr_lag_2": 0.9180187341765277,
        "autocorr_lag_3": 0.880869039407491,
        "autocorr_lag_4": 0.846649461264203,
        "autocorr_lag_5": 0.812615808135216,
        "autocorr_lag_6": 0.7777155388201371,
        "autocorr_lag_7": 0.7460711494032067,
        "autocorr_lag_8": 0.7129827647635365,
        "autocorr_lag_9": 0.6812439726459466,
        "autocorr_lag_10": 0.653010610895566
      },
      "evaluated_at": "2025-08-18T14:29:27.002212"
    },
    {
      "metadata": {
        "mining_session": true,
        "mining_config": {
          "factor_types": [
            "technical",
            "statistical"
          ],
          "optimization": {
            "method": "greedy",
            "max_factors": 15,
            "min_ic": 0.02,
            "min_ir": 0.1
          },
          "evaluation": {
            "min_sample_size": 30,
            "metrics": [
              "ic_pearson",
              "ic_spearman",
              "sharpe_ratio",
              "win_rate",
              "factor_decay"
            ]
          }
        },
        "factor_type": [
          "technical",
          "statistical"
        ],
        "symbols": [],
        "timeframes": []
      },
      "results": {
        "factor_name": "q75_20",
        "data_length": 3429,
        "missing_ratio": 0.0,
        "ic_pearson": 0.10230793530104713,
        "ic_spearman": 0.1287856053714408,
        "ic_kendall": 0.09095723155083307,
        "mutual_information": 0.030829024202025376,
        "long_short_return": 0.015108756737101096,
        "long_return": 0.0098107002633195,
        "short_return": -0.005298056473781597,
        "returns_std": 0.03766151448939485,
        "sharpe_ratio": 0.40117230923773894,
        "group_returns": {
          "0": -0.005298056473781597,
          "1": -0.0020960885361784296,
          "2": -7.3711092046365296e-06,
          "3": 0.0024203743299040163,
          "4": 0.0098107002633195
        },
        "skewness": 4.583664589502459,
        "kurtosis": 34.45922958821412,
        "turnover": 0.001484898514562453,
        "win_rate": 0.49664625255176437,
        "autocorr_lag_1": 0.966096987905412,
        "autocorr_lag_2": 0.9355366747098618,
        "autocorr_lag_3": 0.900668234591503,
        "autocorr_lag_4": 0.8640962032388082,
        "autocorr_lag_5": 0.8268160680623693,
        "autocorr_lag_6": 0.7860663092430785,
        "autocorr_lag_7": 0.7445447721014213,
        "autocorr_lag_8": 0.6989935939162237,
        "autocorr_lag_9": 0.6545446937261163,
        "autocorr_lag_10": 0.6124952747536454
      },
      "evaluated_at": "2025-08-18T14:32:24.841652"
    },
    {
      "metadata": {
        "mining_session": true,
        "mining_config": {
          "factor_types": [
            "technical",
            "statistical",
            "ml"
          ],
          "optimization": {
            "method": "greedy",
            "max_factors": 15,
            "min_ic": 0.02,
            "min_ir": 0.1
          },
          "evaluation": {
            "min_sample_size": 30,
            "metrics": [
              "ic_pearson",
              "ic_spearman",
              "sharpe_ratio",
              "win_rate",
              "factor_decay"
            ]
          }
        },
        "factor_type": [
          "technical",
          "statistical",
          "ml"
        ],
        "symbols": [],
        "timeframes": []
      },
      "results": {
        "factor_name": "q75_20",
        "data_length": 3429,
        "missing_ratio": 0.0,
        "ic_pearson": 0.10230793530104713,
        "ic_spearman": 0.1287856053714408,
        "ic_kendall": 0.09095723155083307,
        "mutual_information": 0.030829024202025376,
        "long_short_return": 0.015108756737101096,
        "long_return": 0.0098107002633195,
        "short_return": -0.005298056473781597,
        "returns_std": 0.03766151448939485,
        "sharpe_ratio": 0.40117230923773894,
        "group_returns": {
          "0": -0.005298056473781597,
          "1": -0.0020960885361784296,
          "2": -7.3711092046365296e-06,
          "3": 0.0024203743299040163,
          "4": 0.0098107002633195
        },
        "skewness": 4.583664589502459,
        "kurtosis": 34.45922958821412,
        "turnover": 0.001484898514562453,
        "win_rate": 0.49664625255176437,
        "autocorr_lag_1": 0.966096987905412,
        "autocorr_lag_2": 0.9355366747098618,
        "autocorr_lag_3": 0.900668234591503,
        "autocorr_lag_4": 0.8640962032388082,
        "autocorr_lag_5": 0.8268160680623693,
        "autocorr_lag_6": 0.7860663092430785,
        "autocorr_lag_7": 0.7445447721014213,
        "autocorr_lag_8": 0.6989935939162237,
        "autocorr_lag_9": 0.6545446937261163,
        "autocorr_lag_10": 0.6124952747536454
      },
      "evaluated_at": "2025-08-18T14:45:33.091737"
    }
  ]
}