{
  "factor_id": "returns_zscore_50",
  "evaluations": [
    {
      "metadata": {
        "mining_session": true,
        "mining_config": {
          "factor_types": [
            "technical",
            "statistical"
          ],
          "optimization": {
            "method": "greedy",
            "max_factors": 15,
            "min_ic": 0.02,
            "min_ir": 0.1
          },
          "evaluation": {
            "min_sample_size": 30,
            "metrics": [
              "ic_pearson",
              "ic_spearman",
              "sharpe_ratio",
              "win_rate",
              "factor_decay"
            ]
          }
        },
        "factor_type": [
          "technical",
          "statistical"
        ],
        "symbols": [],
        "timeframes": []
      },
      "results": {
        "factor_name": "returns_zscore_50",
        "data_length": 2263,
        "missing_ratio": 0.0,
        "ic_pearson": 0.8693934138827392,
        "ic_spearman": 0.9509063776257336,
        "ic_kendall": 0.8160433687874924,
        "mutual_information": 0.32942649614057434,
        "long_short_return": 0.07641590629055246,
        "long_return": 0.04050422166854096,
        "short_return": -0.035911684622011504,
        "returns_std": 0.03441244380071443,
        "sharpe_ratio": 2.2205893523018556,
        "group_returns": {
          "0": -0.035911684622011504,
          "1": -0.011936936306024508,
          "2": 5.2193709952257044e-05,
          "3": 0.010975362214948348,
          "4": 0.04050422166854096
        },
        "skewness": 0.33424985101557814,
        "kurtosis": 3.84313216591077,
        "turnover": 1.0402253764423197,
        "win_rate": 0.4732655766681396,
        "autocorr_lag_1": -0.0053026700151147755,
        "autocorr_lag_2": -0.014598184999709062,
        "autocorr_lag_3": 0.054864255005048934,
        "autocorr_lag_4": -0.008142822697914782,
        "autocorr_lag_5": 0.04851399851063658,
        "autocorr_lag_6": -0.04544750952114687,
        "autocorr_lag_7": 0.006660787416407269,
        "autocorr_lag_8": 0.024694787580847175,
        "autocorr_lag_9": 0.016482950526834503,
        "autocorr_lag_10": 0.008530758039594069
      },
      "evaluated_at": "2025-08-18T14:29:27.003901"
    },
    {
      "metadata": {
        "mining_session": true,
        "mining_config": {
          "factor_types": [
            "technical",
            "statistical"
          ],
          "optimization": {
            "method": "greedy",
            "max_factors": 15,
            "min_ic": 0.02,
            "min_ir": 0.1
          },
          "evaluation": {
            "min_sample_size": 30,
            "metrics": [
              "ic_pearson",
              "ic_spearman",
              "sharpe_ratio",
              "win_rate",
              "factor_decay"
            ]
          }
        },
        "factor_type": [
          "technical",
          "statistical"
        ],
        "symbols": [],
        "timeframes": []
      },
      "results": {
        "factor_name": "returns_zscore_50",
        "data_length": 3429,
        "missing_ratio": 0.0,
        "ic_pearson": 0.8348927267535988,
        "ic_spearman": 0.9470528920584776,
        "ic_kendall": 0.8032859492890279,
        "mutual_information": 0.21399257750553605,
        "long_short_return": 0.07852926595433027,
        "long_return": 0.04129728580072884,
        "short_return": -0.037231980153601435,
        "returns_std": 0.03766151448939485,
        "sharpe_ratio": 2.0851329804180714,
        "group_returns": {
          "0": -0.037231980153601435,
          "1": -0.0113720098925137,
          "2": 0.0010558619530542605,
          "3": 0.01106373335295708,
          "4": 0.04129728580072884
        },
        "skewness": 0.2181596061303408,
        "kurtosis": 4.8132292547139235,
        "turnover": 1.0453956257662744,
        "win_rate": 0.4642752989209682,
        "autocorr_lag_1": -0.04678259181087916,
        "autocorr_lag_2": 0.023935376902600006,
        "autocorr_lag_3": -0.02152448015983392,
        "autocorr_lag_4": -0.009655969042096799,
        "autocorr_lag_5": 0.017473050305759512,
        "autocorr_lag_6": 0.040137374192531425,
        "autocorr_lag_7": -0.008570762998938641,
        "autocorr_lag_8": 0.01673718844519613,
        "autocorr_lag_9": -0.020741668655362786,
        "autocorr_lag_10": 0.009862444813092933
      },
      "evaluated_at": "2025-08-18T14:32:24.843838"
    },
    {
      "metadata": {
        "mining_session": true,
        "mining_config": {
          "factor_types": [
            "technical",
            "statistical",
            "ml"
          ],
          "optimization": {
            "method": "greedy",
            "max_factors": 15,
            "min_ic": 0.02,
            "min_ir": 0.1
          },
          "evaluation": {
            "min_sample_size": 30,
            "metrics": [
              "ic_pearson",
              "ic_spearman",
              "sharpe_ratio",
              "win_rate",
              "factor_decay"
            ]
          }
        },
        "factor_type": [
          "technical",
          "statistical",
          "ml"
        ],
        "symbols": [],
        "timeframes": []
      },
      "results": {
        "factor_name": "returns_zscore_50",
        "data_length": 3429,
        "missing_ratio": 0.0,
        "ic_pearson": 0.8348927267535988,
        "ic_spearman": 0.9470528920584776,
        "ic_kendall": 0.8032859492890279,
        "mutual_information": 0.21399257750553605,
        "long_short_return": 0.07852926595433027,
        "long_return": 0.04129728580072884,
        "short_return": -0.037231980153601435,
        "returns_std": 0.03766151448939485,
        "sharpe_ratio": 2.0851329804180714,
        "group_returns": {
          "0": -0.037231980153601435,
          "1": -0.0113720098925137,
          "2": 0.0010558619530542605,
          "3": 0.01106373335295708,
          "4": 0.04129728580072884
        },
        "skewness": 0.2181596061303408,
        "kurtosis": 4.8132292547139235,
        "turnover": 1.0453956257662744,
        "win_rate": 0.4642752989209682,
        "autocorr_lag_1": -0.04678259181087916,
        "autocorr_lag_2": 0.023935376902600006,
        "autocorr_lag_3": -0.02152448015983392,
        "autocorr_lag_4": -0.009655969042096799,
        "autocorr_lag_5": 0.017473050305759512,
        "autocorr_lag_6": 0.040137374192531425,
        "autocorr_lag_7": -0.008570762998938641,
        "autocorr_lag_8": 0.01673718844519613,
        "autocorr_lag_9": -0.020741668655362786,
        "autocorr_lag_10": 0.009862444813092933
      },
      "evaluated_at": "2025-08-18T14:45:33.095062"
    }
  ]
}