{
  "factor_id": "returns_momentum_10",
  "evaluations": [
    {
      "metadata": {
        "mining_session": true,
        "mining_config": {
          "factor_types": [
            "technical",
            "statistical"
          ],
          "optimization": {
            "method": "greedy",
            "max_factors": 15,
            "min_ic": 0.02,
            "min_ir": 0.1
          },
          "evaluation": {
            "min_sample_size": 30,
            "metrics": [
              "ic_pearson",
              "ic_spearman",
              "sharpe_ratio",
              "win_rate",
              "factor_decay"
            ]
          }
        },
        "factor_type": [
          "technical",
          "statistical"
        ],
        "symbols": [],
        "timeframes": []
      },
      "results": {
        "factor_name": "returns_momentum_10",
        "data_length": 2263,
        "missing_ratio": 0.0,
        "ic_pearson": 0.3180349777295882,
        "ic_spearman": 0.24795580279957236,
        "ic_kendall": 0.1746072931427427,
        "mutual_information": 0.06544279544525318,
        "long_short_return": 0.025006908969455587,
        "long_return": 0.014291700491865051,
        "short_return": -0.010715208477590533,
        "returns_std": 0.03441244380071443,
        "sharpe_ratio": 0.7266821593454058,
        "group_returns": {
          "0": -0.010715208477590533,
          "1": -0.0031903508145881155,
          "2": -0.0007083716711994568,
          "3": 0.004007635024158112,
          "4": 0.014291700491865051
        },
        "skewness": 1.4033747372211927,
        "kurtosis": 6.815548536532702,
        "turnover": 0.0031312336451605163,
        "win_rate": 0.4944763588157313,
        "autocorr_lag_1": 0.8879823623099102,
        "autocorr_lag_2": 0.7869531403226169,
        "autocorr_lag_3": 0.6956634118847119,
        "autocorr_lag_4": 0.6042415574468403,
        "autocorr_lag_5": 0.4950511190226744,
        "autocorr_lag_6": 0.3868069984361297,
        "autocorr_lag_7": 0.2871512799152614,
        "autocorr_lag_8": 0.1877297001147028,
        "autocorr_lag_9": 0.08120319167475792,
        "autocorr_lag_10": -0.027071504807626785
      },
      "evaluated_at": "2025-08-18T14:29:26.984367"
    },
    {
      "metadata": {
        "mining_session": true,
        "mining_config": {
          "factor_types": [
            "technical",
            "statistical"
          ],
          "optimization": {
            "method": "greedy",
            "max_factors": 15,
            "min_ic": 0.02,
            "min_ir": 0.1
          },
          "evaluation": {
            "min_sample_size": 30,
            "metrics": [
              "ic_pearson",
              "ic_spearman",
              "sharpe_ratio",
              "win_rate",
              "factor_decay"
            ]
          }
        },
        "factor_type": [
          "technical",
          "statistical"
        ],
        "symbols": [],
        "timeframes": []
      },
      "results": {
        "factor_name": "returns_momentum_10",
        "data_length": 3429,
        "missing_ratio": 0.0,
        "ic_pearson": 0.3444137012765833,
        "ic_spearman": 0.238369172740219,
        "ic_kendall": 0.1677915302218683,
        "mutual_information": 0.057459333546124446,
        "long_short_return": 0.027466687793753067,
        "long_return": 0.015696328433321177,
        "short_return": -0.01177035936043189,
        "returns_std": 0.03766151448939485,
        "sharpe_ratio": 0.7293038574295105,
        "group_returns": {
          "0": -0.01177035936043189,
          "1": -0.0040439846523397435,
          "2": 0.0006614648480857954,
          "3": 0.004268291946202625,
          "4": 0.015696328433321177
        },
        "skewness": 2.396660924953745,
        "kurtosis": 19.90230859764722,
        "turnover": 0.003185100741827735,
        "win_rate": 0.4800233304170312,
        "autocorr_lag_1": 0.9000821384020473,
        "autocorr_lag_2": 0.8150333251233594,
        "autocorr_lag_3": 0.726955978985806,
        "autocorr_lag_4": 0.6344537735874417,
        "autocorr_lag_5": 0.5566908243234696,
        "autocorr_lag_6": 0.4759587859913292,
        "autocorr_lag_7": 0.3790754708711251,
        "autocorr_lag_8": 0.27718757003173566,
        "autocorr_lag_9": 0.17726111638737202,
        "autocorr_lag_10": 0.06986233035127899
      },
      "evaluated_at": "2025-08-18T14:32:24.825591"
    },
    {
      "metadata": {
        "mining_session": true,
        "mining_config": {
          "factor_types": [
            "technical",
            "statistical",
            "ml"
          ],
          "optimization": {
            "method": "greedy",
            "max_factors": 15,
            "min_ic": 0.02,
            "min_ir": 0.1
          },
          "evaluation": {
            "min_sample_size": 30,
            "metrics": [
              "ic_pearson",
              "ic_spearman",
              "sharpe_ratio",
              "win_rate",
              "factor_decay"
            ]
          }
        },
        "factor_type": [
          "technical",
          "statistical",
          "ml"
        ],
        "symbols": [],
        "timeframes": []
      },
      "results": {
        "factor_name": "returns_momentum_10",
        "data_length": 3429,
        "missing_ratio": 0.0,
        "ic_pearson": 0.3444137012765833,
        "ic_spearman": 0.238369172740219,
        "ic_kendall": 0.1677915302218683,
        "mutual_information": 0.057459333546124446,
        "long_short_return": 0.027466687793753067,
        "long_return": 0.015696328433321177,
        "short_return": -0.01177035936043189,
        "returns_std": 0.03766151448939485,
        "sharpe_ratio": 0.7293038574295105,
        "group_returns": {
          "0": -0.01177035936043189,
          "1": -0.0040439846523397435,
          "2": 0.0006614648480857954,
          "3": 0.004268291946202625,
          "4": 0.015696328433321177
        },
        "skewness": 2.396660924953745,
        "kurtosis": 19.90230859764722,
        "turnover": 0.003185100741827735,
        "win_rate": 0.4800233304170312,
        "autocorr_lag_1": 0.9000821384020473,
        "autocorr_lag_2": 0.8150333251233594,
        "autocorr_lag_3": 0.726955978985806,
        "autocorr_lag_4": 0.6344537735874417,
        "autocorr_lag_5": 0.5566908243234696,
        "autocorr_lag_6": 0.4759587859913292,
        "autocorr_lag_7": 0.3790754708711251,
        "autocorr_lag_8": 0.27718757003173566,
        "autocorr_lag_9": 0.17726111638737202,
        "autocorr_lag_10": 0.06986233035127899
      },
      "evaluated_at": "2025-08-18T14:45:33.069550"
    }
  ]
}