{
  "factor_id": "returns_zscore_20",
  "evaluations": [
    {
      "metadata": {
        "mining_session": true,
        "mining_config": {
          "factor_types": [
            "technical",
            "statistical"
          ],
          "optimization": {
            "method": "greedy",
            "max_factors": 15,
            "min_ic": 0.02,
            "min_ir": 0.1
          },
          "evaluation": {
            "min_sample_size": 30,
            "metrics": [
              "ic_pearson",
              "ic_spearman",
              "sharpe_ratio",
              "win_rate",
              "factor_decay"
            ]
          }
        },
        "factor_type": [
          "technical",
          "statistical"
        ],
        "symbols": [],
        "timeframes": []
      },
      "results": {
        "factor_name": "returns_zscore_20",
        "data_length": 2263,
        "missing_ratio": 0.0,
        "ic_pearson": 0.825668982942802,
        "ic_spearman": 0.9379886656584044,
        "ic_kendall": 0.7831727375562324,
        "mutual_information": 0.3182719519188364,
        "long_short_return": 0.07484646173102197,
        "long_return": 0.03980739747499948,
        "short_return": -0.03503906425602248,
        "returns_std": 0.03441244380071443,
        "sharpe_ratio": 2.174982461706718,
        "group_returns": {
          "0": -0.03503906425602248,
          "1": -0.012795483269656547,
          "2": 0.00029423347608208616,
          "3": 0.011415684310417964,
          "4": 0.03980739747499948
        },
        "skewness": 0.15800674526557268,
        "kurtosis": 1.076400618146041,
        "turnover": 1.0793845453142672,
        "win_rate": 0.47989394608926206,
        "autocorr_lag_1": -0.01524240603179003,
        "autocorr_lag_2": -0.01648962828076342,
        "autocorr_lag_3": 0.05317571177469612,
        "autocorr_lag_4": -0.023711821853435292,
        "autocorr_lag_5": 0.030777193161281587,
        "autocorr_lag_6": -0.057953433663890955,
        "autocorr_lag_7": -0.00886446184118125,
        "autocorr_lag_8": -0.008841197873325062,
        "autocorr_lag_9": -0.027709032125362573,
        "autocorr_lag_10": -0.020697116195976577
      },
      "evaluated_at": "2025-08-18T14:29:27.003384"
    },
    {
      "metadata": {
        "mining_session": true,
        "mining_config": {
          "factor_types": [
            "technical",
            "statistical"
          ],
          "optimization": {
            "method": "greedy",
            "max_factors": 15,
            "min_ic": 0.02,
            "min_ir": 0.1
          },
          "evaluation": {
            "min_sample_size": 30,
            "metrics": [
              "ic_pearson",
              "ic_spearman",
              "sharpe_ratio",
              "win_rate",
              "factor_decay"
            ]
          }
        },
        "factor_type": [
          "technical",
          "statistical"
        ],
        "symbols": [],
        "timeframes": []
      },
      "results": {
        "factor_name": "returns_zscore_20",
        "data_length": 3429,
        "missing_ratio": 0.0,
        "ic_pearson": 0.777475441261595,
        "ic_spearman": 0.9285587437817693,
        "ic_kendall": 0.7660085439036101,
        "mutual_information": 0.22907666316953718,
        "long_short_return": 0.07665029572414257,
        "long_return": 0.039984083792205034,
        "short_return": -0.03666621193193754,
        "returns_std": 0.03766151448939485,
        "sharpe_ratio": 2.0352419907523003,
        "group_returns": {
          "0": -0.03666621193193754,
          "1": -0.011149846991954404,
          "2": 0.0009006607944050031,
          "3": 0.011743752916394855,
          "4": 0.039984083792205034
        },
        "skewness": 0.007898068796236085,
        "kurtosis": 1.520885597537819,
        "turnover": 1.0753469664826443,
        "win_rate": 0.4701079031787693,
        "autocorr_lag_1": -0.05072807983261893,
        "autocorr_lag_2": 0.0163425031437675,
        "autocorr_lag_3": -0.03516682031884101,
        "autocorr_lag_4": -0.02890535936878767,
        "autocorr_lag_5": 0.007650470845502006,
        "autocorr_lag_6": 0.025093375465174247,
        "autocorr_lag_7": -0.02078361413976435,
        "autocorr_lag_8": -0.007505721290517567,
        "autocorr_lag_9": -0.04644927798417112,
        "autocorr_lag_10": -0.016421954123729463
      },
      "evaluated_at": "2025-08-18T14:32:24.843330"
    },
    {
      "metadata": {
        "mining_session": true,
        "mining_config": {
          "factor_types": [
            "technical",
            "statistical",
            "ml"
          ],
          "optimization": {
            "method": "greedy",
            "max_factors": 15,
            "min_ic": 0.02,
            "min_ir": 0.1
          },
          "evaluation": {
            "min_sample_size": 30,
            "metrics": [
              "ic_pearson",
              "ic_spearman",
              "sharpe_ratio",
              "win_rate",
              "factor_decay"
            ]
          }
        },
        "factor_type": [
          "technical",
          "statistical",
          "ml"
        ],
        "symbols": [],
        "timeframes": []
      },
      "results": {
        "factor_name": "returns_zscore_20",
        "data_length": 3429,
        "missing_ratio": 0.0,
        "ic_pearson": 0.777475441261595,
        "ic_spearman": 0.9285587437817693,
        "ic_kendall": 0.7660085439036101,
        "mutual_information": 0.22907666316953718,
        "long_short_return": 0.07665029572414257,
        "long_return": 0.039984083792205034,
        "short_return": -0.03666621193193754,
        "returns_std": 0.03766151448939485,
        "sharpe_ratio": 2.0352419907523003,
        "group_returns": {
          "0": -0.03666621193193754,
          "1": -0.011149846991954404,
          "2": 0.0009006607944050031,
          "3": 0.011743752916394855,
          "4": 0.039984083792205034
        },
        "skewness": 0.007898068796236085,
        "kurtosis": 1.520885597537819,
        "turnover": 1.0753469664826443,
        "win_rate": 0.4701079031787693,
        "autocorr_lag_1": -0.05072807983261893,
        "autocorr_lag_2": 0.0163425031437675,
        "autocorr_lag_3": -0.03516682031884101,
        "autocorr_lag_4": -0.02890535936878767,
        "autocorr_lag_5": 0.007650470845502006,
        "autocorr_lag_6": 0.025093375465174247,
        "autocorr_lag_7": -0.02078361413976435,
        "autocorr_lag_8": -0.007505721290517567,
        "autocorr_lag_9": -0.04644927798417112,
        "autocorr_lag_10": -0.016421954123729463
      },
      "evaluated_at": "2025-08-18T14:45:33.094320"
    }
  ]
}