{
  "factor_id": "returns_momentum_20",
  "evaluations": [
    {
      "metadata": {
        "mining_session": true,
        "mining_config": {
          "factor_types": [
            "technical",
            "statistical"
          ],
          "optimization": {
            "method": "greedy",
            "max_factors": 15,
            "min_ic": 0.02,
            "min_ir": 0.1
          },
          "evaluation": {
            "min_sample_size": 30,
            "metrics": [
              "ic_pearson",
              "ic_spearman",
              "sharpe_ratio",
              "win_rate",
              "factor_decay"
            ]
          }
        },
        "factor_type": [
          "technical",
          "statistical"
        ],
        "symbols": [],
        "timeframes": []
      },
      "results": {
        "factor_name": "returns_momentum_20",
        "data_length": 2263,
        "missing_ratio": 0.0,
        "ic_pearson": 0.2253040524224027,
        "ic_spearman": 0.17126195062113342,
        "ic_kendall": 0.11908387218872529,
        "mutual_information": 0.04070538403185317,
        "long_short_return": 0.017894547746102527,
        "long_return": 0.01032278233909528,
        "short_return": -0.007571765407007248,
        "returns_std": 0.03441244380071443,
        "sharpe_ratio": 0.5200022366830868,
        "group_returns": {
          "0": -0.007571765407007248,
          "1": -0.003211153958031111,
          "2": 0.0008812885049014387,
          "3": 0.0032660793459924186,
          "4": 0.01032278233909528
        },
        "skewness": 1.2645487114794398,
        "kurtosis": 3.7731818999816613,
        "turnover": 0.0015676224475016578,
        "win_rate": 0.484312859036677,
        "autocorr_lag_1": 0.9422677797231537,
        "autocorr_lag_2": 0.8945047672288355,
        "autocorr_lag_3": 0.8527113879817849,
        "autocorr_lag_4": 0.8094306804400009,
        "autocorr_lag_5": 0.7601996819097677,
        "autocorr_lag_6": 0.7117324181458289,
        "autocorr_lag_7": 0.6689141706266812,
        "autocorr_lag_8": 0.6278540064350941,
        "autocorr_lag_9": 0.584690419949007,
        "autocorr_lag_10": 0.5409892395234955
      },
      "evaluated_at": "2025-08-18T14:29:26.984776"
    },
    {
      "metadata": {
        "mining_session": true,
        "mining_config": {
          "factor_types": [
            "technical",
            "statistical"
          ],
          "optimization": {
            "method": "greedy",
            "max_factors": 15,
            "min_ic": 0.02,
            "min_ir": 0.1
          },
          "evaluation": {
            "min_sample_size": 30,
            "metrics": [
              "ic_pearson",
              "ic_spearman",
              "sharpe_ratio",
              "win_rate",
              "factor_decay"
            ]
          }
        },
        "factor_type": [
          "technical",
          "statistical"
        ],
        "symbols": [],
        "timeframes": []
      },
      "results": {
        "factor_name": "returns_momentum_20",
        "data_length": 3429,
        "missing_ratio": 0.0,
        "ic_pearson": 0.2368549581160901,
        "ic_spearman": 0.17089797323807612,
        "ic_kendall": 0.11893087591410133,
        "mutual_information": 0.040286154657104195,
        "long_short_return": 0.022549675725463368,
        "long_return": 0.01389389642924088,
        "short_return": -0.00865577929622249,
        "returns_std": 0.03766151448939485,
        "sharpe_ratio": 0.598745855847437,
        "group_returns": {
          "0": -0.00865577929622249,
          "1": -0.0021091707647133877,
          "2": -0.0011759144577638946,
          "3": 0.0028533525133177013,
          "4": 0.01389389642924088
        },
        "skewness": 2.7659570681014403,
        "kurtosis": 20.38100748358203,
        "turnover": 0.0016076485361659887,
        "win_rate": 0.47389909594634005,
        "autocorr_lag_1": 0.9536036091334301,
        "autocorr_lag_2": 0.9133876648080917,
        "autocorr_lag_3": 0.8693911229912729,
        "autocorr_lag_4": 0.8232370130406536,
        "autocorr_lag_5": 0.7807443799112654,
        "autocorr_lag_6": 0.7344682561506014,
        "autocorr_lag_7": 0.6858792255305033,
        "autocorr_lag_8": 0.6332948709395941,
        "autocorr_lag_9": 0.5784579765439191,
        "autocorr_lag_10": 0.5220905512810521
      },
      "evaluated_at": "2025-08-18T14:32:24.826154"
    },
    {
      "metadata": {
        "mining_session": true,
        "mining_config": {
          "factor_types": [
            "technical",
            "statistical",
            "ml"
          ],
          "optimization": {
            "method": "greedy",
            "max_factors": 15,
            "min_ic": 0.02,
            "min_ir": 0.1
          },
          "evaluation": {
            "min_sample_size": 30,
            "metrics": [
              "ic_pearson",
              "ic_spearman",
              "sharpe_ratio",
              "win_rate",
              "factor_decay"
            ]
          }
        },
        "factor_type": [
          "technical",
          "statistical",
          "ml"
        ],
        "symbols": [],
        "timeframes": []
      },
      "results": {
        "factor_name": "returns_momentum_20",
        "data_length": 3429,
        "missing_ratio": 0.0,
        "ic_pearson": 0.2368549581160901,
        "ic_spearman": 0.17089797323807612,
        "ic_kendall": 0.11893087591410133,
        "mutual_information": 0.040286154657104195,
        "long_short_return": 0.022549675725463368,
        "long_return": 0.01389389642924088,
        "short_return": -0.00865577929622249,
        "returns_std": 0.03766151448939485,
        "sharpe_ratio": 0.598745855847437,
        "group_returns": {
          "0": -0.00865577929622249,
          "1": -0.0021091707647133877,
          "2": -0.0011759144577638946,
          "3": 0.0028533525133177013,
          "4": 0.01389389642924088
        },
        "skewness": 2.7659570681014403,
        "kurtosis": 20.38100748358203,
        "turnover": 0.0016076485361659887,
        "win_rate": 0.47389909594634005,
        "autocorr_lag_1": 0.9536036091334301,
        "autocorr_lag_2": 0.9133876648080917,
        "autocorr_lag_3": 0.8693911229912729,
        "autocorr_lag_4": 0.8232370130406536,
        "autocorr_lag_5": 0.7807443799112654,
        "autocorr_lag_6": 0.7344682561506014,
        "autocorr_lag_7": 0.6858792255305033,
        "autocorr_lag_8": 0.6332948709395941,
        "autocorr_lag_9": 0.5784579765439191,
        "autocorr_lag_10": 0.5220905512810521
      },
      "evaluated_at": "2025-08-18T14:45:33.070344"
    }
  ]
}