{
  "factor_id": "returns_momentum_5",
  "evaluations": [
    {
      "metadata": {
        "mining_session": true,
        "mining_config": {
          "factor_types": [
            "technical",
            "statistical"
          ],
          "optimization": {
            "method": "greedy",
            "max_factors": 15,
            "min_ic": 0.02,
            "min_ir": 0.1
          },
          "evaluation": {
            "min_sample_size": 30,
            "metrics": [
              "ic_pearson",
              "ic_spearman",
              "sharpe_ratio",
              "win_rate",
              "factor_decay"
            ]
          }
        },
        "factor_type": [
          "technical",
          "statistical"
        ],
        "symbols": [],
        "timeframes": []
      },
      "results": {
        "factor_name": "returns_momentum_5",
        "data_length": 2263,
        "missing_ratio": 0.0,
        "ic_pearson": 0.45377265262077815,
        "ic_spearman": 0.36890935327470653,
        "ic_kendall": 0.26306140653483145,
        "mutual_information": 0.08950393993490481,
        "long_short_return": 0.03621245411793228,
        "long_return": 0.018795543860129056,
        "short_return": -0.017416910257803224,
        "returns_std": 0.03441244380071443,
        "sharpe_ratio": 1.0523069598788704,
        "group_returns": {
          "0": -0.017416910257803224,
          "1": -0.0031599423524330894,
          "2": 0.000765740137951134,
          "3": 0.004705835683411684,
          "4": 0.018795543860129056
        },
        "skewness": 1.7877839864677785,
        "kurtosis": 14.278502056484191,
        "turnover": 0.00617346513692977,
        "win_rate": 0.4918250110472824,
        "autocorr_lag_1": 0.7766297730743364,
        "autocorr_lag_2": 0.5763481989961061,
        "autocorr_lag_3": 0.4139202110924755,
        "autocorr_lag_4": 0.2275803297935492,
        "autocorr_lag_5": 0.010671303084200712,
        "autocorr_lag_6": 0.014194964631952776,
        "autocorr_lag_7": 0.024888625798983714,
        "autocorr_lag_8": 0.0035192958681701174,
        "autocorr_lag_9": -0.009367621557605087,
        "autocorr_lag_10": -0.018800259085164514
      },
      "evaluated_at": "2025-08-18T14:29:26.983952"
    },
    {
      "metadata": {
        "mining_session": true,
        "mining_config": {
          "factor_types": [
            "technical",
            "statistical"
          ],
          "optimization": {
            "method": "greedy",
            "max_factors": 15,
            "min_ic": 0.02,
            "min_ir": 0.1
          },
          "evaluation": {
            "min_sample_size": 30,
            "metrics": [
              "ic_pearson",
              "ic_spearman",
              "sharpe_ratio",
              "win_rate",
              "factor_decay"
            ]
          }
        },
        "factor_type": [
          "technical",
          "statistical"
        ],
        "symbols": [],
        "timeframes": []
      },
      "results": {
        "factor_name": "returns_momentum_5",
        "data_length": 3429,
        "missing_ratio": 0.0,
        "ic_pearson": 0.4373601850161655,
        "ic_spearman": 0.3434499279783928,
        "ic_kendall": 0.2446993009867006,
        "mutual_information": 0.06966704576724782,
        "long_short_return": 0.038538679128911776,
        "long_return": 0.02221481004492813,
        "short_return": -0.016323869083983644,
        "returns_std": 0.03766151448939485,
        "sharpe_ratio": 1.0232907425898639,
        "group_returns": {
          "0": -0.016323869083983644,
          "1": -0.004209086631071415,
          "2": -0.0003830510221423423,
          "3": 0.0035098926713339708,
          "4": 0.02221481004492813
        },
        "skewness": 2.281188379007132,
        "kurtosis": 21.02736576951358,
        "turnover": 0.006298729697314445,
        "win_rate": 0.46398366870807817,
        "autocorr_lag_1": 0.79219213941907,
        "autocorr_lag_2": 0.6244267989073579,
        "autocorr_lag_3": 0.44105002977626734,
        "autocorr_lag_4": 0.27455329322688043,
        "autocorr_lag_5": 0.10546941140631652,
        "autocorr_lag_6": 0.13128513891913082,
        "autocorr_lag_7": 0.11165416776908585,
        "autocorr_lag_8": 0.09972163348198743,
        "autocorr_lag_9": 0.0607808071186035,
        "autocorr_lag_10": 0.019586904517195424
      },
      "evaluated_at": "2025-08-18T14:32:24.825017"
    },
    {
      "metadata": {
        "mining_session": true,
        "mining_config": {
          "factor_types": [
            "technical",
            "statistical",
            "ml"
          ],
          "optimization": {
            "method": "greedy",
            "max_factors": 15,
            "min_ic": 0.02,
            "min_ir": 0.1
          },
          "evaluation": {
            "min_sample_size": 30,
            "metrics": [
              "ic_pearson",
              "ic_spearman",
              "sharpe_ratio",
              "win_rate",
              "factor_decay"
            ]
          }
        },
        "factor_type": [
          "technical",
          "statistical",
          "ml"
        ],
        "symbols": [],
        "timeframes": []
      },
      "results": {
        "factor_name": "returns_momentum_5",
        "data_length": 3429,
        "missing_ratio": 0.0,
        "ic_pearson": 0.4373601850161655,
        "ic_spearman": 0.3434499279783928,
        "ic_kendall": 0.2446993009867006,
        "mutual_information": 0.06966704576724782,
        "long_short_return": 0.038538679128911776,
        "long_return": 0.02221481004492813,
        "short_return": -0.016323869083983644,
        "returns_std": 0.03766151448939485,
        "sharpe_ratio": 1.0232907425898639,
        "group_returns": {
          "0": -0.016323869083983644,
          "1": -0.004209086631071415,
          "2": -0.0003830510221423423,
          "3": 0.0035098926713339708,
          "4": 0.02221481004492813
        },
        "skewness": 2.281188379007132,
        "kurtosis": 21.02736576951358,
        "turnover": 0.006298729697314445,
        "win_rate": 0.46398366870807817,
        "autocorr_lag_1": 0.79219213941907,
        "autocorr_lag_2": 0.6244267989073579,
        "autocorr_lag_3": 0.44105002977626734,
        "autocorr_lag_4": 0.27455329322688043,
        "autocorr_lag_5": 0.10546941140631652,
        "autocorr_lag_6": 0.13128513891913082,
        "autocorr_lag_7": 0.11165416776908585,
        "autocorr_lag_8": 0.09972163348198743,
        "autocorr_lag_9": 0.0607808071186035,
        "autocorr_lag_10": 0.019586904517195424
      },
      "evaluated_at": "2025-08-18T14:45:33.068755"
    }
  ]
}