{
  "factor_id": "rs_20",
  "evaluations": [
    {
      "metadata": {
        "mining_session": true,
        "mining_config": {
          "factor_types": [
            "technical",
            "statistical"
          ],
          "optimization": {
            "method": "greedy",
            "max_factors": 15,
            "min_ic": 0.02,
            "min_ir": 0.1
          },
          "evaluation": {
            "min_sample_size": 30,
            "metrics": [
              "ic_pearson",
              "ic_spearman",
              "sharpe_ratio",
              "win_rate",
              "factor_decay"
            ]
          }
        },
        "factor_type": [
          "technical",
          "statistical"
        ],
        "symbols": [],
        "timeframes": []
      },
      "results": {
        "factor_name": "rs_20",
        "data_length": 2263,
        "missing_ratio": 0.0,
        "ic_pearson": 0.21434299835218004,
        "ic_spearman": 0.18718477163580474,
        "ic_kendall": 0.12652000953721249,
        "mutual_information": 0.024468131350245188,
        "long_short_return": 0.021481247745820498,
        "long_return": 0.012946014308034864,
        "short_return": -0.008535233437785636,
        "returns_std": 0.03441244380071443,
        "sharpe_ratio": 0.624229068711898,
        "group_returns": {
          "0": -0.008535233437785636,
          "1": -0.0028444779443113325,
          "2": 0.0005028836835265552,
          "3": 0.0015943763370361644,
          "4": 0.012946014308034864
        },
        "skewness": 3.0235857766405347,
        "kurtosis": 15.100022075767557,
        "turnover": 0.2038774248693015,
        "win_rate": 0.48784798939460894,
        "autocorr_lag_1": 0.9283642515674059,
        "autocorr_lag_2": 0.8688665027452763,
        "autocorr_lag_3": 0.8112648516321327,
        "autocorr_lag_4": 0.7480031718710483,
        "autocorr_lag_5": 0.6948754865485939,
        "autocorr_lag_6": 0.6462922319434182,
        "autocorr_lag_7": 0.6060985649773135,
        "autocorr_lag_8": 0.5724931115732975,
        "autocorr_lag_9": 0.5397380883124817,
        "autocorr_lag_10": 0.49990379449517147
      },
      "evaluated_at": "2025-08-18T14:29:26.985039"
    },
    {
      "metadata": {
        "mining_session": true,
        "mining_config": {
          "factor_types": [
            "technical",
            "statistical"
          ],
          "optimization": {
            "method": "greedy",
            "max_factors": 15,
            "min_ic": 0.02,
            "min_ir": 0.1
          },
          "evaluation": {
            "min_sample_size": 30,
            "metrics": [
              "ic_pearson",
              "ic_spearman",
              "sharpe_ratio",
              "win_rate",
              "factor_decay"
            ]
          }
        },
        "factor_type": [
          "technical",
          "statistical"
        ],
        "symbols": [],
        "timeframes": []
      },
      "results": {
        "factor_name": "rs_20",
        "data_length": 3429,
        "missing_ratio": 0.0,
        "ic_pearson": 0.26004240436343834,
        "ic_spearman": 0.180471777165725,
        "ic_kendall": 0.12269989329346782,
        "mutual_information": 0.03289374025509133,
        "long_short_return": 0.022119170448066532,
        "long_return": 0.013545310374178153,
        "short_return": -0.008573860073888379,
        "returns_std": 0.03766151448939485,
        "sharpe_ratio": 0.5873149486406102,
        "group_returns": {
          "0": -0.008573860073888379,
          "1": -0.0023806520043777903,
          "2": -0.001436467343352902,
          "3": 0.0036408894793147203,
          "4": 0.013545310374178153
        },
        "skewness": 2.3977998723195735,
        "kurtosis": 10.894823564746686,
        "turnover": 0.20278272307084708,
        "win_rate": 0.4992709244677749,
        "autocorr_lag_1": 0.9044322759436462,
        "autocorr_lag_2": 0.8340370593893136,
        "autocorr_lag_3": 0.765802360963085,
        "autocorr_lag_4": 0.7096162699909734,
        "autocorr_lag_5": 0.6627738091317922,
        "autocorr_lag_6": 0.6123082204057809,
        "autocorr_lag_7": 0.563482672766502,
        "autocorr_lag_8": 0.5098767067871594,
        "autocorr_lag_9": 0.4638256954529482,
        "autocorr_lag_10": 0.41863831977381355
      },
      "evaluated_at": "2025-08-18T14:32:24.826420"
    },
    {
      "metadata": {
        "mining_session": true,
        "mining_config": {
          "factor_types": [
            "technical",
            "statistical",
            "ml"
          ],
          "optimization": {
            "method": "greedy",
            "max_factors": 15,
            "min_ic": 0.02,
            "min_ir": 0.1
          },
          "evaluation": {
            "min_sample_size": 30,
            "metrics": [
              "ic_pearson",
              "ic_spearman",
              "sharpe_ratio",
              "win_rate",
              "factor_decay"
            ]
          }
        },
        "factor_type": [
          "technical",
          "statistical",
          "ml"
        ],
        "symbols": [],
        "timeframes": []
      },
      "results": {
        "factor_name": "rs_20",
        "data_length": 3429,
        "missing_ratio": 0.0,
        "ic_pearson": 0.26004240436343834,
        "ic_spearman": 0.180471777165725,
        "ic_kendall": 0.12269989329346782,
        "mutual_information": 0.03289374025509133,
        "long_short_return": 0.022119170448066532,
        "long_return": 0.013545310374178153,
        "short_return": -0.008573860073888379,
        "returns_std": 0.03766151448939485,
        "sharpe_ratio": 0.5873149486406102,
        "group_returns": {
          "0": -0.008573860073888379,
          "1": -0.0023806520043777903,
          "2": -0.001436467343352902,
          "3": 0.0036408894793147203,
          "4": 0.013545310374178153
        },
        "skewness": 2.3977998723195735,
        "kurtosis": 10.894823564746686,
        "turnover": 0.20278272307084708,
        "win_rate": 0.4992709244677749,
        "autocorr_lag_1": 0.9044322759436462,
        "autocorr_lag_2": 0.8340370593893136,
        "autocorr_lag_3": 0.765802360963085,
        "autocorr_lag_4": 0.7096162699909734,
        "autocorr_lag_5": 0.6627738091317922,
        "autocorr_lag_6": 0.6123082204057809,
        "autocorr_lag_7": 0.563482672766502,
        "autocorr_lag_8": 0.5098767067871594,
        "autocorr_lag_9": 0.4638256954529482,
        "autocorr_lag_10": 0.41863831977381355
      },
      "evaluated_at": "2025-08-18T14:45:33.070703"
    }
  ]
}