{
  "factor_id": "rs_50",
  "evaluations": [
    {
      "metadata": {
        "mining_session": true,
        "mining_config": {
          "factor_types": [
            "technical",
            "statistical"
          ],
          "optimization": {
            "method": "greedy",
            "max_factors": 15,
            "min_ic": 0.02,
            "min_ir": 0.1
          },
          "evaluation": {
            "min_sample_size": 30,
            "metrics": [
              "ic_pearson",
              "ic_spearman",
              "sharpe_ratio",
              "win_rate",
              "factor_decay"
            ]
          }
        },
        "factor_type": [
          "technical",
          "statistical"
        ],
        "symbols": [],
        "timeframes": []
      },
      "results": {
        "factor_name": "rs_50",
        "data_length": 2263,
        "missing_ratio": 0.0,
        "ic_pearson": 0.14549018108373943,
        "ic_spearman": 0.10507029745042697,
        "ic_kendall": 0.07074094372607864,
        "mutual_information": 0.02274708026956563,
        "long_short_return": 0.01291774988803147,
        "long_return": 0.008249772876273667,
        "short_return": -0.004667977011757804,
        "returns_std": 0.03441244380071443,
        "sharpe_ratio": 0.37538019568849357,
        "group_returns": {
          "0": -0.004667977011757804,
          "1": -0.0006023371844600112,
          "2": -0.0005856811309223812,
          "3": 0.0012825836412746897,
          "4": 0.008249772876273667
        },
        "skewness": 1.530265005409574,
        "kurtosis": 3.224118280506873,
        "turnover": 0.07013557390403205,
        "win_rate": 0.48166151126822804,
        "autocorr_lag_1": 0.9809640199991548,
        "autocorr_lag_2": 0.9621407116471623,
        "autocorr_lag_3": 0.9444308370076608,
        "autocorr_lag_4": 0.9246506888759338,
        "autocorr_lag_5": 0.9066689473808275,
        "autocorr_lag_6": 0.8887584220394339,
        "autocorr_lag_7": 0.8722768572671014,
        "autocorr_lag_8": 0.8548360155381157,
        "autocorr_lag_9": 0.836062588437688,
        "autocorr_lag_10": 0.8165463077433559
      },
      "evaluated_at": "2025-08-18T14:29:26.985811"
    },
    {
      "metadata": {
        "mining_session": true,
        "mining_config": {
          "factor_types": [
            "technical",
            "statistical"
          ],
          "optimization": {
            "method": "greedy",
            "max_factors": 15,
            "min_ic": 0.02,
            "min_ir": 0.1
          },
          "evaluation": {
            "min_sample_size": 30,
            "metrics": [
              "ic_pearson",
              "ic_spearman",
              "sharpe_ratio",
              "win_rate",
              "factor_decay"
            ]
          }
        },
        "factor_type": [
          "technical",
          "statistical"
        ],
        "symbols": [],
        "timeframes": []
      },
      "results": {
        "factor_name": "rs_50",
        "data_length": 3429,
        "missing_ratio": 0.0,
        "ic_pearson": 0.180654398282049,
        "ic_spearman": 0.10715080121634371,
        "ic_kendall": 0.07346700534481715,
        "mutual_information": 0.03840370550318839,
        "long_short_return": 0.014315295891577283,
        "long_return": 0.009390860492303029,
        "short_return": -0.004924435399274255,
        "returns_std": 0.03766151448939485,
        "sharpe_ratio": 0.3801040952723328,
        "group_returns": {
          "0": -0.004924435399274255,
          "1": 4.051864698544084e-05,
          "2": -0.003157393260270651,
          "3": 0.0034484811748090975,
          "4": 0.009390860492303029
        },
        "skewness": 0.8643796434687452,
        "kurtosis": 1.4213105827846793,
        "turnover": 0.07099996404316807,
        "win_rate": 0.49460484106153396,
        "autocorr_lag_1": 0.9712127914992874,
        "autocorr_lag_2": 0.9475575223171099,
        "autocorr_lag_3": 0.9234539708410779,
        "autocorr_lag_4": 0.9013362132732469,
        "autocorr_lag_5": 0.880192515108207,
        "autocorr_lag_6": 0.8589325153102588,
        "autocorr_lag_7": 0.8354947583652557,
        "autocorr_lag_8": 0.8121097305599441,
        "autocorr_lag_9": 0.7882429679433453,
        "autocorr_lag_10": 0.7646183756759622
      },
      "evaluated_at": "2025-08-18T14:32:24.827246"
    },
    {
      "metadata": {
        "mining_session": true,
        "mining_config": {
          "factor_types": [
            "technical",
            "statistical",
            "ml"
          ],
          "optimization": {
            "method": "greedy",
            "max_factors": 15,
            "min_ic": 0.02,
            "min_ir": 0.1
          },
          "evaluation": {
            "min_sample_size": 30,
            "metrics": [
              "ic_pearson",
              "ic_spearman",
              "sharpe_ratio",
              "win_rate",
              "factor_decay"
            ]
          }
        },
        "factor_type": [
          "technical",
          "statistical",
          "ml"
        ],
        "symbols": [],
        "timeframes": []
      },
      "results": {
        "factor_name": "rs_50",
        "data_length": 3429,
        "missing_ratio": 0.0,
        "ic_pearson": 0.180654398282049,
        "ic_spearman": 0.10715080121634371,
        "ic_kendall": 0.07346700534481715,
        "mutual_information": 0.03840370550318839,
        "long_short_return": 0.014315295891577283,
        "long_return": 0.009390860492303029,
        "short_return": -0.004924435399274255,
        "returns_std": 0.03766151448939485,
        "sharpe_ratio": 0.3801040952723328,
        "group_returns": {
          "0": -0.004924435399274255,
          "1": 4.051864698544084e-05,
          "2": -0.003157393260270651,
          "3": 0.0034484811748090975,
          "4": 0.009390860492303029
        },
        "skewness": 0.8643796434687452,
        "kurtosis": 1.4213105827846793,
        "turnover": 0.07099996404316807,
        "win_rate": 0.49460484106153396,
        "autocorr_lag_1": 0.9712127914992874,
        "autocorr_lag_2": 0.9475575223171099,
        "autocorr_lag_3": 0.9234539708410779,
        "autocorr_lag_4": 0.9013362132732469,
        "autocorr_lag_5": 0.880192515108207,
        "autocorr_lag_6": 0.8589325153102588,
        "autocorr_lag_7": 0.8354947583652557,
        "autocorr_lag_8": 0.8121097305599441,
        "autocorr_lag_9": 0.7882429679433453,
        "autocorr_lag_10": 0.7646183756759622
      },
      "evaluated_at": "2025-08-18T14:45:33.072366"
    }
  ]
}