{
  "factor_id": "rsi_oversold_21",
  "evaluations": [
    {
      "metadata": {
        "mining_session": true,
        "mining_config": {
          "factor_types": [
            "technical",
            "statistical"
          ],
          "optimization": {
            "method": "greedy",
            "max_factors": 15,
            "min_ic": 0.02,
            "min_ir": 0.1
          },
          "evaluation": {
            "min_sample_size": 30,
            "metrics": [
              "ic_pearson",
              "ic_spearman",
              "sharpe_ratio",
              "win_rate",
              "factor_decay"
            ]
          }
        },
        "factor_type": [
          "technical",
          "statistical"
        ],
        "symbols": [],
        "timeframes": []
      },
      "results": {
        "factor_name": "rsi_oversold_21",
        "data_length": 2263,
        "missing_ratio": 0.0,
        "ic_pearson": -0.09667482549970745,
        "ic_spearman": -0.08113922261470004,
        "ic_kendall": -0.06626497930343551,
        "mutual_information": 0.004078111136233424,
        "long_short_return": 0.0,
        "long_return": 0.0007380103226391865,
        "short_return": 0.0007380103226391865,
        "returns_std": 0.03441244380071443,
        "sharpe_ratio": 0.0,
        "group_returns": {
          "0": 0.0007380103226391865
        },
        "skewness": 7.858416287713159,
        "kurtosis": 59.80756267283952,
        "turnover": 0.0115916183682568,
        "win_rate": 0.012814847547503314,
        "autocorr_lag_1": 0.6227339790878237,
        "autocorr_lag_2": 0.4486073674752885,
        "autocorr_lag_3": 0.39056179775281213,
        "autocorr_lag_4": 0.3034943473792399,
        "autocorr_lag_5": 0.24544695071010905,
        "autocorr_lag_6": 0.1873987398739895,
        "autocorr_lag_7": 0.1583713899787755,
        "autocorr_lag_8": 0.1293436293436297,
        "autocorr_lag_9": 0.07129337539432164,
        "autocorr_lag_10": 0.04226458843230657
      },
      "evaluated_at": "2025-08-18T14:29:26.988202"
    },
    {
      "metadata": {
        "mining_session": true,
        "mining_config": {
          "factor_types": [
            "technical",
            "statistical"
          ],
          "optimization": {
            "method": "greedy",
            "max_factors": 15,
            "min_ic": 0.02,
            "min_ir": 0.1
          },
          "evaluation": {
            "min_sample_size": 30,
            "metrics": [
              "ic_pearson",
              "ic_spearman",
              "sharpe_ratio",
              "win_rate",
              "factor_decay"
            ]
          }
        },
        "factor_type": [
          "technical",
          "statistical"
        ],
        "symbols": [],
        "timeframes": []
      },
      "results": {
        "factor_name": "rsi_oversold_21",
        "data_length": 3429,
        "missing_ratio": 0.0,
        "ic_pearson": -0.10114938658678094,
        "ic_spearman": -0.09365346450749243,
        "ic_kendall": -0.07648409897049518,
        "mutual_information": 0.0041924791014976565,
        "long_short_return": 0.0,
        "long_return": 0.000962523787538702,
        "short_return": 0.000962523787538702,
        "returns_std": 0.03766151448939485,
        "sharpe_ratio": 0.0,
        "group_returns": {
          "0": 0.000962523787538702
        },
        "skewness": 4.905049330106854,
        "kurtosis": 22.072382539918337,
        "turnover": 0.014080375476679377,
        "win_rate": 0.029163021289005542,
        "autocorr_lag_1": 0.8037530979636337,
        "autocorr_lag_2": 0.7301574803149644,
        "autocorr_lag_3": 0.6647373458432878,
        "autocorr_lag_4": 0.6320246582276072,
        "autocorr_lag_5": 0.5666019454574556,
        "autocorr_lag_6": 0.517532585429247,
        "autocorr_lag_7": 0.4602846116162675,
        "autocorr_lag_8": 0.4357457367009473,
        "autocorr_lag_9": 0.3866732343243021,
        "autocorr_lag_10": 0.3539551860391718
      },
      "evaluated_at": "2025-08-18T14:32:24.828891"
    },
    {
      "metadata": {
        "mining_session": true,
        "mining_config": {
          "factor_types": [
            "technical",
            "statistical",
            "ml"
          ],
          "optimization": {
            "method": "greedy",
            "max_factors": 15,
            "min_ic": 0.02,
            "min_ir": 0.1
          },
          "evaluation": {
            "min_sample_size": 30,
            "metrics": [
              "ic_pearson",
              "ic_spearman",
              "sharpe_ratio",
              "win_rate",
              "factor_decay"
            ]
          }
        },
        "factor_type": [
          "technical",
          "statistical",
          "ml"
        ],
        "symbols": [],
        "timeframes": []
      },
      "results": {
        "factor_name": "rsi_oversold_21",
        "data_length": 3429,
        "missing_ratio": 0.0,
        "ic_pearson": -0.10114938658678094,
        "ic_spearman": -0.09365346450749243,
        "ic_kendall": -0.07648409897049518,
        "mutual_information": 0.0041924791014976565,
        "long_short_return": 0.0,
        "long_return": 0.000962523787538702,
        "short_return": 0.000962523787538702,
        "returns_std": 0.03766151448939485,
        "sharpe_ratio": 0.0,
        "group_returns": {
          "0": 0.000962523787538702
        },
        "skewness": 4.905049330106854,
        "kurtosis": 22.072382539918337,
        "turnover": 0.014080375476679377,
        "win_rate": 0.029163021289005542,
        "autocorr_lag_1": 0.8037530979636337,
        "autocorr_lag_2": 0.7301574803149644,
        "autocorr_lag_3": 0.6647373458432878,
        "autocorr_lag_4": 0.6320246582276072,
        "autocorr_lag_5": 0.5666019454574556,
        "autocorr_lag_6": 0.517532585429247,
        "autocorr_lag_7": 0.4602846116162675,
        "autocorr_lag_8": 0.4357457367009473,
        "autocorr_lag_9": 0.3866732343243021,
        "autocorr_lag_10": 0.3539551860391718
      },
      "evaluated_at": "2025-08-18T14:45:33.074916"
    }
  ]
}