{
  "factor_id": "rsi_overbought_14",
  "evaluations": [
    {
      "metadata": {
        "mining_session": true,
        "mining_config": {
          "factor_types": [
            "technical",
            "statistical"
          ],
          "optimization": {
            "method": "greedy",
            "max_factors": 15,
            "min_ic": 0.02,
            "min_ir": 0.1
          },
          "evaluation": {
            "min_sample_size": 30,
            "metrics": [
              "ic_pearson",
              "ic_spearman",
              "sharpe_ratio",
              "win_rate",
              "factor_decay"
            ]
          }
        },
        "factor_type": [
          "technical",
          "statistical"
        ],
        "symbols": [],
        "timeframes": []
      },
      "results": {
        "factor_name": "rsi_overbought_14",
        "data_length": 2263,
        "missing_ratio": 0.0,
        "ic_pearson": 0.22669299669829474,
        "ic_spearman": 0.17085397032038166,
        "ic_kendall": 0.13953343946801294,
        "mutual_information": 0.01800294830814448,
        "long_short_return": 0.0,
        "long_return": 0.0007380103226391865,
        "short_return": 0.0007380103226391865,
        "returns_std": 0.03441244380071443,
        "sharpe_ratio": 0.0,
        "group_returns": {
          "0": 0.0007380103226391865
        },
        "skewness": 3.3257935792470295,
        "kurtosis": 9.068917104517443,
        "turnover": 0.030205082478823003,
        "win_rate": 0.040653999116217414,
        "autocorr_lag_1": 0.7739329805996469,
        "autocorr_lag_2": 0.6941341850028506,
        "autocorr_lag_3": 0.6675258035283459,
        "autocorr_lag_4": 0.6076670375668926,
        "autocorr_lag_5": 0.5744039204599002,
        "autocorr_lag_6": 0.5145378473142974,
        "autocorr_lag_7": 0.48791962927588395,
        "autocorr_lag_8": 0.4612995699952202,
        "autocorr_lag_9": 0.4213759648750075,
        "autocorr_lag_10": 0.39475175797509693
      },
      "evaluated_at": "2025-08-18T14:29:26.986202"
    },
    {
      "metadata": {
        "mining_session": true,
        "mining_config": {
          "factor_types": [
            "technical",
            "statistical"
          ],
          "optimization": {
            "method": "greedy",
            "max_factors": 15,
            "min_ic": 0.02,
            "min_ir": 0.1
          },
          "evaluation": {
            "min_sample_size": 30,
            "metrics": [
              "ic_pearson",
              "ic_spearman",
              "sharpe_ratio",
              "win_rate",
              "factor_decay"
            ]
          }
        },
        "factor_type": [
          "technical",
          "statistical"
        ],
        "symbols": [],
        "timeframes": []
      },
      "results": {
        "factor_name": "rsi_overbought_14",
        "data_length": 3429,
        "missing_ratio": 0.0,
        "ic_pearson": 0.29800325863156146,
        "ic_spearman": 0.1795061055207132,
        "ic_kendall": 0.1465974890801398,
        "mutual_information": 0.02678005355410594,
        "long_short_return": 0.0,
        "long_return": 0.000962523787538702,
        "short_return": 0.000962523787538702,
        "returns_std": 0.03766151448939485,
        "sharpe_ratio": 0.0,
        "group_returns": {
          "0": 0.000962523787538702
        },
        "skewness": 4.719536042650509,
        "kurtosis": 20.28585205430486,
        "turnover": 0.031094162511000292,
        "win_rate": 0.028288130650335374,
        "autocorr_lag_1": 0.5941944821671087,
        "autocorr_lag_2": 0.43339678624412487,
        "autocorr_lag_3": 0.38744859645986074,
        "autocorr_lag_4": 0.3261853236277789,
        "autocorr_lag_5": 0.2802347216258739,
        "autocorr_lag_6": 0.2572545142182211,
        "autocorr_lag_7": 0.22661648347714244,
        "autocorr_lag_8": 0.20363506133046622,
        "autocorr_lag_9": 0.16533818155764013,
        "autocorr_lag_10": 0.1193828277579691
      },
      "evaluated_at": "2025-08-18T14:32:24.827835"
    },
    {
      "metadata": {
        "mining_session": true,
        "mining_config": {
          "factor_types": [
            "technical",
            "statistical",
            "ml"
          ],
          "optimization": {
            "method": "greedy",
            "max_factors": 15,
            "min_ic": 0.02,
            "min_ir": 0.1
          },
          "evaluation": {
            "min_sample_size": 30,
            "metrics": [
              "ic_pearson",
              "ic_spearman",
              "sharpe_ratio",
              "win_rate",
              "factor_decay"
            ]
          }
        },
        "factor_type": [
          "technical",
          "statistical",
          "ml"
        ],
        "symbols": [],
        "timeframes": []
      },
      "results": {
        "factor_name": "rsi_overbought_14",
        "data_length": 3429,
        "missing_ratio": 0.0,
        "ic_pearson": 0.29800325863156146,
        "ic_spearman": 0.1795061055207132,
        "ic_kendall": 0.1465974890801398,
        "mutual_information": 0.02678005355410594,
        "long_short_return": 0.0,
        "long_return": 0.000962523787538702,
        "short_return": 0.000962523787538702,
        "returns_std": 0.03766151448939485,
        "sharpe_ratio": 0.0,
        "group_returns": {
          "0": 0.000962523787538702
        },
        "skewness": 4.719536042650509,
        "kurtosis": 20.28585205430486,
        "turnover": 0.031094162511000292,
        "win_rate": 0.028288130650335374,
        "autocorr_lag_1": 0.5941944821671087,
        "autocorr_lag_2": 0.43339678624412487,
        "autocorr_lag_3": 0.38744859645986074,
        "autocorr_lag_4": 0.3261853236277789,
        "autocorr_lag_5": 0.2802347216258739,
        "autocorr_lag_6": 0.2572545142182211,
        "autocorr_lag_7": 0.22661648347714244,
        "autocorr_lag_8": 0.20363506133046622,
        "autocorr_lag_9": 0.16533818155764013,
        "autocorr_lag_10": 0.1193828277579691
      },
      "evaluated_at": "2025-08-18T14:45:33.073208"
    }
  ]
}