{
  "factor_id": "rsi_oversold_14",
  "evaluations": [
    {
      "metadata": {
        "mining_session": true,
        "mining_config": {
          "factor_types": [
            "technical",
            "statistical"
          ],
          "optimization": {
            "method": "greedy",
            "max_factors": 15,
            "min_ic": 0.02,
            "min_ir": 0.1
          },
          "evaluation": {
            "min_sample_size": 30,
            "metrics": [
              "ic_pearson",
              "ic_spearman",
              "sharpe_ratio",
              "win_rate",
              "factor_decay"
            ]
          }
        },
        "factor_type": [
          "technical",
          "statistical"
        ],
        "symbols": [],
        "timeframes": []
      },
      "results": {
        "factor_name": "rsi_oversold_14",
        "data_length": 2263,
        "missing_ratio": 0.0,
        "ic_pearson": -0.1581867512444812,
        "ic_spearman": -0.14837203498162166,
        "ic_kendall": -0.12117283738289755,
        "mutual_information": 0.008732764977103335,
        "long_short_return": 0.0,
        "long_return": 0.0007380103226391865,
        "short_return": 0.0007380103226391865,
        "returns_std": 0.03441244380071443,
        "sharpe_ratio": 0.0,
        "group_returns": {
          "0": 0.0007380103226391865
        },
        "skewness": 4.773528252031834,
        "kurtosis": 20.804958258596674,
        "turnover": 0.028533214444939812,
        "win_rate": 0.025187803800265134,
        "autocorr_lag_1": 0.6216442251400852,
        "autocorr_lag_2": 0.4797514956281629,
        "autocorr_lag_3": 0.3851498409509414,
        "autocorr_lag_4": 0.2905447845567629,
        "autocorr_lag_5": 0.2314097193129431,
        "autocorr_lag_6": 0.20774655266356648,
        "autocorr_lag_7": 0.18408252264341057,
        "autocorr_lag_8": 0.14859252422704217,
        "autocorr_lag_9": 0.1367518677075453,
        "autocorr_lag_10": 0.077608650010498
      },
      "evaluated_at": "2025-08-18T14:29:26.986594"
    },
    {
      "metadata": {
        "mining_session": true,
        "mining_config": {
          "factor_types": [
            "technical",
            "statistical"
          ],
          "optimization": {
            "method": "greedy",
            "max_factors": 15,
            "min_ic": 0.02,
            "min_ir": 0.1
          },
          "evaluation": {
            "min_sample_size": 30,
            "metrics": [
              "ic_pearson",
              "ic_spearman",
              "sharpe_ratio",
              "win_rate",
              "factor_decay"
            ]
          }
        },
        "factor_type": [
          "technical",
          "statistical"
        ],
        "symbols": [],
        "timeframes": []
      },
      "results": {
        "factor_name": "rsi_oversold_14",
        "data_length": 3429,
        "missing_ratio": 0.0,
        "ic_pearson": -0.12737771257945063,
        "ic_spearman": -0.13410985569996217,
        "ic_kendall": -0.10952367357914598,
        "mutual_information": 0.005754018546374671,
        "long_short_return": 0.0,
        "long_return": 0.000962523787538702,
        "short_return": 0.000962523787538702,
        "returns_std": 0.03766151448939485,
        "sharpe_ratio": 0.0,
        "group_returns": {
          "0": 0.000962523787538702
        },
        "skewness": 3.737214209590206,
        "kurtosis": 11.973753525838864,
        "turnover": 0.022367263127016722,
        "win_rate": 0.03849518810148731,
        "autocorr_lag_1": 0.7957887501431995,
        "autocorr_lag_2": 0.7172407681306464,
        "autocorr_lag_3": 0.6614745821609234,
        "autocorr_lag_4": 0.5932364983496685,
        "autocorr_lag_5": 0.5459907144521456,
        "autocorr_lag_6": 0.4934943924876738,
        "autocorr_lag_7": 0.4462450313049373,
        "autocorr_lag_8": 0.3937449357968819,
        "autocorr_lag_9": 0.3412429026169753,
        "autocorr_lag_10": 0.2887389299579672
      },
      "evaluated_at": "2025-08-18T14:32:24.828127"
    },
    {
      "metadata": {
        "mining_session": true,
        "mining_config": {
          "factor_types": [
            "technical",
            "statistical",
            "ml"
          ],
          "optimization": {
            "method": "greedy",
            "max_factors": 15,
            "min_ic": 0.02,
            "min_ir": 0.1
          },
          "evaluation": {
            "min_sample_size": 30,
            "metrics": [
              "ic_pearson",
              "ic_spearman",
              "sharpe_ratio",
              "win_rate",
              "factor_decay"
            ]
          }
        },
        "factor_type": [
          "technical",
          "statistical",
          "ml"
        ],
        "symbols": [],
        "timeframes": []
      },
      "results": {
        "factor_name": "rsi_oversold_14",
        "data_length": 3429,
        "missing_ratio": 0.0,
        "ic_pearson": -0.12737771257945063,
        "ic_spearman": -0.13410985569996217,
        "ic_kendall": -0.10952367357914598,
        "mutual_information": 0.005754018546374671,
        "long_short_return": 0.0,
        "long_return": 0.000962523787538702,
        "short_return": 0.000962523787538702,
        "returns_std": 0.03766151448939485,
        "sharpe_ratio": 0.0,
        "group_returns": {
          "0": 0.000962523787538702
        },
        "skewness": 3.737214209590206,
        "kurtosis": 11.973753525838864,
        "turnover": 0.022367263127016722,
        "win_rate": 0.03849518810148731,
        "autocorr_lag_1": 0.7957887501431995,
        "autocorr_lag_2": 0.7172407681306464,
        "autocorr_lag_3": 0.6614745821609234,
        "autocorr_lag_4": 0.5932364983496685,
        "autocorr_lag_5": 0.5459907144521456,
        "autocorr_lag_6": 0.4934943924876738,
        "autocorr_lag_7": 0.4462450313049373,
        "autocorr_lag_8": 0.3937449357968819,
        "autocorr_lag_9": 0.3412429026169753,
        "autocorr_lag_10": 0.2887389299579672
      },
      "evaluated_at": "2025-08-18T14:45:33.073680"
    }
  ]
}