{
  "factor_id": "rsi_21",
  "evaluations": [
    {
      "metadata": {
        "mining_session": true,
        "mining_config": {
          "factor_types": [
            "technical",
            "statistical"
          ],
          "optimization": {
            "method": "greedy",
            "max_factors": 15,
            "min_ic": 0.02,
            "min_ir": 0.1
          },
          "evaluation": {
            "min_sample_size": 30,
            "metrics": [
              "ic_pearson",
              "ic_spearman",
              "sharpe_ratio",
              "win_rate",
              "factor_decay"
            ]
          }
        },
        "factor_type": [
          "technical",
          "statistical"
        ],
        "symbols": [],
        "timeframes": []
      },
      "results": {
        "factor_name": "rsi_21",
        "data_length": 2263,
        "missing_ratio": 0.0,
        "ic_pearson": 0.2674113527932487,
        "ic_spearman": 0.24783486521945602,
        "ic_kendall": 0.16993878388887462,
        "mutual_information": 0.048677680589064534,
        "long_short_return": 0.025501876629908223,
        "long_return": 0.015230376231177078,
        "short_return": -0.010271500398731143,
        "returns_std": 0.03441244380071443,
        "sharpe_ratio": 0.741065551100988,
        "group_returns": {
          "0": -0.010271500398731143,
          "1": -0.00413373504538924,
          "2": 0.0005719826040345082,
          "3": 0.0022612327836314277,
          "4": 0.015230376231177078
        },
        "skewness": -0.1671191471006052,
        "kurtosis": 2.5209134789899115,
        "turnover": 2.326473816209216,
        "win_rate": 0.48784798939460894,
        "autocorr_lag_1": 0.9568879076728434,
        "autocorr_lag_2": 0.9177002061504131,
        "autocorr_lag_3": 0.8826711504616976,
        "autocorr_lag_4": 0.8444659123437097,
        "autocorr_lag_5": 0.8082438425100523,
        "autocorr_lag_6": 0.7702998089757674,
        "autocorr_lag_7": 0.7379451358255683,
        "autocorr_lag_8": 0.7054111905939459,
        "autocorr_lag_9": 0.6724258517451789,
        "autocorr_lag_10": 0.6406999541645287
      },
      "evaluated_at": "2025-08-18T14:29:26.986957"
    },
    {
      "metadata": {
        "mining_session": true,
        "mining_config": {
          "factor_types": [
            "technical",
            "statistical"
          ],
          "optimization": {
            "method": "greedy",
            "max_factors": 15,
            "min_ic": 0.02,
            "min_ir": 0.1
          },
          "evaluation": {
            "min_sample_size": 30,
            "metrics": [
              "ic_pearson",
              "ic_spearman",
              "sharpe_ratio",
              "win_rate",
              "factor_decay"
            ]
          }
        },
        "factor_type": [
          "technical",
          "statistical"
        ],
        "symbols": [],
        "timeframes": []
      },
      "results": {
        "factor_name": "rsi_21",
        "data_length": 3429,
        "missing_ratio": 0.0,
        "ic_pearson": 0.28145752726629975,
        "ic_spearman": 0.24213090305175444,
        "ic_kendall": 0.16668322467445004,
        "mutual_information": 0.05244206429231194,
        "long_short_return": 0.026505816085049778,
        "long_return": 0.01651576194902873,
        "short_return": -0.009990054136021047,
        "returns_std": 0.03766151448939485,
        "sharpe_ratio": 0.7037904992512604,
        "group_returns": {
          "0": -0.009990054136021047,
          "1": -0.0038247004520810426,
          "2": -0.0008131680948399427,
          "3": 0.002906225342443635,
          "4": 0.01651576194902873
        },
        "skewness": -0.4851596014666701,
        "kurtosis": 2.230170061247202,
        "turnover": 2.3398184302719502,
        "win_rate": 0.4992709244677749,
        "autocorr_lag_1": 0.9481821428144632,
        "autocorr_lag_2": 0.9066379079879857,
        "autocorr_lag_3": 0.8653648669204744,
        "autocorr_lag_4": 0.8275443452705107,
        "autocorr_lag_5": 0.7939947328312209,
        "autocorr_lag_6": 0.7599200332660542,
        "autocorr_lag_7": 0.7242445927120494,
        "autocorr_lag_8": 0.6899271077353997,
        "autocorr_lag_9": 0.655515676091957,
        "autocorr_lag_10": 0.6239352417489215
      },
      "evaluated_at": "2025-08-18T14:32:24.828389"
    },
    {
      "metadata": {
        "mining_session": true,
        "mining_config": {
          "factor_types": [
            "technical",
            "statistical",
            "ml"
          ],
          "optimization": {
            "method": "greedy",
            "max_factors": 15,
            "min_ic": 0.02,
            "min_ir": 0.1
          },
          "evaluation": {
            "min_sample_size": 30,
            "metrics": [
              "ic_pearson",
              "ic_spearman",
              "sharpe_ratio",
              "win_rate",
              "factor_decay"
            ]
          }
        },
        "factor_type": [
          "technical",
          "statistical",
          "ml"
        ],
        "symbols": [],
        "timeframes": []
      },
      "results": {
        "factor_name": "rsi_21",
        "data_length": 3429,
        "missing_ratio": 0.0,
        "ic_pearson": 0.28145752726629975,
        "ic_spearman": 0.24213090305175444,
        "ic_kendall": 0.16668322467445004,
        "mutual_information": 0.05244206429231194,
        "long_short_return": 0.026505816085049778,
        "long_return": 0.01651576194902873,
        "short_return": -0.009990054136021047,
        "returns_std": 0.03766151448939485,
        "sharpe_ratio": 0.7037904992512604,
        "group_returns": {
          "0": -0.009990054136021047,
          "1": -0.0038247004520810426,
          "2": -0.0008131680948399427,
          "3": 0.002906225342443635,
          "4": 0.01651576194902873
        },
        "skewness": -0.4851596014666701,
        "kurtosis": 2.230170061247202,
        "turnover": 2.3398184302719502,
        "win_rate": 0.4992709244677749,
        "autocorr_lag_1": 0.9481821428144632,
        "autocorr_lag_2": 0.9066379079879857,
        "autocorr_lag_3": 0.8653648669204744,
        "autocorr_lag_4": 0.8275443452705107,
        "autocorr_lag_5": 0.7939947328312209,
        "autocorr_lag_6": 0.7599200332660542,
        "autocorr_lag_7": 0.7242445927120494,
        "autocorr_lag_8": 0.6899271077353997,
        "autocorr_lag_9": 0.655515676091957,
        "autocorr_lag_10": 0.6239352417489215
      },
      "evaluated_at": "2025-08-18T14:45:33.074196"
    }
  ]
}