{
  "factor_id": "rsi_overbought_21",
  "evaluations": [
    {
      "metadata": {
        "mining_session": true,
        "mining_config": {
          "factor_types": [
            "technical",
            "statistical"
          ],
          "optimization": {
            "method": "greedy",
            "max_factors": 15,
            "min_ic": 0.02,
            "min_ir": 0.1
          },
          "evaluation": {
            "min_sample_size": 30,
            "metrics": [
              "ic_pearson",
              "ic_spearman",
              "sharpe_ratio",
              "win_rate",
              "factor_decay"
            ]
          }
        },
        "factor_type": [
          "technical",
          "statistical"
        ],
        "symbols": [],
        "timeframes": []
      },
      "results": {
        "factor_name": "rsi_overbought_21",
        "data_length": 2263,
        "missing_ratio": 0.0,
        "ic_pearson": 0.22347882491055243,
        "ic_spearman": 0.15248674793453287,
        "ic_kendall": 0.1245332512478295,
        "mutual_information": 0.016184521560469817,
        "long_short_return": 0.0,
        "long_return": 0.0007380103226391865,
        "short_return": 0.0007380103226391865,
        "returns_std": 0.03441244380071443,
        "sharpe_ratio": 0.0,
        "group_returns": {
          "0": 0.0007380103226391865
        },
        "skewness": 4.093165782131852,
        "kurtosis": 14.767056210873955,
        "turnover": 0.02574676772180116,
        "win_rate": 0.028722934158197082,
        "autocorr_lag_1": 0.7343188675806498,
        "autocorr_lag_2": 0.6518578548563557,
        "autocorr_lag_3": 0.6152021891152331,
        "autocorr_lag_4": 0.5877068462037639,
        "autocorr_lag_5": 0.5418856134228724,
        "autocorr_lag_6": 0.5143872041570241,
        "autocorr_lag_7": 0.4593993054850446,
        "autocorr_lag_8": 0.46854937017472625,
        "autocorr_lag_9": 0.44104721832631816,
        "autocorr_lag_10": 0.41354374262821825
      },
      "evaluated_at": "2025-08-18T14:29:26.987783"
    },
    {
      "metadata": {
        "mining_session": true,
        "mining_config": {
          "factor_types": [
            "technical",
            "statistical"
          ],
          "optimization": {
            "method": "greedy",
            "max_factors": 15,
            "min_ic": 0.02,
            "min_ir": 0.1
          },
          "evaluation": {
            "min_sample_size": 30,
            "metrics": [
              "ic_pearson",
              "ic_spearman",
              "sharpe_ratio",
              "win_rate",
              "factor_decay"
            ]
          }
        },
        "factor_type": [
          "technical",
          "statistical"
        ],
        "symbols": [],
        "timeframes": []
      },
      "results": {
        "factor_name": "rsi_overbought_21",
        "data_length": 3429,
        "missing_ratio": 0.0,
        "ic_pearson": 0.2649814457687421,
        "ic_spearman": 0.12457853894852677,
        "ic_kendall": 0.10173972049668846,
        "mutual_information": 0.020389520701819534,
        "long_short_return": 0.0,
        "long_return": 0.000962523787538702,
        "short_return": 0.000962523787538702,
        "returns_std": 0.03766151448939485,
        "sharpe_ratio": 0.0,
        "group_returns": {
          "0": 0.000962523787538702
        },
        "skewness": 6.154646864948518,
        "kurtosis": 35.90061710470962,
        "turnover": 0.014667057788207686,
        "win_rate": 0.023038786818314377,
        "autocorr_lag_1": 0.6949048758259289,
        "autocorr_lag_2": 0.572863695283675,
        "autocorr_lag_3": 0.475228691117385,
        "autocorr_lag_4": 0.4020003990821123,
        "autocorr_lag_5": 0.3531793555745655,
        "autocorr_lag_6": 0.29215333932315035,
        "autocorr_lag_7": 0.25553510799166496,
        "autocorr_lag_8": 0.2189163348887624,
        "autocorr_lag_9": 0.15788797533401885,
        "autocorr_lag_10": 0.09685871350039311
      },
      "evaluated_at": "2025-08-18T14:32:24.828648"
    },
    {
      "metadata": {
        "mining_session": true,
        "mining_config": {
          "factor_types": [
            "technical",
            "statistical",
            "ml"
          ],
          "optimization": {
            "method": "greedy",
            "max_factors": 15,
            "min_ic": 0.02,
            "min_ir": 0.1
          },
          "evaluation": {
            "min_sample_size": 30,
            "metrics": [
              "ic_pearson",
              "ic_spearman",
              "sharpe_ratio",
              "win_rate",
              "factor_decay"
            ]
          }
        },
        "factor_type": [
          "technical",
          "statistical",
          "ml"
        ],
        "symbols": [],
        "timeframes": []
      },
      "results": {
        "factor_name": "rsi_overbought_21",
        "data_length": 3429,
        "missing_ratio": 0.0,
        "ic_pearson": 0.2649814457687421,
        "ic_spearman": 0.12457853894852677,
        "ic_kendall": 0.10173972049668846,
        "mutual_information": 0.020389520701819534,
        "long_short_return": 0.0,
        "long_return": 0.000962523787538702,
        "short_return": 0.000962523787538702,
        "returns_std": 0.03766151448939485,
        "sharpe_ratio": 0.0,
        "group_returns": {
          "0": 0.000962523787538702
        },
        "skewness": 6.154646864948518,
        "kurtosis": 35.90061710470962,
        "turnover": 0.014667057788207686,
        "win_rate": 0.023038786818314377,
        "autocorr_lag_1": 0.6949048758259289,
        "autocorr_lag_2": 0.572863695283675,
        "autocorr_lag_3": 0.475228691117385,
        "autocorr_lag_4": 0.4020003990821123,
        "autocorr_lag_5": 0.3531793555745655,
        "autocorr_lag_6": 0.29215333932315035,
        "autocorr_lag_7": 0.25553510799166496,
        "autocorr_lag_8": 0.2189163348887624,
        "autocorr_lag_9": 0.15788797533401885,
        "autocorr_lag_10": 0.09685871350039311
      },
      "evaluated_at": "2025-08-18T14:45:33.074545"
    }
  ]
}