{
  "factor_id": "rsi_14",
  "evaluations": [
    {
      "metadata": {
        "mining_session": true,
        "mining_config": {
          "factor_types": [
            "technical",
            "statistical"
          ],
          "optimization": {
            "method": "greedy",
            "max_factors": 15,
            "min_ic": 0.02,
            "min_ir": 0.1
          },
          "evaluation": {
            "min_sample_size": 30,
            "metrics": [
              "ic_pearson",
              "ic_spearman",
              "sharpe_ratio",
              "win_rate",
              "factor_decay"
            ]
          }
        },
        "factor_type": [
          "technical",
          "statistical"
        ],
        "symbols": [],
        "timeframes": []
      },
      "results": {
        "factor_name": "rsi_14",
        "data_length": 2263,
        "missing_ratio": 0.0,
        "ic_pearson": 0.32747399524901716,
        "ic_spearman": 0.3055863159962922,
        "ic_kendall": 0.20986731463518793,
        "mutual_information": 0.05477194971143469,
        "long_short_return": 0.030042117114906383,
        "long_return": 0.01757598311784271,
        "short_return": -0.012466133997063672,
        "returns_std": 0.03441244380071443,
        "sharpe_ratio": 0.8730015598102533,
        "group_returns": {
          "0": -0.012466133997063672,
          "1": -0.0041719562796941395,
          "2": -0.00019095318951354854,
          "3": 0.002907915038431993,
          "4": 0.01757598311784271
        },
        "skewness": 0.12961368145192184,
        "kurtosis": 0.8647259830066654,
        "turnover": 3.4379265428996577,
        "win_rate": 0.4900574458683164,
        "autocorr_lag_1": 0.9326290407477282,
        "autocorr_lag_2": 0.8733308039213058,
        "autocorr_lag_3": 0.821332522665296,
        "autocorr_lag_4": 0.7665133097093534,
        "autocorr_lag_5": 0.7161848809799408,
        "autocorr_lag_6": 0.6650560339677053,
        "autocorr_lag_7": 0.6225040686006424,
        "autocorr_lag_8": 0.5806997591244937,
        "autocorr_lag_9": 0.5401852456937546,
        "autocorr_lag_10": 0.503124330217234
      },
      "evaluated_at": "2025-08-18T14:29:26.986007"
    },
    {
      "metadata": {
        "mining_session": true,
        "mining_config": {
          "factor_types": [
            "technical",
            "statistical"
          ],
          "optimization": {
            "method": "greedy",
            "max_factors": 15,
            "min_ic": 0.02,
            "min_ir": 0.1
          },
          "evaluation": {
            "min_sample_size": 30,
            "metrics": [
              "ic_pearson",
              "ic_spearman",
              "sharpe_ratio",
              "win_rate",
              "factor_decay"
            ]
          }
        },
        "factor_type": [
          "technical",
          "statistical"
        ],
        "symbols": [],
        "timeframes": []
      },
      "results": {
        "factor_name": "rsi_14",
        "data_length": 3429,
        "missing_ratio": 0.0,
        "ic_pearson": 0.32929769622415395,
        "ic_spearman": 0.29876621974268747,
        "ic_kendall": 0.20541398220515536,
        "mutual_information": 0.057765652512747206,
        "long_short_return": 0.03244358427913235,
        "long_return": 0.0205064063650958,
        "short_return": -0.011937177914036546,
        "returns_std": 0.03766151448939485,
        "sharpe_ratio": 0.8614519282879124,
        "group_returns": {
          "0": -0.011937177914036546,
          "1": -0.004450767777786109,
          "2": -0.0006853305148226823,
          "3": 0.0013582824293830852,
          "4": 0.0205064063650958
        },
        "skewness": -0.2318309229551082,
        "kurtosis": 0.7384546252844806,
        "turnover": 3.4686828975543906,
        "win_rate": 0.5001458151064451,
        "autocorr_lag_1": 0.9224538800365395,
        "autocorr_lag_2": 0.8604505937490043,
        "autocorr_lag_3": 0.8003539529322903,
        "autocorr_lag_4": 0.7481631131360558,
        "autocorr_lag_5": 0.7033141372041777,
        "autocorr_lag_6": 0.6575163845093316,
        "autocorr_lag_7": 0.610603776748805,
        "autocorr_lag_8": 0.5662810402418272,
        "autocorr_lag_9": 0.5235106216876879,
        "autocorr_lag_10": 0.4867012560527037
      },
      "evaluated_at": "2025-08-18T14:32:24.827563"
    },
    {
      "metadata": {
        "mining_session": true,
        "mining_config": {
          "factor_types": [
            "technical",
            "statistical",
            "ml"
          ],
          "optimization": {
            "method": "greedy",
            "max_factors": 15,
            "min_ic": 0.02,
            "min_ir": 0.1
          },
          "evaluation": {
            "min_sample_size": 30,
            "metrics": [
              "ic_pearson",
              "ic_spearman",
              "sharpe_ratio",
              "win_rate",
              "factor_decay"
            ]
          }
        },
        "factor_type": [
          "technical",
          "statistical",
          "ml"
        ],
        "symbols": [],
        "timeframes": []
      },
      "results": {
        "factor_name": "rsi_14",
        "data_length": 3429,
        "missing_ratio": 0.0,
        "ic_pearson": 0.32929769622415395,
        "ic_spearman": 0.29876621974268747,
        "ic_kendall": 0.20541398220515536,
        "mutual_information": 0.057765652512747206,
        "long_short_return": 0.03244358427913235,
        "long_return": 0.0205064063650958,
        "short_return": -0.011937177914036546,
        "returns_std": 0.03766151448939485,
        "sharpe_ratio": 0.8614519282879124,
        "group_returns": {
          "0": -0.011937177914036546,
          "1": -0.004450767777786109,
          "2": -0.0006853305148226823,
          "3": 0.0013582824293830852,
          "4": 0.0205064063650958
        },
        "skewness": -0.2318309229551082,
        "kurtosis": 0.7384546252844806,
        "turnover": 3.4686828975543906,
        "win_rate": 0.5001458151064451,
        "autocorr_lag_1": 0.9224538800365395,
        "autocorr_lag_2": 0.8604505937490043,
        "autocorr_lag_3": 0.8003539529322903,
        "autocorr_lag_4": 0.7481631131360558,
        "autocorr_lag_5": 0.7033141372041777,
        "autocorr_lag_6": 0.6575163845093316,
        "autocorr_lag_7": 0.610603776748805,
        "autocorr_lag_8": 0.5662810402418272,
        "autocorr_lag_9": 0.5235106216876879,
        "autocorr_lag_10": 0.4867012560527037
      },
      "evaluated_at": "2025-08-18T14:45:33.072827"
    }
  ]
}