{
  "factor_id": "skewness_20",
  "evaluations": [
    {
      "metadata": {
        "mining_session": true,
        "mining_config": {
          "factor_types": [
            "technical",
            "statistical"
          ],
          "optimization": {
            "method": "greedy",
            "max_factors": 15,
            "min_ic": 0.02,
            "min_ir": 0.1
          },
          "evaluation": {
            "min_sample_size": 30,
            "metrics": [
              "ic_pearson",
              "ic_spearman",
              "sharpe_ratio",
              "win_rate",
              "factor_decay"
            ]
          }
        },
        "factor_type": [
          "technical",
          "statistical"
        ],
        "symbols": [],
        "timeframes": []
      },
      "results": {
        "factor_name": "skewness_20",
        "data_length": 2263,
        "missing_ratio": 0.0,
        "ic_pearson": 0.1247570371410161,
        "ic_spearman": 0.03553990631814811,
        "ic_kendall": 0.024133697375801674,
        "mutual_information": 0.022612881549027925,
        "long_short_return": 0.00949233359395361,
        "long_return": 0.006395210501482303,
        "short_return": -0.003097123092471307,
        "returns_std": 0.03441244380071443,
        "sharpe_ratio": 0.2758401480849361,
        "group_returns": {
          "0": -0.003097123092471307,
          "1": -0.004071247535455233,
          "2": 0.00021756151872543732,
          "3": 0.004241619099756032,
          "4": 0.006395210501482303
        },
        "skewness": 0.6071638636821757,
        "kurtosis": 1.8939703658724647,
        "turnover": 0.17294194047602193,
        "win_rate": 0.5024304021210783,
        "autocorr_lag_1": 0.9183788653688387,
        "autocorr_lag_2": 0.8522624830591472,
        "autocorr_lag_3": 0.7940979804860292,
        "autocorr_lag_4": 0.7388822028303781,
        "autocorr_lag_5": 0.6846710611536966,
        "autocorr_lag_6": 0.6299198450702899,
        "autocorr_lag_7": 0.5789842666663851,
        "autocorr_lag_8": 0.5368171983921483,
        "autocorr_lag_9": 0.4972521088572521,
        "autocorr_lag_10": 0.453695841184489
      },
      "evaluated_at": "2025-08-18T14:29:27.001656"
    },
    {
      "metadata": {
        "mining_session": true,
        "mining_config": {
          "factor_types": [
            "technical",
            "statistical"
          ],
          "optimization": {
            "method": "greedy",
            "max_factors": 15,
            "min_ic": 0.02,
            "min_ir": 0.1
          },
          "evaluation": {
            "min_sample_size": 30,
            "metrics": [
              "ic_pearson",
              "ic_spearman",
              "sharpe_ratio",
              "win_rate",
              "factor_decay"
            ]
          }
        },
        "factor_type": [
          "technical",
          "statistical"
        ],
        "symbols": [],
        "timeframes": []
      },
      "results": {
        "factor_name": "skewness_20",
        "data_length": 3429,
        "missing_ratio": 0.0,
        "ic_pearson": 0.14934395416838978,
        "ic_spearman": 0.024271641506713855,
        "ic_kendall": 0.017732359372762598,
        "mutual_information": 0.031125375811734447,
        "long_short_return": 0.013303652292009242,
        "long_return": 0.008502553329076405,
        "short_return": -0.004801098962932839,
        "returns_std": 0.03766151448939485,
        "sharpe_ratio": 0.3532426263886821,
        "group_returns": {
          "0": -0.004801098962932839,
          "1": -0.0007252909234448677,
          "2": 0.0009008923879763513,
          "3": 0.0009353834236378126,
          "4": 0.008502553329076405
        },
        "skewness": -0.015293630642771996,
        "kurtosis": 0.939259987934312,
        "turnover": 0.18011715286301994,
        "win_rate": 0.479148439778361,
        "autocorr_lag_1": 0.9408040506864824,
        "autocorr_lag_2": 0.8843478350725563,
        "autocorr_lag_3": 0.8320873905519786,
        "autocorr_lag_4": 0.7809649593518193,
        "autocorr_lag_5": 0.7326935421605476,
        "autocorr_lag_6": 0.6876853214926925,
        "autocorr_lag_7": 0.6477030373025466,
        "autocorr_lag_8": 0.6097244915140605,
        "autocorr_lag_9": 0.5757693089568242,
        "autocorr_lag_10": 0.5428026116136423
      },
      "evaluated_at": "2025-08-18T14:32:24.840866"
    },
    {
      "metadata": {
        "mining_session": true,
        "mining_config": {
          "factor_types": [
            "technical",
            "statistical",
            "ml"
          ],
          "optimization": {
            "method": "greedy",
            "max_factors": 15,
            "min_ic": 0.02,
            "min_ir": 0.1
          },
          "evaluation": {
            "min_sample_size": 30,
            "metrics": [
              "ic_pearson",
              "ic_spearman",
              "sharpe_ratio",
              "win_rate",
              "factor_decay"
            ]
          }
        },
        "factor_type": [
          "technical",
          "statistical",
          "ml"
        ],
        "symbols": [],
        "timeframes": []
      },
      "results": {
        "factor_name": "skewness_20",
        "data_length": 3429,
        "missing_ratio": 0.0,
        "ic_pearson": 0.14934395416838978,
        "ic_spearman": 0.024271641506713855,
        "ic_kendall": 0.017732359372762598,
        "mutual_information": 0.031125375811734447,
        "long_short_return": 0.013303652292009242,
        "long_return": 0.008502553329076405,
        "short_return": -0.004801098962932839,
        "returns_std": 0.03766151448939485,
        "sharpe_ratio": 0.3532426263886821,
        "group_returns": {
          "0": -0.004801098962932839,
          "1": -0.0007252909234448677,
          "2": 0.0009008923879763513,
          "3": 0.0009353834236378126,
          "4": 0.008502553329076405
        },
        "skewness": -0.015293630642771996,
        "kurtosis": 0.939259987934312,
        "turnover": 0.18011715286301994,
        "win_rate": 0.479148439778361,
        "autocorr_lag_1": 0.9408040506864824,
        "autocorr_lag_2": 0.8843478350725563,
        "autocorr_lag_3": 0.8320873905519786,
        "autocorr_lag_4": 0.7809649593518193,
        "autocorr_lag_5": 0.7326935421605476,
        "autocorr_lag_6": 0.6876853214926925,
        "autocorr_lag_7": 0.6477030373025466,
        "autocorr_lag_8": 0.6097244915140605,
        "autocorr_lag_9": 0.5757693089568242,
        "autocorr_lag_10": 0.5428026116136423
      },
      "evaluated_at": "2025-08-18T14:45:33.090584"
    }
  ]
}