{
  "factor_id": "skewness_50",
  "evaluations": [
    {
      "metadata": {
        "mining_session": true,
        "mining_config": {
          "factor_types": [
            "technical",
            "statistical"
          ],
          "optimization": {
            "method": "greedy",
            "max_factors": 15,
            "min_ic": 0.02,
            "min_ir": 0.1
          },
          "evaluation": {
            "min_sample_size": 30,
            "metrics": [
              "ic_pearson",
              "ic_spearman",
              "sharpe_ratio",
              "win_rate",
              "factor_decay"
            ]
          }
        },
        "factor_type": [
          "technical",
          "statistical"
        ],
        "symbols": [],
        "timeframes": []
      },
      "results": {
        "factor_name": "skewness_50",
        "data_length": 2263,
        "missing_ratio": 0.0,
        "ic_pearson": 0.07336233341328582,
        "ic_spearman": 0.015352874035312217,
        "ic_kendall": 0.010195237183532446,
        "mutual_information": 0.01932942670328252,
        "long_short_return": 0.0074668052371478265,
        "long_return": 0.0059077112753201134,
        "short_return": -0.001559093961827713,
        "returns_std": 0.03441244380071443,
        "sharpe_ratio": 0.21697980185274748,
        "group_returns": {
          "0": -0.001559093961827713,
          "1": -0.002569266504516011,
          "2": 0.000618199236846851,
          "3": 0.0012790943496523892,
          "4": 0.0059077112753201134
        },
        "skewness": 1.481784638937186,
        "kurtosis": 4.372001612809598,
        "turnover": 0.08315744147887162,
        "win_rate": 0.483429076447194,
        "autocorr_lag_1": 0.9748255616015192,
        "autocorr_lag_2": 0.952668673339156,
        "autocorr_lag_3": 0.933601626642058,
        "autocorr_lag_4": 0.9138076683207015,
        "autocorr_lag_5": 0.8933301298397347,
        "autocorr_lag_6": 0.8721777517430732,
        "autocorr_lag_7": 0.8512569541663583,
        "autocorr_lag_8": 0.8304684468585313,
        "autocorr_lag_9": 0.8093269792053126,
        "autocorr_lag_10": 0.7874115451599114
      },
      "evaluated_at": "2025-08-18T14:29:27.002385"
    },
    {
      "metadata": {
        "mining_session": true,
        "mining_config": {
          "factor_types": [
            "technical",
            "statistical"
          ],
          "optimization": {
            "method": "greedy",
            "max_factors": 15,
            "min_ic": 0.02,
            "min_ir": 0.1
          },
          "evaluation": {
            "min_sample_size": 30,
            "metrics": [
              "ic_pearson",
              "ic_spearman",
              "sharpe_ratio",
              "win_rate",
              "factor_decay"
            ]
          }
        },
        "factor_type": [
          "technical",
          "statistical"
        ],
        "symbols": [],
        "timeframes": []
      },
      "results": {
        "factor_name": "skewness_50",
        "data_length": 3429,
        "missing_ratio": 0.0,
        "ic_pearson": 0.11162792110781929,
        "ic_spearman": 0.00786792142393596,
        "ic_kendall": 0.004888739087924311,
        "mutual_information": 0.023012420330495307,
        "long_short_return": 0.009123652549899918,
        "long_return": 0.00636301743470748,
        "short_return": -0.0027606351151924376,
        "returns_std": 0.03766151448939485,
        "sharpe_ratio": 0.24225400049881313,
        "group_returns": {
          "0": -0.0027606351151924376,
          "1": -9.500426836165044e-06,
          "2": -1.9376860495384622e-05,
          "3": 0.0012362512214049615,
          "4": 0.00636301743470748
        },
        "skewness": -0.21660373448859918,
        "kurtosis": 1.843746016067386,
        "turnover": 0.09495401957129086,
        "win_rate": 0.4800233304170312,
        "autocorr_lag_1": 0.9747236883782198,
        "autocorr_lag_2": 0.9506026905187388,
        "autocorr_lag_3": 0.9282880659251573,
        "autocorr_lag_4": 0.9051262483642533,
        "autocorr_lag_5": 0.8825777154933195,
        "autocorr_lag_6": 0.8599482034475739,
        "autocorr_lag_7": 0.8377200086914625,
        "autocorr_lag_8": 0.8160591358734185,
        "autocorr_lag_9": 0.7932523574060613,
        "autocorr_lag_10": 0.7712505988604873
      },
      "evaluated_at": "2025-08-18T14:32:24.841921"
    },
    {
      "metadata": {
        "mining_session": true,
        "mining_config": {
          "factor_types": [
            "technical",
            "statistical",
            "ml"
          ],
          "optimization": {
            "method": "greedy",
            "max_factors": 15,
            "min_ic": 0.02,
            "min_ir": 0.1
          },
          "evaluation": {
            "min_sample_size": 30,
            "metrics": [
              "ic_pearson",
              "ic_spearman",
              "sharpe_ratio",
              "win_rate",
              "factor_decay"
            ]
          }
        },
        "factor_type": [
          "technical",
          "statistical",
          "ml"
        ],
        "symbols": [],
        "timeframes": []
      },
      "results": {
        "factor_name": "skewness_50",
        "data_length": 3429,
        "missing_ratio": 0.0,
        "ic_pearson": 0.11162792110781929,
        "ic_spearman": 0.00786792142393596,
        "ic_kendall": 0.004888739087924311,
        "mutual_information": 0.023012420330495307,
        "long_short_return": 0.009123652549899918,
        "long_return": 0.00636301743470748,
        "short_return": -0.0027606351151924376,
        "returns_std": 0.03766151448939485,
        "sharpe_ratio": 0.24225400049881313,
        "group_returns": {
          "0": -0.0027606351151924376,
          "1": -9.500426836165044e-06,
          "2": -1.9376860495384622e-05,
          "3": 0.0012362512214049615,
          "4": 0.00636301743470748
        },
        "skewness": -0.21660373448859918,
        "kurtosis": 1.843746016067386,
        "turnover": 0.09495401957129086,
        "win_rate": 0.4800233304170312,
        "autocorr_lag_1": 0.9747236883782198,
        "autocorr_lag_2": 0.9506026905187388,
        "autocorr_lag_3": 0.9282880659251573,
        "autocorr_lag_4": 0.9051262483642533,
        "autocorr_lag_5": 0.8825777154933195,
        "autocorr_lag_6": 0.8599482034475739,
        "autocorr_lag_7": 0.8377200086914625,
        "autocorr_lag_8": 0.8160591358734185,
        "autocorr_lag_9": 0.7932523574060613,
        "autocorr_lag_10": 0.7712505988604873
      },
      "evaluated_at": "2025-08-18T14:45:33.092099"
    }
  ]
}