{
  "factor_id": "stoch_d",
  "evaluations": [
    {
      "metadata": {
        "mining_session": true,
        "mining_config": {
          "factor_types": [
            "technical",
            "statistical"
          ],
          "optimization": {
            "method": "greedy",
            "max_factors": 15,
            "min_ic": 0.02,
            "min_ir": 0.1
          },
          "evaluation": {
            "min_sample_size": 30,
            "metrics": [
              "ic_pearson",
              "ic_spearman",
              "sharpe_ratio",
              "win_rate",
              "factor_decay"
            ]
          }
        },
        "factor_type": [
          "technical",
          "statistical"
        ],
        "symbols": [],
        "timeframes": []
      },
      "results": {
        "factor_name": "stoch_d",
        "data_length": 2263,
        "missing_ratio": 0.0,
        "ic_pearson": 0.14509923565455188,
        "ic_spearman": 0.13537299819413193,
        "ic_kendall": 0.09086404748410792,
        "mutual_information": 0.02052403400357588,
        "long_short_return": 0.014497737081122246,
        "long_return": 0.009069497060738953,
        "short_return": -0.005428240020383293,
        "returns_std": 0.03441244380071443,
        "sharpe_ratio": 0.4212934473668871,
        "group_returns": {
          "0": -0.005428240020383293,
          "1": -0.0021854136532490722,
          "2": 0.0011007844419782282,
          "3": 0.0011141886937185536,
          "4": 0.009069497060738953
        },
        "skewness": 0.042337948271861776,
        "kurtosis": -1.2129176861623714,
        "turnover": 6.1582220541710635,
        "win_rate": 0.4891736632788334,
        "autocorr_lag_1": 0.9468478799058897,
        "autocorr_lag_2": 0.8292450045373498,
        "autocorr_lag_3": 0.6880398902946377,
        "autocorr_lag_4": 0.562196702287871,
        "autocorr_lag_5": 0.4506360731740306,
        "autocorr_lag_6": 0.35111462169177793,
        "autocorr_lag_7": 0.26385214968925236,
        "autocorr_lag_8": 0.18588768020185603,
        "autocorr_lag_9": 0.11586830928239489,
        "autocorr_lag_10": 0.053031426006051215
      },
      "evaluated_at": "2025-08-18T14:29:26.990578"
    },
    {
      "metadata": {
        "mining_session": true,
        "mining_config": {
          "factor_types": [
            "technical",
            "statistical"
          ],
          "optimization": {
            "method": "greedy",
            "max_factors": 15,
            "min_ic": 0.02,
            "min_ir": 0.1
          },
          "evaluation": {
            "min_sample_size": 30,
            "metrics": [
              "ic_pearson",
              "ic_spearman",
              "sharpe_ratio",
              "win_rate",
              "factor_decay"
            ]
          }
        },
        "factor_type": [
          "technical",
          "statistical"
        ],
        "symbols": [],
        "timeframes": []
      },
      "results": {
        "factor_name": "stoch_d",
        "data_length": 3429,
        "missing_ratio": 0.0,
        "ic_pearson": 0.11330754183246095,
        "ic_spearman": 0.11533538626430849,
        "ic_kendall": 0.07712265927848269,
        "mutual_information": 0.011808209385408143,
        "long_short_return": 0.012602774588926176,
        "long_return": 0.007114737724661226,
        "short_return": -0.0054880368642649495,
        "returns_std": 0.03766151448939485,
        "sharpe_ratio": 0.33463270821132285,
        "group_returns": {
          "0": -0.0054880368642649495,
          "1": 0.00021729756310980854,
          "2": -0.00017752301574946552,
          "3": 0.0031350785044921515,
          "4": 0.007114737724661226
        },
        "skewness": 0.05022383305139481,
        "kurtosis": -1.1716257423323224,
        "turnover": 6.134349559946646,
        "win_rate": 0.5001458151064451,
        "autocorr_lag_1": 0.944826713672627,
        "autocorr_lag_2": 0.8270648393648251,
        "autocorr_lag_3": 0.6880851443973726,
        "autocorr_lag_4": 0.5712589194685277,
        "autocorr_lag_5": 0.46991709513558166,
        "autocorr_lag_6": 0.37884505654890516,
        "autocorr_lag_7": 0.29404048828782914,
        "autocorr_lag_8": 0.21495850798790467,
        "autocorr_lag_9": 0.1425108006299063,
        "autocorr_lag_10": 0.07726197908610193
      },
      "evaluated_at": "2025-08-18T14:32:24.830764"
    },
    {
      "metadata": {
        "mining_session": true,
        "mining_config": {
          "factor_types": [
            "technical",
            "statistical",
            "ml"
          ],
          "optimization": {
            "method": "greedy",
            "max_factors": 15,
            "min_ic": 0.02,
            "min_ir": 0.1
          },
          "evaluation": {
            "min_sample_size": 30,
            "metrics": [
              "ic_pearson",
              "ic_spearman",
              "sharpe_ratio",
              "win_rate",
              "factor_decay"
            ]
          }
        },
        "factor_type": [
          "technical",
          "statistical",
          "ml"
        ],
        "symbols": [],
        "timeframes": []
      },
      "results": {
        "factor_name": "stoch_d",
        "data_length": 3429,
        "missing_ratio": 0.0,
        "ic_pearson": 0.11330754183246095,
        "ic_spearman": 0.11533538626430849,
        "ic_kendall": 0.07712265927848269,
        "mutual_information": 0.011808209385408143,
        "long_short_return": 0.012602774588926176,
        "long_return": 0.007114737724661226,
        "short_return": -0.0054880368642649495,
        "returns_std": 0.03766151448939485,
        "sharpe_ratio": 0.33463270821132285,
        "group_returns": {
          "0": -0.0054880368642649495,
          "1": 0.00021729756310980854,
          "2": -0.00017752301574946552,
          "3": 0.0031350785044921515,
          "4": 0.007114737724661226
        },
        "skewness": 0.05022383305139481,
        "kurtosis": -1.1716257423323224,
        "turnover": 6.134349559946646,
        "win_rate": 0.5001458151064451,
        "autocorr_lag_1": 0.944826713672627,
        "autocorr_lag_2": 0.8270648393648251,
        "autocorr_lag_3": 0.6880851443973726,
        "autocorr_lag_4": 0.5712589194685277,
        "autocorr_lag_5": 0.46991709513558166,
        "autocorr_lag_6": 0.37884505654890516,
        "autocorr_lag_7": 0.29404048828782914,
        "autocorr_lag_8": 0.21495850798790467,
        "autocorr_lag_9": 0.1425108006299063,
        "autocorr_lag_10": 0.07726197908610193
      },
      "evaluated_at": "2025-08-18T14:45:33.077483"
    }
  ]
}