{
  "factor_id": "stoch_k",
  "evaluations": [
    {
      "metadata": {
        "mining_session": true,
        "mining_config": {
          "factor_types": [
            "technical",
            "statistical"
          ],
          "optimization": {
            "method": "greedy",
            "max_factors": 15,
            "min_ic": 0.02,
            "min_ir": 0.1
          },
          "evaluation": {
            "min_sample_size": 30,
            "metrics": [
              "ic_pearson",
              "ic_spearman",
              "sharpe_ratio",
              "win_rate",
              "factor_decay"
            ]
          }
        },
        "factor_type": [
          "technical",
          "statistical"
        ],
        "symbols": [],
        "timeframes": []
      },
      "results": {
        "factor_name": "stoch_k",
        "data_length": 2263,
        "missing_ratio": 0.0,
        "ic_pearson": 0.385298419673016,
        "ic_spearman": 0.4183324232300158,
        "ic_kendall": 0.2884961400257602,
        "mutual_information": 0.07999243940529102,
        "long_short_return": 0.040757975857994705,
        "long_return": 0.023445510108896065,
        "short_return": -0.01731246574909864,
        "returns_std": 0.03441244380071443,
        "sharpe_ratio": 1.184396437928902,
        "group_returns": {
          "0": -0.01731246574909864,
          "1": -0.0025266947325113982,
          "2": -0.0021568675066841467,
          "3": 0.002196736258176056,
          "4": 0.023445510108896065
        },
        "skewness": 0.05621166681733918,
        "kurtosis": -1.155918737565805,
        "turnover": 11.2496313783141,
        "win_rate": 0.4900574458683164,
        "autocorr_lag_1": 0.8406114354346312,
        "autocorr_lag_2": 0.7028514280646941,
        "autocorr_lag_3": 0.5860897981689376,
        "autocorr_lag_4": 0.4756883015092327,
        "autocorr_lag_5": 0.38159400138503735,
        "autocorr_lag_6": 0.2920320645643085,
        "autocorr_lag_7": 0.222594645498522,
        "autocorr_lag_8": 0.15431005241573947,
        "autocorr_lag_9": 0.09372286250185893,
        "autocorr_lag_10": 0.04179345004133747
      },
      "evaluated_at": "2025-08-18T14:29:26.990364"
    },
    {
      "metadata": {
        "mining_session": true,
        "mining_config": {
          "factor_types": [
            "technical",
            "statistical"
          ],
          "optimization": {
            "method": "greedy",
            "max_factors": 15,
            "min_ic": 0.02,
            "min_ir": 0.1
          },
          "evaluation": {
            "min_sample_size": 30,
            "metrics": [
              "ic_pearson",
              "ic_spearman",
              "sharpe_ratio",
              "win_rate",
              "factor_decay"
            ]
          }
        },
        "factor_type": [
          "technical",
          "statistical"
        ],
        "symbols": [],
        "timeframes": []
      },
      "results": {
        "factor_name": "stoch_k",
        "data_length": 3429,
        "missing_ratio": 0.0,
        "ic_pearson": 0.33167350896995296,
        "ic_spearman": 0.39667951577029714,
        "ic_kendall": 0.27133813363377546,
        "mutual_information": 0.051430843023432773,
        "long_short_return": 0.038450371944826645,
        "long_return": 0.022988726280454563,
        "short_return": -0.015461645664372083,
        "returns_std": 0.03766151448939485,
        "sharpe_ratio": 1.0209459833500305,
        "group_returns": {
          "0": -0.015461645664372083,
          "1": -0.00281018317975208,
          "2": -0.0019084075994707304,
          "3": 0.0019760021316808964,
          "4": 0.022988726280454563
        },
        "skewness": 0.09674440787516629,
        "kurtosis": -1.1197558418575422,
        "turnover": 11.101435540453256,
        "win_rate": 0.5001458151064451,
        "autocorr_lag_1": 0.8278368346960698,
        "autocorr_lag_2": 0.6934503934968802,
        "autocorr_lag_3": 0.5741258758432148,
        "autocorr_lag_4": 0.4778946172522617,
        "autocorr_lag_5": 0.3961106742556811,
        "autocorr_lag_6": 0.32066835217504736,
        "autocorr_lag_7": 0.24823528109341012,
        "autocorr_lag_8": 0.1781399669069791,
        "autocorr_lag_9": 0.11441780869851802,
        "autocorr_lag_10": 0.06197848079844437
      },
      "evaluated_at": "2025-08-18T14:32:24.830474"
    },
    {
      "metadata": {
        "mining_session": true,
        "mining_config": {
          "factor_types": [
            "technical",
            "statistical",
            "ml"
          ],
          "optimization": {
            "method": "greedy",
            "max_factors": 15,
            "min_ic": 0.02,
            "min_ir": 0.1
          },
          "evaluation": {
            "min_sample_size": 30,
            "metrics": [
              "ic_pearson",
              "ic_spearman",
              "sharpe_ratio",
              "win_rate",
              "factor_decay"
            ]
          }
        },
        "factor_type": [
          "technical",
          "statistical",
          "ml"
        ],
        "symbols": [],
        "timeframes": []
      },
      "results": {
        "factor_name": "stoch_k",
        "data_length": 3429,
        "missing_ratio": 0.0,
        "ic_pearson": 0.33167350896995296,
        "ic_spearman": 0.39667951577029714,
        "ic_kendall": 0.27133813363377546,
        "mutual_information": 0.051430843023432773,
        "long_short_return": 0.038450371944826645,
        "long_return": 0.022988726280454563,
        "short_return": -0.015461645664372083,
        "returns_std": 0.03766151448939485,
        "sharpe_ratio": 1.0209459833500305,
        "group_returns": {
          "0": -0.015461645664372083,
          "1": -0.00281018317975208,
          "2": -0.0019084075994707304,
          "3": 0.0019760021316808964,
          "4": 0.022988726280454563
        },
        "skewness": 0.09674440787516629,
        "kurtosis": -1.1197558418575422,
        "turnover": 11.101435540453256,
        "win_rate": 0.5001458151064451,
        "autocorr_lag_1": 0.8278368346960698,
        "autocorr_lag_2": 0.6934503934968802,
        "autocorr_lag_3": 0.5741258758432148,
        "autocorr_lag_4": 0.4778946172522617,
        "autocorr_lag_5": 0.3961106742556811,
        "autocorr_lag_6": 0.32066835217504736,
        "autocorr_lag_7": 0.24823528109341012,
        "autocorr_lag_8": 0.1781399669069791,
        "autocorr_lag_9": 0.11441780869851802,
        "autocorr_lag_10": 0.06197848079844437
      },
      "evaluated_at": "2025-08-18T14:45:33.077072"
    }
  ]
}