{
  "factor_id": "stoch_overbought",
  "evaluations": [
    {
      "metadata": {
        "mining_session": true,
        "mining_config": {
          "factor_types": [
            "technical",
            "statistical"
          ],
          "optimization": {
            "method": "greedy",
            "max_factors": 15,
            "min_ic": 0.02,
            "min_ir": 0.1
          },
          "evaluation": {
            "min_sample_size": 30,
            "metrics": [
              "ic_pearson",
              "ic_spearman",
              "sharpe_ratio",
              "win_rate",
              "factor_decay"
            ]
          }
        },
        "factor_type": [
          "technical",
          "statistical"
        ],
        "symbols": [],
        "timeframes": []
      },
      "results": {
        "factor_name": "stoch_overbought",
        "data_length": 2263,
        "missing_ratio": 0.0,
        "ic_pearson": 0.33463340503993916,
        "ic_spearman": 0.3502744115262878,
        "ic_kendall": 0.2860629653864515,
        "mutual_information": 0.046275585366780406,
        "long_short_return": 0.0,
        "long_return": 0.0007380103226391865,
        "short_return": 0.0007380103226391865,
        "returns_std": 0.03441244380071443,
        "sharpe_ratio": 0.0,
        "group_returns": {
          "0": 0.0007380103226391865
        },
        "skewness": 1.7864862998684414,
        "kurtosis": 1.1925865058024452,
        "turnover": 0.12991529201961657,
        "win_rate": 0.0764471939902784,
        "autocorr_lag_1": 0.5362619216122396,
        "autocorr_lag_2": 0.36468598178635425,
        "autocorr_lag_3": 0.32015361345861,
        "autocorr_lag_4": 0.2470190628085372,
        "autocorr_lag_5": 0.1897585275244866,
        "autocorr_lag_6": 0.12613232863365953,
        "autocorr_lag_7": 0.1006305255506525,
        "autocorr_lag_8": 0.0560544942537485,
        "autocorr_lag_9": 0.033720287451630714,
        "autocorr_lag_10": 0.0368126984126987
      },
      "evaluated_at": "2025-08-18T14:29:26.990769"
    },
    {
      "metadata": {
        "mining_session": true,
        "mining_config": {
          "factor_types": [
            "technical",
            "statistical"
          ],
          "optimization": {
            "method": "greedy",
            "max_factors": 15,
            "min_ic": 0.02,
            "min_ir": 0.1
          },
          "evaluation": {
            "min_sample_size": 30,
            "metrics": [
              "ic_pearson",
              "ic_spearman",
              "sharpe_ratio",
              "win_rate",
              "factor_decay"
            ]
          }
        },
        "factor_type": [
          "technical",
          "statistical"
        ],
        "symbols": [],
        "timeframes": []
      },
      "results": {
        "factor_name": "stoch_overbought",
        "data_length": 3429,
        "missing_ratio": 0.0,
        "ic_pearson": 0.284599734729368,
        "ic_spearman": 0.3228544130222756,
        "ic_kendall": 0.26366594133505183,
        "mutual_information": 0.028976942702658937,
        "long_short_return": 0.0,
        "long_return": 0.000962523787538702,
        "short_return": 0.000962523787538702,
        "returns_std": 0.03766151448939485,
        "sharpe_ratio": 0.0,
        "group_returns": {
          "0": 0.000962523787538702
        },
        "skewness": 2.0180356447520373,
        "kurtosis": 2.0736770171434866,
        "turnover": 0.12026987386330303,
        "win_rate": 0.07494896471274425,
        "autocorr_lag_1": 0.5175831515877967,
        "autocorr_lag_2": 0.3504700558298606,
        "autocorr_lag_3": 0.23511708695326497,
        "autocorr_lag_4": 0.15505670635836735,
        "autocorr_lag_5": 0.11735531054451152,
        "autocorr_lag_6": 0.10083467311043393,
        "autocorr_lag_7": 0.06548074773426833,
        "autocorr_lag_8": 0.07720467813722333,
        "autocorr_lag_9": 0.03242926598248381,
        "autocorr_lag_10": 0.02060962627235022
      },
      "evaluated_at": "2025-08-18T14:32:24.831084"
    },
    {
      "metadata": {
        "mining_session": true,
        "mining_config": {
          "factor_types": [
            "technical",
            "statistical",
            "ml"
          ],
          "optimization": {
            "method": "greedy",
            "max_factors": 15,
            "min_ic": 0.02,
            "min_ir": 0.1
          },
          "evaluation": {
            "min_sample_size": 30,
            "metrics": [
              "ic_pearson",
              "ic_spearman",
              "sharpe_ratio",
              "win_rate",
              "factor_decay"
            ]
          }
        },
        "factor_type": [
          "technical",
          "statistical",
          "ml"
        ],
        "symbols": [],
        "timeframes": []
      },
      "results": {
        "factor_name": "stoch_overbought",
        "data_length": 3429,
        "missing_ratio": 0.0,
        "ic_pearson": 0.284599734729368,
        "ic_spearman": 0.3228544130222756,
        "ic_kendall": 0.26366594133505183,
        "mutual_information": 0.028976942702658937,
        "long_short_return": 0.0,
        "long_return": 0.000962523787538702,
        "short_return": 0.000962523787538702,
        "returns_std": 0.03766151448939485,
        "sharpe_ratio": 0.0,
        "group_returns": {
          "0": 0.000962523787538702
        },
        "skewness": 2.0180356447520373,
        "kurtosis": 2.0736770171434866,
        "turnover": 0.12026987386330303,
        "win_rate": 0.07494896471274425,
        "autocorr_lag_1": 0.5175831515877967,
        "autocorr_lag_2": 0.3504700558298606,
        "autocorr_lag_3": 0.23511708695326497,
        "autocorr_lag_4": 0.15505670635836735,
        "autocorr_lag_5": 0.11735531054451152,
        "autocorr_lag_6": 0.10083467311043393,
        "autocorr_lag_7": 0.06548074773426833,
        "autocorr_lag_8": 0.07720467813722333,
        "autocorr_lag_9": 0.03242926598248381,
        "autocorr_lag_10": 0.02060962627235022
      },
      "evaluated_at": "2025-08-18T14:45:33.077920"
    }
  ]
}