{
  "factor_id": "support_distance",
  "evaluations": [
    {
      "metadata": {
        "mining_session": true,
        "mining_config": {
          "factor_types": [
            "technical",
            "statistical"
          ],
          "optimization": {
            "method": "greedy",
            "max_factors": 15,
            "min_ic": 0.02,
            "min_ir": 0.1
          },
          "evaluation": {
            "min_sample_size": 30,
            "metrics": [
              "ic_pearson",
              "ic_spearman",
              "sharpe_ratio",
              "win_rate",
              "factor_decay"
            ]
          }
        },
        "factor_type": [
          "technical",
          "statistical"
        ],
        "symbols": [],
        "timeframes": []
      },
      "results": {
        "factor_name": "support_distance",
        "data_length": 2263,
        "missing_ratio": 0.0,
        "ic_pearson": 0.27032907353612673,
        "ic_spearman": 0.25334294808602015,
        "ic_kendall": 0.17728905275882076,
        "mutual_information": 0.06362023558330257,
        "long_short_return": 0.026961686983307115,
        "long_return": 0.013563989072971336,
        "short_return": -0.013397697910335779,
        "returns_std": 0.03441244380071443,
        "sharpe_ratio": 0.7834865532783628,
        "group_returns": {
          "0": -0.013397697910335779,
          "1": -0.001419607610163245,
          "2": 0.0010764924090907312,
          "3": 0.0038377507382771747,
          "4": 0.013563989072971336
        },
        "skewness": 1.6342992604201199,
        "kurtosis": 3.6039847755096557,
        "turnover": 0.018496912144072477,
        "win_rate": 0.48784798939460894,
        "autocorr_lag_1": 0.9454989269423824,
        "autocorr_lag_2": 0.8928136309615256,
        "autocorr_lag_3": 0.8447183518611902,
        "autocorr_lag_4": 0.7954579442835226,
        "autocorr_lag_5": 0.745322242028554,
        "autocorr_lag_6": 0.6956108245036814,
        "autocorr_lag_7": 0.6516964695106581,
        "autocorr_lag_8": 0.6080817523686709,
        "autocorr_lag_9": 0.5638049020871785,
        "autocorr_lag_10": 0.5242093247631497
      },
      "evaluated_at": "2025-08-18T14:29:27.001183"
    },
    {
      "metadata": {
        "mining_session": true,
        "mining_config": {
          "factor_types": [
            "technical",
            "statistical"
          ],
          "optimization": {
            "method": "greedy",
            "max_factors": 15,
            "min_ic": 0.02,
            "min_ir": 0.1
          },
          "evaluation": {
            "min_sample_size": 30,
            "metrics": [
              "ic_pearson",
              "ic_spearman",
              "sharpe_ratio",
              "win_rate",
              "factor_decay"
            ]
          }
        },
        "factor_type": [
          "technical",
          "statistical"
        ],
        "symbols": [],
        "timeframes": []
      },
      "results": {
        "factor_name": "support_distance",
        "data_length": 3429,
        "missing_ratio": 0.0,
        "ic_pearson": 0.26812965856258975,
        "ic_spearman": 0.24442873972983667,
        "ic_kendall": 0.17287778781996682,
        "mutual_information": 0.06489302018305637,
        "long_short_return": 0.02673006978870092,
        "long_return": 0.014538821096162474,
        "short_return": -0.012191248692538445,
        "returns_std": 0.03766151448939485,
        "sharpe_ratio": 0.7097449518719665,
        "group_returns": {
          "0": -0.012191248692538445,
          "1": -0.0024632911247872073,
          "2": 0.0008081735456099252,
          "3": 0.004100764517442091,
          "4": 0.014538821096162474
        },
        "skewness": 2.583524152659875,
        "kurtosis": 10.696160958061066,
        "turnover": 0.018117298845921427,
        "win_rate": 0.4992709244677749,
        "autocorr_lag_1": 0.9535039030469066,
        "autocorr_lag_2": 0.9086977924466456,
        "autocorr_lag_3": 0.8621024801397724,
        "autocorr_lag_4": 0.8177629356679218,
        "autocorr_lag_5": 0.7763441777306669,
        "autocorr_lag_6": 0.7329959539018944,
        "autocorr_lag_7": 0.6867994248150157,
        "autocorr_lag_8": 0.6399973961928113,
        "autocorr_lag_9": 0.5910889362241032,
        "autocorr_lag_10": 0.5458561421709871
      },
      "evaluated_at": "2025-08-18T14:32:24.840318"
    },
    {
      "metadata": {
        "mining_session": true,
        "mining_config": {
          "factor_types": [
            "technical",
            "statistical",
            "ml"
          ],
          "optimization": {
            "method": "greedy",
            "max_factors": 15,
            "min_ic": 0.02,
            "min_ir": 0.1
          },
          "evaluation": {
            "min_sample_size": 30,
            "metrics": [
              "ic_pearson",
              "ic_spearman",
              "sharpe_ratio",
              "win_rate",
              "factor_decay"
            ]
          }
        },
        "factor_type": [
          "technical",
          "statistical",
          "ml"
        ],
        "symbols": [],
        "timeframes": []
      },
      "results": {
        "factor_name": "support_distance",
        "data_length": 3429,
        "missing_ratio": 0.0,
        "ic_pearson": 0.26812965856258975,
        "ic_spearman": 0.24442873972983667,
        "ic_kendall": 0.17287778781996682,
        "mutual_information": 0.06489302018305637,
        "long_short_return": 0.02673006978870092,
        "long_return": 0.014538821096162474,
        "short_return": -0.012191248692538445,
        "returns_std": 0.03766151448939485,
        "sharpe_ratio": 0.7097449518719665,
        "group_returns": {
          "0": -0.012191248692538445,
          "1": -0.0024632911247872073,
          "2": 0.0008081735456099252,
          "3": 0.004100764517442091,
          "4": 0.014538821096162474
        },
        "skewness": 2.583524152659875,
        "kurtosis": 10.696160958061066,
        "turnover": 0.018117298845921427,
        "win_rate": 0.4992709244677749,
        "autocorr_lag_1": 0.9535039030469066,
        "autocorr_lag_2": 0.9086977924466456,
        "autocorr_lag_3": 0.8621024801397724,
        "autocorr_lag_4": 0.8177629356679218,
        "autocorr_lag_5": 0.7763441777306669,
        "autocorr_lag_6": 0.7329959539018944,
        "autocorr_lag_7": 0.6867994248150157,
        "autocorr_lag_8": 0.6399973961928113,
        "autocorr_lag_9": 0.5910889362241032,
        "autocorr_lag_10": 0.5458561421709871
      },
      "evaluated_at": "2025-08-18T14:45:33.089616"
    }
  ]
}