{
  "factor_id": "vol_change_20",
  "evaluations": [
    {
      "metadata": {
        "mining_session": true,
        "mining_config": {
          "factor_types": [
            "technical",
            "statistical"
          ],
          "optimization": {
            "method": "greedy",
            "max_factors": 15,
            "min_ic": 0.02,
            "min_ir": 0.1
          },
          "evaluation": {
            "min_sample_size": 30,
            "metrics": [
              "ic_pearson",
              "ic_spearman",
              "sharpe_ratio",
              "win_rate",
              "factor_decay"
            ]
          }
        },
        "factor_type": [
          "technical",
          "statistical"
        ],
        "symbols": [],
        "timeframes": []
      },
      "results": {
        "factor_name": "vol_change_20",
        "data_length": 2263,
        "missing_ratio": 0.0,
        "ic_pearson": 0.33163006091228114,
        "ic_spearman": 0.0020132713566737223,
        "ic_kendall": -0.0007770585112639926,
        "mutual_information": 0.05425942034378981,
        "long_short_return": 0.005135004278656094,
        "long_return": 0.004941385767297808,
        "short_return": -0.00019361851135828612,
        "returns_std": 0.03441244380071443,
        "sharpe_ratio": 0.14921940180689774,
        "group_returns": {
          "0": -0.00019361851135828612,
          "1": 0.0006671567713657455,
          "2": -0.0009398862598186746,
          "3": -0.0007922245317478755,
          "4": 0.004941385767297808
        },
        "skewness": 14.003111090951482,
        "kurtosis": 337.21619405570624,
        "turnover": 0.07564524927973403,
        "win_rate": 0.4931506849315068,
        "autocorr_lag_1": 0.05029069881143573,
        "autocorr_lag_2": 0.04096743694440693,
        "autocorr_lag_3": 0.007995573289258344,
        "autocorr_lag_4": 0.02867833887195772,
        "autocorr_lag_5": 0.026312654885614316,
        "autocorr_lag_6": -0.00331404553002388,
        "autocorr_lag_7": -0.02916807214810277,
        "autocorr_lag_8": 0.002062166009168791,
        "autocorr_lag_9": -0.0034190716036469155,
        "autocorr_lag_10": -0.002800858048405275
      },
      "evaluated_at": "2025-08-18T14:29:26.992756"
    },
    {
      "metadata": {
        "mining_session": true,
        "mining_config": {
          "factor_types": [
            "technical",
            "statistical"
          ],
          "optimization": {
            "method": "greedy",
            "max_factors": 15,
            "min_ic": 0.02,
            "min_ir": 0.1
          },
          "evaluation": {
            "min_sample_size": 30,
            "metrics": [
              "ic_pearson",
              "ic_spearman",
              "sharpe_ratio",
              "win_rate",
              "factor_decay"
            ]
          }
        },
        "factor_type": [
          "technical",
          "statistical"
        ],
        "symbols": [],
        "timeframes": []
      },
      "results": {
        "factor_name": "vol_change_20",
        "data_length": 3429,
        "missing_ratio": 0.0,
        "ic_pearson": 0.33311695719189555,
        "ic_spearman": -0.0026278041571499737,
        "ic_kendall": -0.0005647536360641072,
        "mutual_information": 0.03424882402309932,
        "long_short_return": 0.00469746810047874,
        "long_return": 0.004364138170241688,
        "short_return": -0.00033332993023705193,
        "returns_std": 0.03766151448939485,
        "sharpe_ratio": 0.12472860330142871,
        "group_returns": {
          "0": -0.00033332993023705193,
          "1": 0.0009842571359830448,
          "2": 0.0006163390844401092,
          "3": -0.0008197948075829643,
          "4": 0.004364138170241688
        },
        "skewness": 28.870217719032006,
        "kurtosis": 1268.4297590299118,
        "turnover": 0.08164953201432945,
        "win_rate": 0.49868766404199477,
        "autocorr_lag_1": 0.011516018553903643,
        "autocorr_lag_2": 0.009907108344390859,
        "autocorr_lag_3": 0.00826150090861631,
        "autocorr_lag_4": -0.006245166662313278,
        "autocorr_lag_5": 0.010844946690842875,
        "autocorr_lag_6": -0.002328348458774625,
        "autocorr_lag_7": 0.006744055629468532,
        "autocorr_lag_8": 0.01669680433976554,
        "autocorr_lag_9": -0.006956460528040561,
        "autocorr_lag_10": -0.002683745477275703
      },
      "evaluated_at": "2025-08-18T14:32:24.832998"
    },
    {
      "metadata": {
        "mining_session": true,
        "mining_config": {
          "factor_types": [
            "technical",
            "statistical",
            "ml"
          ],
          "optimization": {
            "method": "greedy",
            "max_factors": 15,
            "min_ic": 0.02,
            "min_ir": 0.1
          },
          "evaluation": {
            "min_sample_size": 30,
            "metrics": [
              "ic_pearson",
              "ic_spearman",
              "sharpe_ratio",
              "win_rate",
              "factor_decay"
            ]
          }
        },
        "factor_type": [
          "technical",
          "statistical",
          "ml"
        ],
        "symbols": [],
        "timeframes": []
      },
      "results": {
        "factor_name": "vol_change_20",
        "data_length": 3429,
        "missing_ratio": 0.0,
        "ic_pearson": 0.33311695719189555,
        "ic_spearman": -0.0026278041571499737,
        "ic_kendall": -0.0005647536360641072,
        "mutual_information": 0.03424882402309932,
        "long_short_return": 0.00469746810047874,
        "long_return": 0.004364138170241688,
        "short_return": -0.00033332993023705193,
        "returns_std": 0.03766151448939485,
        "sharpe_ratio": 0.12472860330142871,
        "group_returns": {
          "0": -0.00033332993023705193,
          "1": 0.0009842571359830448,
          "2": 0.0006163390844401092,
          "3": -0.0008197948075829643,
          "4": 0.004364138170241688
        },
        "skewness": 28.870217719032006,
        "kurtosis": 1268.4297590299118,
        "turnover": 0.08164953201432945,
        "win_rate": 0.49868766404199477,
        "autocorr_lag_1": 0.011516018553903643,
        "autocorr_lag_2": 0.009907108344390859,
        "autocorr_lag_3": 0.00826150090861631,
        "autocorr_lag_4": -0.006245166662313278,
        "autocorr_lag_5": 0.010844946690842875,
        "autocorr_lag_6": -0.002328348458774625,
        "autocorr_lag_7": 0.006744055629468532,
        "autocorr_lag_8": 0.01669680433976554,
        "autocorr_lag_9": -0.006956460528040561,
        "autocorr_lag_10": -0.002683745477275703
      },
      "evaluated_at": "2025-08-18T14:45:33.080709"
    }
  ]
}