{
  "factor_id": "vol_change_50",
  "evaluations": [
    {
      "metadata": {
        "mining_session": true,
        "mining_config": {
          "factor_types": [
            "technical",
            "statistical"
          ],
          "optimization": {
            "method": "greedy",
            "max_factors": 15,
            "min_ic": 0.02,
            "min_ir": 0.1
          },
          "evaluation": {
            "min_sample_size": 30,
            "metrics": [
              "ic_pearson",
              "ic_spearman",
              "sharpe_ratio",
              "win_rate",
              "factor_decay"
            ]
          }
        },
        "factor_type": [
          "technical",
          "statistical"
        ],
        "symbols": [],
        "timeframes": []
      },
      "results": {
        "factor_name": "vol_change_50",
        "data_length": 2263,
        "missing_ratio": 0.0,
        "ic_pearson": 0.3618403557589814,
        "ic_spearman": -0.0035587018034441203,
        "ic_kendall": -0.007371620245105842,
        "mutual_information": 0.026785186716911505,
        "long_short_return": 0.005683326544113734,
        "long_return": 0.005062046306189801,
        "short_return": -0.0006212802379239331,
        "returns_std": 0.03441244380071443,
        "sharpe_ratio": 0.16515323866640774,
        "group_returns": {
          "0": -0.0006212802379239331,
          "1": 0.0004958402857806875,
          "2": 0.0006639011959646355,
          "3": -0.0019170151081050535,
          "4": 0.005062046306189801
        },
        "skewness": 14.95921410217715,
        "kurtosis": 469.55931473927484,
        "turnover": 0.028613571653049594,
        "win_rate": 0.5002209456473707,
        "autocorr_lag_1": 0.08119210040131351,
        "autocorr_lag_2": 0.05701707082183843,
        "autocorr_lag_3": 0.003946981723042959,
        "autocorr_lag_4": 0.016937949138037388,
        "autocorr_lag_5": 0.011391151293375552,
        "autocorr_lag_6": 0.006581595223917727,
        "autocorr_lag_7": 0.0031423810582721567,
        "autocorr_lag_8": 0.009848859790105769,
        "autocorr_lag_9": 0.01756934088809902,
        "autocorr_lag_10": -0.0008922981524229828
      },
      "evaluated_at": "2025-08-18T14:29:26.993796"
    },
    {
      "metadata": {
        "mining_session": true,
        "mining_config": {
          "factor_types": [
            "technical",
            "statistical"
          ],
          "optimization": {
            "method": "greedy",
            "max_factors": 15,
            "min_ic": 0.02,
            "min_ir": 0.1
          },
          "evaluation": {
            "min_sample_size": 30,
            "metrics": [
              "ic_pearson",
              "ic_spearman",
              "sharpe_ratio",
              "win_rate",
              "factor_decay"
            ]
          }
        },
        "factor_type": [
          "technical",
          "statistical"
        ],
        "symbols": [],
        "timeframes": []
      },
      "results": {
        "factor_name": "vol_change_50",
        "data_length": 3429,
        "missing_ratio": 0.0,
        "ic_pearson": 0.35218734436905325,
        "ic_spearman": -0.012083247031548722,
        "ic_kendall": -0.009393077678274674,
        "mutual_information": 0.017399607901422795,
        "long_short_return": 0.004359650277379112,
        "long_return": 0.004245474546543679,
        "short_return": -0.00011417573083543295,
        "returns_std": 0.03766151448939485,
        "sharpe_ratio": 0.11575876160282272,
        "group_returns": {
          "0": -0.00011417573083543295,
          "1": 0.000757103987401512,
          "2": 0.0008120790783893511,
          "3": -0.0008883015581179874,
          "4": 0.004245474546543679
        },
        "skewness": 31.1666706749863,
        "kurtosis": 1415.5807838404153,
        "turnover": 0.032774489825767306,
        "win_rate": 0.48323126275882183,
        "autocorr_lag_1": 0.02355955559600237,
        "autocorr_lag_2": 0.029305640082427607,
        "autocorr_lag_3": 0.010451518711803201,
        "autocorr_lag_4": 0.016870388718552797,
        "autocorr_lag_5": 0.009730899777823957,
        "autocorr_lag_6": 0.016828891940951076,
        "autocorr_lag_7": 0.011874676721550894,
        "autocorr_lag_8": 0.014661088963861493,
        "autocorr_lag_9": 0.002814450687232761,
        "autocorr_lag_10": 0.01204131723788198
      },
      "evaluated_at": "2025-08-18T14:32:24.833532"
    },
    {
      "metadata": {
        "mining_session": true,
        "mining_config": {
          "factor_types": [
            "technical",
            "statistical",
            "ml"
          ],
          "optimization": {
            "method": "greedy",
            "max_factors": 15,
            "min_ic": 0.02,
            "min_ir": 0.1
          },
          "evaluation": {
            "min_sample_size": 30,
            "metrics": [
              "ic_pearson",
              "ic_spearman",
              "sharpe_ratio",
              "win_rate",
              "factor_decay"
            ]
          }
        },
        "factor_type": [
          "technical",
          "statistical",
          "ml"
        ],
        "symbols": [],
        "timeframes": []
      },
      "results": {
        "factor_name": "vol_change_50",
        "data_length": 3429,
        "missing_ratio": 0.0,
        "ic_pearson": 0.35218734436905325,
        "ic_spearman": -0.012083247031548722,
        "ic_kendall": -0.009393077678274674,
        "mutual_information": 0.017399607901422795,
        "long_short_return": 0.004359650277379112,
        "long_return": 0.004245474546543679,
        "short_return": -0.00011417573083543295,
        "returns_std": 0.03766151448939485,
        "sharpe_ratio": 0.11575876160282272,
        "group_returns": {
          "0": -0.00011417573083543295,
          "1": 0.000757103987401512,
          "2": 0.0008120790783893511,
          "3": -0.0008883015581179874,
          "4": 0.004245474546543679
        },
        "skewness": 31.1666706749863,
        "kurtosis": 1415.5807838404153,
        "turnover": 0.032774489825767306,
        "win_rate": 0.48323126275882183,
        "autocorr_lag_1": 0.02355955559600237,
        "autocorr_lag_2": 0.029305640082427607,
        "autocorr_lag_3": 0.010451518711803201,
        "autocorr_lag_4": 0.016870388718552797,
        "autocorr_lag_5": 0.009730899777823957,
        "autocorr_lag_6": 0.016828891940951076,
        "autocorr_lag_7": 0.011874676721550894,
        "autocorr_lag_8": 0.014661088963861493,
        "autocorr_lag_9": 0.002814450687232761,
        "autocorr_lag_10": 0.01204131723788198
      },
      "evaluated_at": "2025-08-18T14:45:33.081454"
    }
  ]
}