{
  "factor_id": "vol_change_5",
  "evaluations": [
    {
      "metadata": {
        "mining_session": true,
        "mining_config": {
          "factor_types": [
            "technical",
            "statistical"
          ],
          "optimization": {
            "method": "greedy",
            "max_factors": 15,
            "min_ic": 0.02,
            "min_ir": 0.1
          },
          "evaluation": {
            "min_sample_size": 30,
            "metrics": [
              "ic_pearson",
              "ic_spearman",
              "sharpe_ratio",
              "win_rate",
              "factor_decay"
            ]
          }
        },
        "factor_type": [
          "technical",
          "statistical"
        ],
        "symbols": [],
        "timeframes": []
      },
      "results": {
        "factor_name": "vol_change_5",
        "data_length": 2263,
        "missing_ratio": 0.0,
        "ic_pearson": 0.21259617506426598,
        "ic_spearman": 0.0033427536140869262,
        "ic_kendall": 1.290489600036734e-05,
        "mutual_information": 0.049684664733105385,
        "long_short_return": 0.006084054704877339,
        "long_return": 0.005470053193258591,
        "short_return": -0.000614001511618748,
        "returns_std": 0.03441244380071443,
        "sharpe_ratio": 0.1767981007135282,
        "group_returns": {
          "0": -0.000614001511618748,
          "1": 0.0009280550730594539,
          "2": 0.00019502258350092796,
          "3": -0.0022965556697750037,
          "4": 0.005470053193258591
        },
        "skewness": 7.9053772857872415,
        "kurtosis": 141.05805111397598,
        "turnover": 0.3664806984553988,
        "win_rate": 0.5214317277949624,
        "autocorr_lag_1": -0.022476671479326662,
        "autocorr_lag_2": 0.00857956052383811,
        "autocorr_lag_3": -0.037861851019748094,
        "autocorr_lag_4": -0.03603603509606725,
        "autocorr_lag_5": -0.17207923674926898,
        "autocorr_lag_6": -0.008905507714214594,
        "autocorr_lag_7": -0.059899469843861394,
        "autocorr_lag_8": -0.00769801598306147,
        "autocorr_lag_9": -0.03649715813226915,
        "autocorr_lag_10": -0.018420280998693157
      },
      "evaluated_at": "2025-08-18T14:29:26.991798"
    },
    {
      "metadata": {
        "mining_session": true,
        "mining_config": {
          "factor_types": [
            "technical",
            "statistical"
          ],
          "optimization": {
            "method": "greedy",
            "max_factors": 15,
            "min_ic": 0.02,
            "min_ir": 0.1
          },
          "evaluation": {
            "min_sample_size": 30,
            "metrics": [
              "ic_pearson",
              "ic_spearman",
              "sharpe_ratio",
              "win_rate",
              "factor_decay"
            ]
          }
        },
        "factor_type": [
          "technical",
          "statistical"
        ],
        "symbols": [],
        "timeframes": []
      },
      "results": {
        "factor_name": "vol_change_5",
        "data_length": 3429,
        "missing_ratio": 0.0,
        "ic_pearson": 0.27799699485707546,
        "ic_spearman": -0.011546263888755579,
        "ic_kendall": -0.00944927258115725,
        "mutual_information": 0.020052800856655794,
        "long_short_return": 0.004806712862384487,
        "long_return": 0.004768890283454125,
        "short_return": -3.7822578930361656e-05,
        "returns_std": 0.03766151448939485,
        "sharpe_ratio": 0.12762930348268428,
        "group_returns": {
          "0": -3.7822578930361656e-05,
          "1": 0.0006601626826579492,
          "2": 0.0009863276887093644,
          "3": -0.0015648697390687892,
          "4": 0.004768890283454125
        },
        "skewness": 17.641921574856546,
        "kurtosis": 540.9322217751175,
        "turnover": 0.43347357495553535,
        "win_rate": 0.505395158938466,
        "autocorr_lag_1": -0.0367922633294425,
        "autocorr_lag_2": -0.004781696799133927,
        "autocorr_lag_3": -0.02392886358199509,
        "autocorr_lag_4": -0.004864161130136768,
        "autocorr_lag_5": -0.13087110325936585,
        "autocorr_lag_6": 0.0088934191638645,
        "autocorr_lag_7": -0.02444784617235315,
        "autocorr_lag_8": 0.010445852109540642,
        "autocorr_lag_9": -0.01646490668641047,
        "autocorr_lag_10": 0.013230717322192685
      },
      "evaluated_at": "2025-08-18T14:32:24.831888"
    },
    {
      "metadata": {
        "mining_session": true,
        "mining_config": {
          "factor_types": [
            "technical",
            "statistical",
            "ml"
          ],
          "optimization": {
            "method": "greedy",
            "max_factors": 15,
            "min_ic": 0.02,
            "min_ir": 0.1
          },
          "evaluation": {
            "min_sample_size": 30,
            "metrics": [
              "ic_pearson",
              "ic_spearman",
              "sharpe_ratio",
              "win_rate",
              "factor_decay"
            ]
          }
        },
        "factor_type": [
          "technical",
          "statistical",
          "ml"
        ],
        "symbols": [],
        "timeframes": []
      },
      "results": {
        "factor_name": "vol_change_5",
        "data_length": 3429,
        "missing_ratio": 0.0,
        "ic_pearson": 0.27799699485707546,
        "ic_spearman": -0.011546263888755579,
        "ic_kendall": -0.00944927258115725,
        "mutual_information": 0.020052800856655794,
        "long_short_return": 0.004806712862384487,
        "long_return": 0.004768890283454125,
        "short_return": -3.7822578930361656e-05,
        "returns_std": 0.03766151448939485,
        "sharpe_ratio": 0.12762930348268428,
        "group_returns": {
          "0": -3.7822578930361656e-05,
          "1": 0.0006601626826579492,
          "2": 0.0009863276887093644,
          "3": -0.0015648697390687892,
          "4": 0.004768890283454125
        },
        "skewness": 17.641921574856546,
        "kurtosis": 540.9322217751175,
        "turnover": 0.43347357495553535,
        "win_rate": 0.505395158938466,
        "autocorr_lag_1": -0.0367922633294425,
        "autocorr_lag_2": -0.004781696799133927,
        "autocorr_lag_3": -0.02392886358199509,
        "autocorr_lag_4": -0.004864161130136768,
        "autocorr_lag_5": -0.13087110325936585,
        "autocorr_lag_6": 0.0088934191638645,
        "autocorr_lag_7": -0.02444784617235315,
        "autocorr_lag_8": 0.010445852109540642,
        "autocorr_lag_9": -0.01646490668641047,
        "autocorr_lag_10": 0.013230717322192685
      },
      "evaluated_at": "2025-08-18T14:45:33.079357"
    }
  ]
}