{
  "factor_id": "vol_price_corr_20",
  "evaluations": [
    {
      "metadata": {
        "mining_session": true,
        "mining_config": {
          "factor_types": [
            "technical",
            "statistical"
          ],
          "optimization": {
            "method": "greedy",
            "max_factors": 15,
            "min_ic": 0.02,
            "min_ir": 0.1
          },
          "evaluation": {
            "min_sample_size": 30,
            "metrics": [
              "ic_pearson",
              "ic_spearman",
              "sharpe_ratio",
              "win_rate",
              "factor_decay"
            ]
          }
        },
        "factor_type": [
          "technical",
          "statistical"
        ],
        "symbols": [],
        "timeframes": []
      },
      "results": {
        "factor_name": "vol_price_corr_20",
        "data_length": 2263,
        "missing_ratio": 0.0,
        "ic_pearson": 0.15968973527399535,
        "ic_spearman": 0.0837183440930506,
        "ic_kendall": 0.05619203248208113,
        "mutual_information": 0.025763513303640857,
        "long_short_return": 0.013942578926518559,
        "long_return": 0.009172139983934818,
        "short_return": -0.00477043894258374,
        "returns_std": 0.03441244380071443,
        "sharpe_ratio": 0.40516096465747364,
        "group_returns": {
          "0": -0.00477043894258374,
          "1": -0.002742802868517632,
          "2": -0.00025225437533452,
          "3": 0.002276935071457906,
          "4": 0.009172139983934818
        },
        "skewness": 0.005991081206550463,
        "kurtosis": -0.8737274339731242,
        "turnover": 0.07127682243766216,
        "win_rate": 0.4949182501104728,
        "autocorr_lag_1": 0.9286786077204369,
        "autocorr_lag_2": 0.8694660158461907,
        "autocorr_lag_3": 0.8186744948747443,
        "autocorr_lag_4": 0.7676718534282124,
        "autocorr_lag_5": 0.7164865810753454,
        "autocorr_lag_6": 0.6623961564691141,
        "autocorr_lag_7": 0.6133838542547546,
        "autocorr_lag_8": 0.5685917527839824,
        "autocorr_lag_9": 0.5234742513041505,
        "autocorr_lag_10": 0.4749258536229052
      },
      "evaluated_at": "2025-08-18T14:29:26.997632"
    },
    {
      "metadata": {
        "mining_session": true,
        "mining_config": {
          "factor_types": [
            "technical",
            "statistical"
          ],
          "optimization": {
            "method": "greedy",
            "max_factors": 15,
            "min_ic": 0.02,
            "min_ir": 0.1
          },
          "evaluation": {
            "min_sample_size": 30,
            "metrics": [
              "ic_pearson",
              "ic_spearman",
              "sharpe_ratio",
              "win_rate",
              "factor_decay"
            ]
          }
        },
        "factor_type": [
          "technical",
          "statistical"
        ],
        "symbols": [],
        "timeframes": []
      },
      "results": {
        "factor_name": "vol_price_corr_20",
        "data_length": 3429,
        "missing_ratio": 0.0,
        "ic_pearson": 0.1445830726871727,
        "ic_spearman": 0.052128581591207944,
        "ic_kendall": 0.03480393559976223,
        "mutual_information": 0.03236889666987467,
        "long_short_return": 0.01404141121614084,
        "long_return": 0.009723614245905295,
        "short_return": -0.004317796970235545,
        "returns_std": 0.03766151448939485,
        "sharpe_ratio": 0.37283182597701364,
        "group_returns": {
          "0": -0.004317796970235545,
          "1": -0.0005086527932311089,
          "2": -0.001066847983580306,
          "3": 0.0009763859030593201,
          "4": 0.009723614245905295
        },
        "skewness": -0.013615641109858617,
        "kurtosis": -0.8789575141784334,
        "turnover": 0.0698822536852585,
        "win_rate": 0.4756488772236804,
        "autocorr_lag_1": 0.936622751097533,
        "autocorr_lag_2": 0.8822200037850839,
        "autocorr_lag_3": 0.8314531022972969,
        "autocorr_lag_4": 0.7807195213900999,
        "autocorr_lag_5": 0.7341414925823991,
        "autocorr_lag_6": 0.6897819823700594,
        "autocorr_lag_7": 0.6474728540235588,
        "autocorr_lag_8": 0.6066318233009886,
        "autocorr_lag_9": 0.5677387696462907,
        "autocorr_lag_10": 0.5293687559522074
      },
      "evaluated_at": "2025-08-18T14:32:24.837338"
    },
    {
      "metadata": {
        "mining_session": true,
        "mining_config": {
          "factor_types": [
            "technical",
            "statistical",
            "ml"
          ],
          "optimization": {
            "method": "greedy",
            "max_factors": 15,
            "min_ic": 0.02,
            "min_ir": 0.1
          },
          "evaluation": {
            "min_sample_size": 30,
            "metrics": [
              "ic_pearson",
              "ic_spearman",
              "sharpe_ratio",
              "win_rate",
              "factor_decay"
            ]
          }
        },
        "factor_type": [
          "technical",
          "statistical",
          "ml"
        ],
        "symbols": [],
        "timeframes": []
      },
      "results": {
        "factor_name": "vol_price_corr_20",
        "data_length": 3429,
        "missing_ratio": 0.0,
        "ic_pearson": 0.1445830726871727,
        "ic_spearman": 0.052128581591207944,
        "ic_kendall": 0.03480393559976223,
        "mutual_information": 0.03236889666987467,
        "long_short_return": 0.01404141121614084,
        "long_return": 0.009723614245905295,
        "short_return": -0.004317796970235545,
        "returns_std": 0.03766151448939485,
        "sharpe_ratio": 0.37283182597701364,
        "group_returns": {
          "0": -0.004317796970235545,
          "1": -0.0005086527932311089,
          "2": -0.001066847983580306,
          "3": 0.0009763859030593201,
          "4": 0.009723614245905295
        },
        "skewness": -0.013615641109858617,
        "kurtosis": -0.8789575141784334,
        "turnover": 0.0698822536852585,
        "win_rate": 0.4756488772236804,
        "autocorr_lag_1": 0.936622751097533,
        "autocorr_lag_2": 0.8822200037850839,
        "autocorr_lag_3": 0.8314531022972969,
        "autocorr_lag_4": 0.7807195213900999,
        "autocorr_lag_5": 0.7341414925823991,
        "autocorr_lag_6": 0.6897819823700594,
        "autocorr_lag_7": 0.6474728540235588,
        "autocorr_lag_8": 0.6066318233009886,
        "autocorr_lag_9": 0.5677387696462907,
        "autocorr_lag_10": 0.5293687559522074
      },
      "evaluated_at": "2025-08-18T14:45:33.085570"
    }
  ]
}