{
  "factor_id": "volatility_50",
  "evaluations": [
    {
      "metadata": {
        "mining_session": true,
        "mining_config": {
          "factor_types": [
            "technical",
            "statistical"
          ],
          "optimization": {
            "method": "greedy",
            "max_factors": 15,
            "min_ic": 0.02,
            "min_ir": 0.1
          },
          "evaluation": {
            "min_sample_size": 30,
            "metrics": [
              "ic_pearson",
              "ic_spearman",
              "sharpe_ratio",
              "win_rate",
              "factor_decay"
            ]
          }
        },
        "factor_type": [
          "technical",
          "statistical"
        ],
        "symbols": [],
        "timeframes": []
      },
      "results": {
        "factor_name": "volatility_50",
        "data_length": 2263,
        "missing_ratio": 0.0,
        "ic_pearson": 0.0303058063840449,
        "ic_spearman": -0.009560220713891442,
        "ic_kendall": -0.006516894176667335,
        "mutual_information": 0.02675638534968559,
        "long_short_return": 0.0024865045459384017,
        "long_return": 0.0018801296513488342,
        "short_return": -0.0006063748945895674,
        "returns_std": 0.03441244380071443,
        "sharpe_ratio": 0.07225597113468529,
        "group_returns": {
          "0": -0.0006063748945895674,
          "1": 0.0010376602009608982,
          "2": 0.00048426463774088515,
          "3": 0.0008924065893193707,
          "4": 0.0018801296513488342
        },
        "skewness": 2.7518393095949585,
        "kurtosis": 11.52630316483834,
        "turnover": 0.008488874042858906,
        "win_rate": 0.4812196199734865,
        "autocorr_lag_1": 0.9897395130515453,
        "autocorr_lag_2": 0.978003490317867,
        "autocorr_lag_3": 0.9653910526161457,
        "autocorr_lag_4": 0.9528587094678742,
        "autocorr_lag_5": 0.9396755033369376,
        "autocorr_lag_6": 0.9264280797127481,
        "autocorr_lag_7": 0.9131413254538187,
        "autocorr_lag_8": 0.8997305127921501,
        "autocorr_lag_9": 0.8861598565350534,
        "autocorr_lag_10": 0.8724110100478846
      },
      "evaluated_at": "2025-08-18T14:29:26.992938"
    },
    {
      "metadata": {
        "mining_session": true,
        "mining_config": {
          "factor_types": [
            "technical",
            "statistical"
          ],
          "optimization": {
            "method": "greedy",
            "max_factors": 15,
            "min_ic": 0.02,
            "min_ir": 0.1
          },
          "evaluation": {
            "min_sample_size": 30,
            "metrics": [
              "ic_pearson",
              "ic_spearman",
              "sharpe_ratio",
              "win_rate",
              "factor_decay"
            ]
          }
        },
        "factor_type": [
          "technical",
          "statistical"
        ],
        "symbols": [],
        "timeframes": []
      },
      "results": {
        "factor_name": "volatility_50",
        "data_length": 3429,
        "missing_ratio": 0.0,
        "ic_pearson": 0.07310827194776219,
        "ic_spearman": -0.0066352668593964255,
        "ic_kendall": -0.004547169285048195,
        "mutual_information": 0.03864536940926027,
        "long_short_return": 0.006101274430187706,
        "long_return": 0.00611066628882584,
        "short_return": 9.391858638133542e-06,
        "returns_std": 0.03766151448939485,
        "sharpe_ratio": 0.16200289640252707,
        "group_returns": {
          "0": 9.391858638133542e-06,
          "1": -0.0004189738771913337,
          "2": 6.339657458432229e-05,
          "3": -0.0009545619933760689,
          "4": 0.00611066628882584
        },
        "skewness": 2.7734336621069158,
        "kurtosis": 10.67943079514248,
        "turnover": 0.009235389111652365,
        "win_rate": 0.49431321084864394,
        "autocorr_lag_1": 0.9932477728218578,
        "autocorr_lag_2": 0.9858441723989896,
        "autocorr_lag_3": 0.9774162024470925,
        "autocorr_lag_4": 0.9684957035634993,
        "autocorr_lag_5": 0.9592341228899648,
        "autocorr_lag_6": 0.9495942379938885,
        "autocorr_lag_7": 0.9395007787963863,
        "autocorr_lag_8": 0.9284628500730413,
        "autocorr_lag_9": 0.9171857579130448,
        "autocorr_lag_10": 0.9054631017200201
      },
      "evaluated_at": "2025-08-18T14:32:24.833266"
    },
    {
      "metadata": {
        "mining_session": true,
        "mining_config": {
          "factor_types": [
            "technical",
            "statistical",
            "ml"
          ],
          "optimization": {
            "method": "greedy",
            "max_factors": 15,
            "min_ic": 0.02,
            "min_ir": 0.1
          },
          "evaluation": {
            "min_sample_size": 30,
            "metrics": [
              "ic_pearson",
              "ic_spearman",
              "sharpe_ratio",
              "win_rate",
              "factor_decay"
            ]
          }
        },
        "factor_type": [
          "technical",
          "statistical",
          "ml"
        ],
        "symbols": [],
        "timeframes": []
      },
      "results": {
        "factor_name": "volatility_50",
        "data_length": 3429,
        "missing_ratio": 0.0,
        "ic_pearson": 0.07310827194776219,
        "ic_spearman": -0.0066352668593964255,
        "ic_kendall": -0.004547169285048195,
        "mutual_information": 0.03864536940926027,
        "long_short_return": 0.006101274430187706,
        "long_return": 0.00611066628882584,
        "short_return": 9.391858638133542e-06,
        "returns_std": 0.03766151448939485,
        "sharpe_ratio": 0.16200289640252707,
        "group_returns": {
          "0": 9.391858638133542e-06,
          "1": -0.0004189738771913337,
          "2": 6.339657458432229e-05,
          "3": -0.0009545619933760689,
          "4": 0.00611066628882584
        },
        "skewness": 2.7734336621069158,
        "kurtosis": 10.67943079514248,
        "turnover": 0.009235389111652365,
        "win_rate": 0.49431321084864394,
        "autocorr_lag_1": 0.9932477728218578,
        "autocorr_lag_2": 0.9858441723989896,
        "autocorr_lag_3": 0.9774162024470925,
        "autocorr_lag_4": 0.9684957035634993,
        "autocorr_lag_5": 0.9592341228899648,
        "autocorr_lag_6": 0.9495942379938885,
        "autocorr_lag_7": 0.9395007787963863,
        "autocorr_lag_8": 0.9284628500730413,
        "autocorr_lag_9": 0.9171857579130448,
        "autocorr_lag_10": 0.9054631017200201
      },
      "evaluated_at": "2025-08-18T14:45:33.081104"
    }
  ]
}