{
  "factor_id": "volatility_20",
  "evaluations": [
    {
      "metadata": {
        "mining_session": true,
        "mining_config": {
          "factor_types": [
            "technical",
            "statistical"
          ],
          "optimization": {
            "method": "greedy",
            "max_factors": 15,
            "min_ic": 0.02,
            "min_ir": 0.1
          },
          "evaluation": {
            "min_sample_size": 30,
            "metrics": [
              "ic_pearson",
              "ic_spearman",
              "sharpe_ratio",
              "win_rate",
              "factor_decay"
            ]
          }
        },
        "factor_type": [
          "technical",
          "statistical"
        ],
        "symbols": [],
        "timeframes": []
      },
      "results": {
        "factor_name": "volatility_20",
        "data_length": 2263,
        "missing_ratio": 0.0,
        "ic_pearson": 0.06820629951955332,
        "ic_spearman": 0.02002445967907873,
        "ic_kendall": 0.013524756774123752,
        "mutual_information": 0.0440113129624142,
        "long_short_return": 0.004418258988970809,
        "long_return": 0.0035567211747771694,
        "short_return": -0.0008615378141936399,
        "returns_std": 0.03441244380071443,
        "sharpe_ratio": 0.12839131723853575,
        "group_returns": {
          "0": -0.0008615378141936399,
          "1": -0.001010659159998834,
          "2": 0.0006598820869357555,
          "3": 0.0013395820897984148,
          "4": 0.0035567211747771694
        },
        "skewness": 4.3278129810012125,
        "kurtosis": 29.359395214891485,
        "turnover": 0.020241895669133498,
        "win_rate": 0.48784798939460894,
        "autocorr_lag_1": 0.9724910743582313,
        "autocorr_lag_2": 0.9409238661479957,
        "autocorr_lag_3": 0.9063683768315505,
        "autocorr_lag_4": 0.8713556006736608,
        "autocorr_lag_5": 0.8332961770539733,
        "autocorr_lag_6": 0.7941315793418187,
        "autocorr_lag_7": 0.754714441987196,
        "autocorr_lag_8": 0.7161595928513921,
        "autocorr_lag_9": 0.6772460317708738,
        "autocorr_lag_10": 0.6381657901241948
      },
      "evaluated_at": "2025-08-18T14:29:26.992563"
    },
    {
      "metadata": {
        "mining_session": true,
        "mining_config": {
          "factor_types": [
            "technical",
            "statistical"
          ],
          "optimization": {
            "method": "greedy",
            "max_factors": 15,
            "min_ic": 0.02,
            "min_ir": 0.1
          },
          "evaluation": {
            "min_sample_size": 30,
            "metrics": [
              "ic_pearson",
              "ic_spearman",
              "sharpe_ratio",
              "win_rate",
              "factor_decay"
            ]
          }
        },
        "factor_type": [
          "technical",
          "statistical"
        ],
        "symbols": [],
        "timeframes": []
      },
      "results": {
        "factor_name": "volatility_20",
        "data_length": 3429,
        "missing_ratio": 0.0,
        "ic_pearson": 0.12132697826597032,
        "ic_spearman": -0.006500636723306187,
        "ic_kendall": -0.004797402663936588,
        "mutual_information": 0.054405945913374575,
        "long_short_return": 0.006396678217165623,
        "long_return": 0.0067970463115373065,
        "short_return": 0.0004003680943716829,
        "returns_std": 0.03766151448939485,
        "sharpe_ratio": 0.16984654769969146,
        "group_returns": {
          "0": 0.0004003680943716829,
          "1": -0.00011572829968643059,
          "2": -0.0007045899795768908,
          "3": -0.0015677268528884291,
          "4": 0.0067970463115373065
        },
        "skewness": 3.727809064896036,
        "kurtosis": 20.524471206310757,
        "turnover": 0.02115781554036515,
        "win_rate": 0.4992709244677749,
        "autocorr_lag_1": 0.9801213431448963,
        "autocorr_lag_2": 0.9587776063001427,
        "autocorr_lag_3": 0.9351397976767629,
        "autocorr_lag_4": 0.910068544484123,
        "autocorr_lag_5": 0.8856850510446034,
        "autocorr_lag_6": 0.860297996211495,
        "autocorr_lag_7": 0.8347699977308634,
        "autocorr_lag_8": 0.8074138641664915,
        "autocorr_lag_9": 0.7793786785608177,
        "autocorr_lag_10": 0.7510216457217457
      },
      "evaluated_at": "2025-08-18T14:32:24.832728"
    },
    {
      "metadata": {
        "mining_session": true,
        "mining_config": {
          "factor_types": [
            "technical",
            "statistical",
            "ml"
          ],
          "optimization": {
            "method": "greedy",
            "max_factors": 15,
            "min_ic": 0.02,
            "min_ir": 0.1
          },
          "evaluation": {
            "min_sample_size": 30,
            "metrics": [
              "ic_pearson",
              "ic_spearman",
              "sharpe_ratio",
              "win_rate",
              "factor_decay"
            ]
          }
        },
        "factor_type": [
          "technical",
          "statistical",
          "ml"
        ],
        "symbols": [],
        "timeframes": []
      },
      "results": {
        "factor_name": "volatility_20",
        "data_length": 3429,
        "missing_ratio": 0.0,
        "ic_pearson": 0.12132697826597032,
        "ic_spearman": -0.006500636723306187,
        "ic_kendall": -0.004797402663936588,
        "mutual_information": 0.054405945913374575,
        "long_short_return": 0.006396678217165623,
        "long_return": 0.0067970463115373065,
        "short_return": 0.0004003680943716829,
        "returns_std": 0.03766151448939485,
        "sharpe_ratio": 0.16984654769969146,
        "group_returns": {
          "0": 0.0004003680943716829,
          "1": -0.00011572829968643059,
          "2": -0.0007045899795768908,
          "3": -0.0015677268528884291,
          "4": 0.0067970463115373065
        },
        "skewness": 3.727809064896036,
        "kurtosis": 20.524471206310757,
        "turnover": 0.02115781554036515,
        "win_rate": 0.4992709244677749,
        "autocorr_lag_1": 0.9801213431448963,
        "autocorr_lag_2": 0.9587776063001427,
        "autocorr_lag_3": 0.9351397976767629,
        "autocorr_lag_4": 0.910068544484123,
        "autocorr_lag_5": 0.8856850510446034,
        "autocorr_lag_6": 0.860297996211495,
        "autocorr_lag_7": 0.8347699977308634,
        "autocorr_lag_8": 0.8074138641664915,
        "autocorr_lag_9": 0.7793786785608177,
        "autocorr_lag_10": 0.7510216457217457
      },
      "evaluated_at": "2025-08-18T14:45:33.080386"
    }
  ]
}