{
  "factor_id": "volume_rank_20",
  "evaluations": [
    {
      "metadata": {
        "mining_session": true,
        "mining_config": {
          "factor_types": [
            "technical",
            "statistical"
          ],
          "optimization": {
            "method": "greedy",
            "max_factors": 15,
            "min_ic": 0.02,
            "min_ir": 0.1
          },
          "evaluation": {
            "min_sample_size": 30,
            "metrics": [
              "ic_pearson",
              "ic_spearman",
              "sharpe_ratio",
              "win_rate",
              "factor_decay"
            ]
          }
        },
        "factor_type": [
          "technical",
          "statistical"
        ],
        "symbols": [],
        "timeframes": []
      },
      "results": {
        "factor_name": "volume_rank_20",
        "data_length": 2263,
        "missing_ratio": 0.0,
        "ic_pearson": 0.03040546304225418,
        "ic_spearman": -0.014219363884316091,
        "ic_kendall": -0.012298907770829521,
        "mutual_information": 0.06432142828785824,
        "long_short_return": 0.00616771530999621,
        "long_return": 0.006048333857358979,
        "short_return": -0.00011938145263723097,
        "returns_std": 0.03441244380071443,
        "sharpe_ratio": 0.17922921562077967,
        "group_returns": {
          "0": -0.00011938145263723097,
          "1": 0.001006470450735426,
          "2": 0.0002499714423803812,
          "3": -0.0015700643353053776,
          "4": 0.006048333857358979
        },
        "skewness": 0.02096265638623808,
        "kurtosis": -1.2699091098497914,
        "turnover": 0.25942264823896566,
        "win_rate": 0.48784798939460894,
        "autocorr_lag_1": 0.39570552348611593,
        "autocorr_lag_2": 0.38177360291210094,
        "autocorr_lag_3": 0.12907200359470503,
        "autocorr_lag_4": 0.1852984303533885,
        "autocorr_lag_5": 0.027373622889750027,
        "autocorr_lag_6": 0.11336508492515332,
        "autocorr_lag_7": -0.037756476650442385,
        "autocorr_lag_8": 0.05453119981013372,
        "autocorr_lag_9": -0.09672799487547624,
        "autocorr_lag_10": -0.0018154895284100462
      },
      "evaluated_at": "2025-08-18T14:29:27.004254"
    },
    {
      "metadata": {
        "mining_session": true,
        "mining_config": {
          "factor_types": [
            "technical",
            "statistical"
          ],
          "optimization": {
            "method": "greedy",
            "max_factors": 15,
            "min_ic": 0.02,
            "min_ir": 0.1
          },
          "evaluation": {
            "min_sample_size": 30,
            "metrics": [
              "ic_pearson",
              "ic_spearman",
              "sharpe_ratio",
              "win_rate",
              "factor_decay"
            ]
          }
        },
        "factor_type": [
          "technical",
          "statistical"
        ],
        "symbols": [],
        "timeframes": []
      },
      "results": {
        "factor_name": "volume_rank_20",
        "data_length": 3429,
        "missing_ratio": 0.0,
        "ic_pearson": 0.02300707031560625,
        "ic_spearman": -0.03681565067386738,
        "ic_kendall": -0.02728317408870947,
        "mutual_information": 0.04238648242788461,
        "long_short_return": 0.002514535832396404,
        "long_return": 0.0035815931885536103,
        "short_return": 0.0010670573561572063,
        "returns_std": 0.03766151448939485,
        "sharpe_ratio": 0.06676672105431328,
        "group_returns": {
          "0": 0.0010670573561572063,
          "1": -0.0001287618440424905,
          "2": -0.0005479963319349881,
          "3": 0.0005881493555198679,
          "4": 0.0035815931885536103
        },
        "skewness": 0.08344600344872796,
        "kurtosis": -1.2843890142488823,
        "turnover": 0.26423291287767675,
        "win_rate": 0.4992709244677749,
        "autocorr_lag_1": 0.36684430068896345,
        "autocorr_lag_2": 0.33020744214536485,
        "autocorr_lag_3": 0.1768582882836109,
        "autocorr_lag_4": 0.3213430183530814,
        "autocorr_lag_5": 0.058226954676183856,
        "autocorr_lag_6": 0.09228052592161833,
        "autocorr_lag_7": -0.017708608057572947,
        "autocorr_lag_8": 0.13121833159526303,
        "autocorr_lag_9": -0.0875829066180725,
        "autocorr_lag_10": -0.010180544203769933
      },
      "evaluated_at": "2025-08-18T14:32:24.844358"
    },
    {
      "metadata": {
        "mining_session": true,
        "mining_config": {
          "factor_types": [
            "technical",
            "statistical",
            "ml"
          ],
          "optimization": {
            "method": "greedy",
            "max_factors": 15,
            "min_ic": 0.02,
            "min_ir": 0.1
          },
          "evaluation": {
            "min_sample_size": 30,
            "metrics": [
              "ic_pearson",
              "ic_spearman",
              "sharpe_ratio",
              "win_rate",
              "factor_decay"
            ]
          }
        },
        "factor_type": [
          "technical",
          "statistical",
          "ml"
        ],
        "symbols": [],
        "timeframes": []
      },
      "results": {
        "factor_name": "volume_rank_20",
        "data_length": 3429,
        "missing_ratio": 0.0,
        "ic_pearson": 0.02300707031560625,
        "ic_spearman": -0.03681565067386738,
        "ic_kendall": -0.02728317408870947,
        "mutual_information": 0.04238648242788461,
        "long_short_return": 0.002514535832396404,
        "long_return": 0.0035815931885536103,
        "short_return": 0.0010670573561572063,
        "returns_std": 0.03766151448939485,
        "sharpe_ratio": 0.06676672105431328,
        "group_returns": {
          "0": 0.0010670573561572063,
          "1": -0.0001287618440424905,
          "2": -0.0005479963319349881,
          "3": 0.0005881493555198679,
          "4": 0.0035815931885536103
        },
        "skewness": 0.08344600344872796,
        "kurtosis": -1.2843890142488823,
        "turnover": 0.26423291287767675,
        "win_rate": 0.4992709244677749,
        "autocorr_lag_1": 0.36684430068896345,
        "autocorr_lag_2": 0.33020744214536485,
        "autocorr_lag_3": 0.1768582882836109,
        "autocorr_lag_4": 0.3213430183530814,
        "autocorr_lag_5": 0.058226954676183856,
        "autocorr_lag_6": 0.09228052592161833,
        "autocorr_lag_7": -0.017708608057572947,
        "autocorr_lag_8": 0.13121833159526303,
        "autocorr_lag_9": -0.0875829066180725,
        "autocorr_lag_10": -0.010180544203769933
      },
      "evaluated_at": "2025-08-18T14:45:33.095737"
    }
  ]
}