{
  "factor_id": "volume_ma_20",
  "evaluations": [
    {
      "metadata": {
        "mining_session": true,
        "mining_config": {
          "factor_types": [
            "technical",
            "statistical"
          ],
          "optimization": {
            "method": "greedy",
            "max_factors": 15,
            "min_ic": 0.02,
            "min_ir": 0.1
          },
          "evaluation": {
            "min_sample_size": 30,
            "metrics": [
              "ic_pearson",
              "ic_spearman",
              "sharpe_ratio",
              "win_rate",
              "factor_decay"
            ]
          }
        },
        "factor_type": [
          "technical",
          "statistical"
        ],
        "symbols": [],
        "timeframes": []
      },
      "results": {
        "factor_name": "volume_ma_20",
        "data_length": 2263,
        "missing_ratio": 0.0,
        "ic_pearson": 0.032834142263254915,
        "ic_spearman": 0.01284567755823222,
        "ic_kendall": 0.007816674962691493,
        "mutual_information": 0.023525857981490345,
        "long_short_return": 0.004760259819225661,
        "long_return": 0.0037010542391119035,
        "short_return": -0.0010592055801137575,
        "returns_std": 0.03441244380071443,
        "sharpe_ratio": 0.13832960677808165,
        "group_returns": {
          "0": -0.0010592055801137575,
          "1": -0.0006921398055028954,
          "2": 0.0015000570191348222,
          "3": 0.00023204438965221324,
          "4": 0.0037010542391119035
        },
        "skewness": 2.1275258123540763,
        "kurtosis": 7.817036511932093,
        "turnover": 11189075.944518503,
        "win_rate": 0.48784798939460894,
        "autocorr_lag_1": 0.9931010191622255,
        "autocorr_lag_2": 0.9791851207101577,
        "autocorr_lag_3": 0.95968822910586,
        "autocorr_lag_4": 0.9362479001970431,
        "autocorr_lag_5": 0.9094702058191872,
        "autocorr_lag_6": 0.8802382554185039,
        "autocorr_lag_7": 0.8493491529936052,
        "autocorr_lag_8": 0.8171037731127778,
        "autocorr_lag_9": 0.7837008285120047,
        "autocorr_lag_10": 0.7488035238132676
      },
      "evaluated_at": "2025-08-18T14:29:26.996638"
    },
    {
      "metadata": {
        "mining_session": true,
        "mining_config": {
          "factor_types": [
            "technical",
            "statistical"
          ],
          "optimization": {
            "method": "greedy",
            "max_factors": 15,
            "min_ic": 0.02,
            "min_ir": 0.1
          },
          "evaluation": {
            "min_sample_size": 30,
            "metrics": [
              "ic_pearson",
              "ic_spearman",
              "sharpe_ratio",
              "win_rate",
              "factor_decay"
            ]
          }
        },
        "factor_type": [
          "technical",
          "statistical"
        ],
        "symbols": [],
        "timeframes": []
      },
      "results": {
        "factor_name": "volume_ma_20",
        "data_length": 3429,
        "missing_ratio": 0.0,
        "ic_pearson": 0.07036566527327015,
        "ic_spearman": -0.004190129453021141,
        "ic_kendall": -0.0029633620047996093,
        "mutual_information": 0.030225208079823603,
        "long_short_return": 0.005615449133350082,
        "long_return": 0.005285166250202474,
        "short_return": -0.00033028288314760766,
        "returns_std": 0.03766151448939485,
        "sharpe_ratio": 0.14910311519552255,
        "group_returns": {
          "0": -0.00033028288314760766,
          "1": -0.0006998312685913644,
          "2": 0.00041558251070559344,
          "3": 0.00013930248020441513,
          "4": 0.005285166250202474
        },
        "skewness": 5.900937774268428,
        "kurtosis": 47.148906150937485,
        "turnover": 36485268.03139556,
        "win_rate": 0.4992709244677749,
        "autocorr_lag_1": 0.9950188897291512,
        "autocorr_lag_2": 0.9854946284712296,
        "autocorr_lag_3": 0.9724109675253902,
        "autocorr_lag_4": 0.9561902892738754,
        "autocorr_lag_5": 0.9378028602384475,
        "autocorr_lag_6": 0.9177933995180519,
        "autocorr_lag_7": 0.8960482210851632,
        "autocorr_lag_8": 0.8719357428094165,
        "autocorr_lag_9": 0.8454183459555011,
        "autocorr_lag_10": 0.8175759785002626
      },
      "evaluated_at": "2025-08-18T14:32:24.836769"
    },
    {
      "metadata": {
        "mining_session": true,
        "mining_config": {
          "factor_types": [
            "technical",
            "statistical",
            "ml"
          ],
          "optimization": {
            "method": "greedy",
            "max_factors": 15,
            "min_ic": 0.02,
            "min_ir": 0.1
          },
          "evaluation": {
            "min_sample_size": 30,
            "metrics": [
              "ic_pearson",
              "ic_spearman",
              "sharpe_ratio",
              "win_rate",
              "factor_decay"
            ]
          }
        },
        "factor_type": [
          "technical",
          "statistical",
          "ml"
        ],
        "symbols": [],
        "timeframes": []
      },
      "results": {
        "factor_name": "volume_ma_20",
        "data_length": 3429,
        "missing_ratio": 0.0,
        "ic_pearson": 0.07036566527327015,
        "ic_spearman": -0.004190129453021141,
        "ic_kendall": -0.0029633620047996093,
        "mutual_information": 0.030225208079823603,
        "long_short_return": 0.005615449133350082,
        "long_return": 0.005285166250202474,
        "short_return": -0.00033028288314760766,
        "returns_std": 0.03766151448939485,
        "sharpe_ratio": 0.14910311519552255,
        "group_returns": {
          "0": -0.00033028288314760766,
          "1": -0.0006998312685913644,
          "2": 0.00041558251070559344,
          "3": 0.00013930248020441513,
          "4": 0.005285166250202474
        },
        "skewness": 5.900937774268428,
        "kurtosis": 47.148906150937485,
        "turnover": 36485268.03139556,
        "win_rate": 0.4992709244677749,
        "autocorr_lag_1": 0.9950188897291512,
        "autocorr_lag_2": 0.9854946284712296,
        "autocorr_lag_3": 0.9724109675253902,
        "autocorr_lag_4": 0.9561902892738754,
        "autocorr_lag_5": 0.9378028602384475,
        "autocorr_lag_6": 0.9177933995180519,
        "autocorr_lag_7": 0.8960482210851632,
        "autocorr_lag_8": 0.8719357428094165,
        "autocorr_lag_9": 0.8454183459555011,
        "autocorr_lag_10": 0.8175759785002626
      },
      "evaluated_at": "2025-08-18T14:45:33.084898"
    }
  ]
}