{
  "factor_id": "volume_rank_50",
  "evaluations": [
    {
      "metadata": {
        "mining_session": true,
        "mining_config": {
          "factor_types": [
            "technical",
            "statistical"
          ],
          "optimization": {
            "method": "greedy",
            "max_factors": 15,
            "min_ic": 0.02,
            "min_ir": 0.1
          },
          "evaluation": {
            "min_sample_size": 30,
            "metrics": [
              "ic_pearson",
              "ic_spearman",
              "sharpe_ratio",
              "win_rate",
              "factor_decay"
            ]
          }
        },
        "factor_type": [
          "technical",
          "statistical"
        ],
        "symbols": [],
        "timeframes": []
      },
      "results": {
        "factor_name": "volume_rank_50",
        "data_length": 2263,
        "missing_ratio": 0.0,
        "ic_pearson": 0.04001187253701908,
        "ic_spearman": -0.0026950848777866653,
        "ic_kendall": -0.002969072125660381,
        "mutual_information": 0.06885317151719937,
        "long_short_return": 0.005302153973936248,
        "long_return": 0.004746145083595175,
        "short_return": -0.000556008890341073,
        "returns_std": 0.03441244380071443,
        "sharpe_ratio": 0.15407664752441005,
        "group_returns": {
          "0": -0.000556008890341073,
          "1": 0.001178300965161809,
          "2": -0.0017022959048125035,
          "3": -6.743655146639845e-05,
          "4": 0.004746145083595175
        },
        "skewness": 0.03489179256326385,
        "kurtosis": -1.2558965455736046,
        "turnover": 0.23450423539901918,
        "win_rate": 0.48166151126822804,
        "autocorr_lag_1": 0.49403116136437464,
        "autocorr_lag_2": 0.48916201223214867,
        "autocorr_lag_3": 0.2714615776458017,
        "autocorr_lag_4": 0.32002522614827256,
        "autocorr_lag_5": 0.17617609943779314,
        "autocorr_lag_6": 0.2437557544602417,
        "autocorr_lag_7": 0.11924644498191092,
        "autocorr_lag_8": 0.20191013846244757,
        "autocorr_lag_9": 0.07851368681640904,
        "autocorr_lag_10": 0.16100635815854134
      },
      "evaluated_at": "2025-08-18T14:29:27.005124"
    },
    {
      "metadata": {
        "mining_session": true,
        "mining_config": {
          "factor_types": [
            "technical",
            "statistical"
          ],
          "optimization": {
            "method": "greedy",
            "max_factors": 15,
            "min_ic": 0.02,
            "min_ir": 0.1
          },
          "evaluation": {
            "min_sample_size": 30,
            "metrics": [
              "ic_pearson",
              "ic_spearman",
              "sharpe_ratio",
              "win_rate",
              "factor_decay"
            ]
          }
        },
        "factor_type": [
          "technical",
          "statistical"
        ],
        "symbols": [],
        "timeframes": []
      },
      "results": {
        "factor_name": "volume_rank_50",
        "data_length": 3429,
        "missing_ratio": 0.0,
        "ic_pearson": 0.03161874794284875,
        "ic_spearman": -0.031168347822888694,
        "ic_kendall": -0.02387629456219681,
        "mutual_information": 0.051364284109687325,
        "long_short_return": 0.003532527654882495,
        "long_return": 0.004421577100251778,
        "short_return": 0.0008890494453692823,
        "returns_std": 0.03766151448939485,
        "sharpe_ratio": 0.0937967498858078,
        "group_returns": {
          "0": 0.0008890494453692823,
          "1": 0.0001874768162158694,
          "2": -0.001042070683164903,
          "3": 0.00035948974100395665,
          "4": 0.004421577100251778
        },
        "skewness": 0.08763533022687554,
        "kurtosis": -1.268165571981122,
        "turnover": 0.23078116749779992,
        "win_rate": 0.49460484106153396,
        "autocorr_lag_1": 0.5069349251953926,
        "autocorr_lag_2": 0.4715566253672098,
        "autocorr_lag_3": 0.3531042872999328,
        "autocorr_lag_4": 0.46837575649919966,
        "autocorr_lag_5": 0.26775548852924985,
        "autocorr_lag_6": 0.29068259343927366,
        "autocorr_lag_7": 0.20597975558087933,
        "autocorr_lag_8": 0.32410144957863274,
        "autocorr_lag_9": 0.1573531192079276,
        "autocorr_lag_10": 0.21448617707457185
      },
      "evaluated_at": "2025-08-18T14:32:24.844894"
    },
    {
      "metadata": {
        "mining_session": true,
        "mining_config": {
          "factor_types": [
            "technical",
            "statistical",
            "ml"
          ],
          "optimization": {
            "method": "greedy",
            "max_factors": 15,
            "min_ic": 0.02,
            "min_ir": 0.1
          },
          "evaluation": {
            "min_sample_size": 30,
            "metrics": [
              "ic_pearson",
              "ic_spearman",
              "sharpe_ratio",
              "win_rate",
              "factor_decay"
            ]
          }
        },
        "factor_type": [
          "technical",
          "statistical",
          "ml"
        ],
        "symbols": [],
        "timeframes": []
      },
      "results": {
        "factor_name": "volume_rank_50",
        "data_length": 3429,
        "missing_ratio": 0.0,
        "ic_pearson": 0.03161874794284875,
        "ic_spearman": -0.031168347822888694,
        "ic_kendall": -0.02387629456219681,
        "mutual_information": 0.051364284109687325,
        "long_short_return": 0.003532527654882495,
        "long_return": 0.004421577100251778,
        "short_return": 0.0008890494453692823,
        "returns_std": 0.03766151448939485,
        "sharpe_ratio": 0.0937967498858078,
        "group_returns": {
          "0": 0.0008890494453692823,
          "1": 0.0001874768162158694,
          "2": -0.001042070683164903,
          "3": 0.00035948974100395665,
          "4": 0.004421577100251778
        },
        "skewness": 0.08763533022687554,
        "kurtosis": -1.268165571981122,
        "turnover": 0.23078116749779992,
        "win_rate": 0.49460484106153396,
        "autocorr_lag_1": 0.5069349251953926,
        "autocorr_lag_2": 0.4715566253672098,
        "autocorr_lag_3": 0.3531042872999328,
        "autocorr_lag_4": 0.46837575649919966,
        "autocorr_lag_5": 0.26775548852924985,
        "autocorr_lag_6": 0.29068259343927366,
        "autocorr_lag_7": 0.20597975558087933,
        "autocorr_lag_8": 0.32410144957863274,
        "autocorr_lag_9": 0.1573531192079276,
        "autocorr_lag_10": 0.21448617707457185
      },
      "evaluated_at": "2025-08-18T14:45:33.096649"
    }
  ]
}