{
  "factor_id": "volume_ratio_20",
  "evaluations": [
    {
      "metadata": {
        "mining_session": true,
        "mining_config": {
          "factor_types": [
            "technical",
            "statistical"
          ],
          "optimization": {
            "method": "greedy",
            "max_factors": 15,
            "min_ic": 0.02,
            "min_ir": 0.1
          },
          "evaluation": {
            "min_sample_size": 30,
            "metrics": [
              "ic_pearson",
              "ic_spearman",
              "sharpe_ratio",
              "win_rate",
              "factor_decay"
            ]
          }
        },
        "factor_type": [
          "technical",
          "statistical"
        ],
        "symbols": [],
        "timeframes": []
      },
      "results": {
        "factor_name": "volume_ratio_20",
        "data_length": 2263,
        "missing_ratio": 0.0,
        "ic_pearson": 0.1250575492490336,
        "ic_spearman": -0.010978448025191963,
        "ic_kendall": -0.00893513055571219,
        "mutual_information": 0.06292744974814632,
        "long_short_return": 0.004255443654896447,
        "long_return": 0.003783977725562341,
        "short_return": -0.0004714659293341058,
        "returns_std": 0.03441244380071443,
        "sharpe_ratio": 0.12366002483113682,
        "group_returns": {
          "0": -0.0004714659293341058,
          "1": 0.0009325892119992189,
          "2": -0.00077757486942158,
          "3": 0.00021913967303859285,
          "4": 0.003783977725562341
        },
        "skewness": 3.6410204919422657,
        "kurtosis": 28.080811045184767,
        "turnover": 0.4023063730947236,
        "win_rate": 0.48784798939460894,
        "autocorr_lag_1": 0.4372975276665743,
        "autocorr_lag_2": 0.35960636181041333,
        "autocorr_lag_3": 0.14302424560757968,
        "autocorr_lag_4": 0.19573855533815981,
        "autocorr_lag_5": 0.08291064382120839,
        "autocorr_lag_6": 0.10262135034705919,
        "autocorr_lag_7": 0.001797916660498826,
        "autocorr_lag_8": 0.045604925720517796,
        "autocorr_lag_9": -0.021018094868119522,
        "autocorr_lag_10": 0.0071023002202428125
      },
      "evaluated_at": "2025-08-18T14:29:26.996912"
    },
    {
      "metadata": {
        "mining_session": true,
        "mining_config": {
          "factor_types": [
            "technical",
            "statistical"
          ],
          "optimization": {
            "method": "greedy",
            "max_factors": 15,
            "min_ic": 0.02,
            "min_ir": 0.1
          },
          "evaluation": {
            "min_sample_size": 30,
            "metrics": [
              "ic_pearson",
              "ic_spearman",
              "sharpe_ratio",
              "win_rate",
              "factor_decay"
            ]
          }
        },
        "factor_type": [
          "technical",
          "statistical"
        ],
        "symbols": [],
        "timeframes": []
      },
      "results": {
        "factor_name": "volume_ratio_20",
        "data_length": 3429,
        "missing_ratio": 0.0,
        "ic_pearson": 0.22362044451811877,
        "ic_spearman": -0.026509426623948184,
        "ic_kendall": -0.019912668961294934,
        "mutual_information": 0.038367399393085665,
        "long_short_return": 0.003999561896316254,
        "long_return": 0.004256233235431071,
        "short_return": 0.0002566713391148173,
        "returns_std": 0.03766151448939485,
        "sharpe_ratio": 0.10619758526817862,
        "group_returns": {
          "0": 0.0002566713391148173,
          "1": 0.0018333089463539137,
          "2": -0.0006842779660111007,
          "3": -0.000852746142270955,
          "4": 0.004256233235431071
        },
        "skewness": 5.810642609243169,
        "kurtosis": 72.46160404971046,
        "turnover": 0.5233184010316093,
        "win_rate": 0.4992709244677749,
        "autocorr_lag_1": 0.40801765602951917,
        "autocorr_lag_2": 0.2544971328864905,
        "autocorr_lag_3": 0.1475869742857466,
        "autocorr_lag_4": 0.19314579896274953,
        "autocorr_lag_5": 0.0519399849372038,
        "autocorr_lag_6": 0.051739269496741805,
        "autocorr_lag_7": -0.003517209998315104,
        "autocorr_lag_8": 0.06678601745025868,
        "autocorr_lag_9": -0.051176248263168404,
        "autocorr_lag_10": -0.0364711983673785
      },
      "evaluated_at": "2025-08-18T14:32:24.837044"
    },
    {
      "metadata": {
        "mining_session": true,
        "mining_config": {
          "factor_types": [
            "technical",
            "statistical",
            "ml"
          ],
          "optimization": {
            "method": "greedy",
            "max_factors": 15,
            "min_ic": 0.02,
            "min_ir": 0.1
          },
          "evaluation": {
            "min_sample_size": 30,
            "metrics": [
              "ic_pearson",
              "ic_spearman",
              "sharpe_ratio",
              "win_rate",
              "factor_decay"
            ]
          }
        },
        "factor_type": [
          "technical",
          "statistical",
          "ml"
        ],
        "symbols": [],
        "timeframes": []
      },
      "results": {
        "factor_name": "volume_ratio_20",
        "data_length": 3429,
        "missing_ratio": 0.0,
        "ic_pearson": 0.22362044451811877,
        "ic_spearman": -0.026509426623948184,
        "ic_kendall": -0.019912668961294934,
        "mutual_information": 0.038367399393085665,
        "long_short_return": 0.003999561896316254,
        "long_return": 0.004256233235431071,
        "short_return": 0.0002566713391148173,
        "returns_std": 0.03766151448939485,
        "sharpe_ratio": 0.10619758526817862,
        "group_returns": {
          "0": 0.0002566713391148173,
          "1": 0.0018333089463539137,
          "2": -0.0006842779660111007,
          "3": -0.000852746142270955,
          "4": 0.004256233235431071
        },
        "skewness": 5.810642609243169,
        "kurtosis": 72.46160404971046,
        "turnover": 0.5233184010316093,
        "win_rate": 0.4992709244677749,
        "autocorr_lag_1": 0.40801765602951917,
        "autocorr_lag_2": 0.2544971328864905,
        "autocorr_lag_3": 0.1475869742857466,
        "autocorr_lag_4": 0.19314579896274953,
        "autocorr_lag_5": 0.0519399849372038,
        "autocorr_lag_6": 0.051739269496741805,
        "autocorr_lag_7": -0.003517209998315104,
        "autocorr_lag_8": 0.06678601745025868,
        "autocorr_lag_9": -0.051176248263168404,
        "autocorr_lag_10": -0.0364711983673785
      },
      "evaluated_at": "2025-08-18T14:45:33.085236"
    }
  ]
}