{
  "factor_id": "volume_ma_50",
  "evaluations": [
    {
      "metadata": {
        "mining_session": true,
        "mining_config": {
          "factor_types": [
            "technical",
            "statistical"
          ],
          "optimization": {
            "method": "greedy",
            "max_factors": 15,
            "min_ic": 0.02,
            "min_ir": 0.1
          },
          "evaluation": {
            "min_sample_size": 30,
            "metrics": [
              "ic_pearson",
              "ic_spearman",
              "sharpe_ratio",
              "win_rate",
              "factor_decay"
            ]
          }
        },
        "factor_type": [
          "technical",
          "statistical"
        ],
        "symbols": [],
        "timeframes": []
      },
      "results": {
        "factor_name": "volume_ma_50",
        "data_length": 2263,
        "missing_ratio": 0.0,
        "ic_pearson": 0.005420917860924433,
        "ic_spearman": -0.014400921365899221,
        "ic_kendall": -0.009995658541941642,
        "mutual_information": 0.01751657405077576,
        "long_short_return": 0.0004978363268939929,
        "long_return": 0.00044828498586061343,
        "short_return": -4.955134103337945e-05,
        "returns_std": 0.03441244380071443,
        "sharpe_ratio": 0.014466753066914048,
        "group_returns": {
          "0": -4.955134103337945e-05,
          "1": 0.0014375141544725844,
          "2": 9.669502150364075e-05,
          "3": 0.0017591686168126376,
          "4": 0.00044828498586061343
        },
        "skewness": 0.8310873512582679,
        "kurtosis": 1.7043716140536982,
        "turnover": 4883386.42750691,
        "win_rate": 0.48166151126822804,
        "autocorr_lag_1": 0.996613194637016,
        "autocorr_lag_2": 0.9912297176532548,
        "autocorr_lag_3": 0.9842549669396887,
        "autocorr_lag_4": 0.9761215309055782,
        "autocorr_lag_5": 0.9668885085512423,
        "autocorr_lag_6": 0.9568136687512737,
        "autocorr_lag_7": 0.9460620867170833,
        "autocorr_lag_8": 0.9346977889730721,
        "autocorr_lag_9": 0.9227108579376283,
        "autocorr_lag_10": 0.9100230474372752
      },
      "evaluated_at": "2025-08-18T14:29:26.998344"
    },
    {
      "metadata": {
        "mining_session": true,
        "mining_config": {
          "factor_types": [
            "technical",
            "statistical"
          ],
          "optimization": {
            "method": "greedy",
            "max_factors": 15,
            "min_ic": 0.02,
            "min_ir": 0.1
          },
          "evaluation": {
            "min_sample_size": 30,
            "metrics": [
              "ic_pearson",
              "ic_spearman",
              "sharpe_ratio",
              "win_rate",
              "factor_decay"
            ]
          }
        },
        "factor_type": [
          "technical",
          "statistical"
        ],
        "symbols": [],
        "timeframes": []
      },
      "results": {
        "factor_name": "volume_ma_50",
        "data_length": 3429,
        "missing_ratio": 0.0,
        "ic_pearson": 0.04276572229100052,
        "ic_spearman": -0.005579083574904362,
        "ic_kendall": -0.0041134640446248314,
        "mutual_information": 0.02675347374173411,
        "long_short_return": 0.005767597446243925,
        "long_return": 0.004657820087416966,
        "short_return": -0.0011097773588269585,
        "returns_std": 0.03766151448939485,
        "sharpe_ratio": 0.15314300352600077,
        "group_returns": {
          "0": -0.0011097773588269585,
          "1": 0.00010857357331098571,
          "2": 0.0007330779894220487,
          "3": 0.00041956933012486745,
          "4": 0.004657820087416966
        },
        "skewness": 4.214275501778873,
        "kurtosis": 22.167831274686044,
        "turnover": 17373961.757427692,
        "win_rate": 0.49460484106153396,
        "autocorr_lag_1": 0.9984800911423947,
        "autocorr_lag_2": 0.995503592333869,
        "autocorr_lag_3": 0.9913691819479976,
        "autocorr_lag_4": 0.9860988225118725,
        "autocorr_lag_5": 0.9797452743329418,
        "autocorr_lag_6": 0.972540037183028,
        "autocorr_lag_7": 0.9645194818856264,
        "autocorr_lag_8": 0.9555244127955024,
        "autocorr_lag_9": 0.9454544157645565,
        "autocorr_lag_10": 0.9346129223728379
      },
      "evaluated_at": "2025-08-18T14:32:24.837631"
    },
    {
      "metadata": {
        "mining_session": true,
        "mining_config": {
          "factor_types": [
            "technical",
            "statistical",
            "ml"
          ],
          "optimization": {
            "method": "greedy",
            "max_factors": 15,
            "min_ic": 0.02,
            "min_ir": 0.1
          },
          "evaluation": {
            "min_sample_size": 30,
            "metrics": [
              "ic_pearson",
              "ic_spearman",
              "sharpe_ratio",
              "win_rate",
              "factor_decay"
            ]
          }
        },
        "factor_type": [
          "technical",
          "statistical",
          "ml"
        ],
        "symbols": [],
        "timeframes": []
      },
      "results": {
        "factor_name": "volume_ma_50",
        "data_length": 3429,
        "missing_ratio": 0.0,
        "ic_pearson": 0.04276572229100052,
        "ic_spearman": -0.005579083574904362,
        "ic_kendall": -0.0041134640446248314,
        "mutual_information": 0.02675347374173411,
        "long_short_return": 0.005767597446243925,
        "long_return": 0.004657820087416966,
        "short_return": -0.0011097773588269585,
        "returns_std": 0.03766151448939485,
        "sharpe_ratio": 0.15314300352600077,
        "group_returns": {
          "0": -0.0011097773588269585,
          "1": 0.00010857357331098571,
          "2": 0.0007330779894220487,
          "3": 0.00041956933012486745,
          "4": 0.004657820087416966
        },
        "skewness": 4.214275501778873,
        "kurtosis": 22.167831274686044,
        "turnover": 17373961.757427692,
        "win_rate": 0.49460484106153396,
        "autocorr_lag_1": 0.9984800911423947,
        "autocorr_lag_2": 0.995503592333869,
        "autocorr_lag_3": 0.9913691819479976,
        "autocorr_lag_4": 0.9860988225118725,
        "autocorr_lag_5": 0.9797452743329418,
        "autocorr_lag_6": 0.972540037183028,
        "autocorr_lag_7": 0.9645194818856264,
        "autocorr_lag_8": 0.9555244127955024,
        "autocorr_lag_9": 0.9454544157645565,
        "autocorr_lag_10": 0.9346129223728379
      },
      "evaluated_at": "2025-08-18T14:45:33.085952"
    }
  ]
}