{
  "factor_id": "vwap_distance",
  "evaluations": [
    {
      "metadata": {
        "mining_session": true,
        "mining_config": {
          "factor_types": [
            "technical",
            "statistical"
          ],
          "optimization": {
            "method": "greedy",
            "max_factors": 15,
            "min_ic": 0.02,
            "min_ir": 0.1
          },
          "evaluation": {
            "min_sample_size": 30,
            "metrics": [
              "ic_pearson",
              "ic_spearman",
              "sharpe_ratio",
              "win_rate",
              "factor_decay"
            ]
          }
        },
        "factor_type": [
          "technical",
          "statistical"
        ],
        "symbols": [],
        "timeframes": []
      },
      "results": {
        "factor_name": "vwap_distance",
        "data_length": 2263,
        "missing_ratio": 0.0,
        "ic_pearson": 0.49439769562121694,
        "ic_spearman": 0.40155592296890996,
        "ic_kendall": 0.2844289775238195,
        "mutual_information": 0.09002881884869703,
        "long_short_return": 0.03921912294127363,
        "long_return": 0.02136016703005732,
        "short_return": -0.01785895591121631,
        "returns_std": 0.03441244380071443,
        "sharpe_ratio": 1.139678517701187,
        "group_returns": {
          "0": -0.01785895591121631,
          "1": -0.003927713683470692,
          "2": -0.0002264544066088494,
          "3": 0.004338528074537203,
          "4": 0.02136016703005732
        },
        "skewness": 0.6842409061831741,
        "kurtosis": 3.3201145220671644,
        "turnover": 0.02032397803575038,
        "win_rate": 0.48784798939460894,
        "autocorr_lag_1": 0.8460505960676508,
        "autocorr_lag_2": 0.7195791567711132,
        "autocorr_lag_3": 0.6233982308269699,
        "autocorr_lag_4": 0.5231293127274727,
        "autocorr_lag_5": 0.4255750505461905,
        "autocorr_lag_6": 0.3293011909466088,
        "autocorr_lag_7": 0.2602315521648706,
        "autocorr_lag_8": 0.19171446208778117,
        "autocorr_lag_9": 0.12564548719465832,
        "autocorr_lag_10": 0.07292349376330093
      },
      "evaluated_at": "2025-08-18T14:29:27.000196"
    },
    {
      "metadata": {
        "mining_session": true,
        "mining_config": {
          "factor_types": [
            "technical",
            "statistical"
          ],
          "optimization": {
            "method": "greedy",
            "max_factors": 15,
            "min_ic": 0.02,
            "min_ir": 0.1
          },
          "evaluation": {
            "min_sample_size": 30,
            "metrics": [
              "ic_pearson",
              "ic_spearman",
              "sharpe_ratio",
              "win_rate",
              "factor_decay"
            ]
          }
        },
        "factor_type": [
          "technical",
          "statistical"
        ],
        "symbols": [],
        "timeframes": []
      },
      "results": {
        "factor_name": "vwap_distance",
        "data_length": 3429,
        "missing_ratio": 0.0,
        "ic_pearson": 0.41732547831660055,
        "ic_spearman": 0.3784224289648518,
        "ic_kendall": 0.26920952681417026,
        "mutual_information": 0.07749289332296587,
        "long_short_return": 0.03815995409383637,
        "long_return": 0.022754956674132625,
        "short_return": -0.01540499741970375,
        "returns_std": 0.03766151448939485,
        "sharpe_ratio": 1.013234720143341,
        "group_returns": {
          "0": -0.01540499741970375,
          "1": -0.0036222639198495825,
          "2": -0.002581393526040561,
          "3": 0.003655985008707025,
          "4": 0.022754956674132625
        },
        "skewness": 0.7753569348025543,
        "kurtosis": 7.958432180744797,
        "turnover": 0.020508671300251774,
        "win_rate": 0.4741907261592301,
        "autocorr_lag_1": 0.839029222093081,
        "autocorr_lag_2": 0.709389142492099,
        "autocorr_lag_3": 0.6031816446587438,
        "autocorr_lag_4": 0.4858144356476532,
        "autocorr_lag_5": 0.3944655598309707,
        "autocorr_lag_6": 0.28792119046249587,
        "autocorr_lag_7": 0.17825900808806755,
        "autocorr_lag_8": 0.09118523136106609,
        "autocorr_lag_9": 0.003816797029194534,
        "autocorr_lag_10": -0.05141832797947737
      },
      "evaluated_at": "2025-08-18T14:32:24.839514"
    },
    {
      "metadata": {
        "mining_session": true,
        "mining_config": {
          "factor_types": [
            "technical",
            "statistical",
            "ml"
          ],
          "optimization": {
            "method": "greedy",
            "max_factors": 15,
            "min_ic": 0.02,
            "min_ir": 0.1
          },
          "evaluation": {
            "min_sample_size": 30,
            "metrics": [
              "ic_pearson",
              "ic_spearman",
              "sharpe_ratio",
              "win_rate",
              "factor_decay"
            ]
          }
        },
        "factor_type": [
          "technical",
          "statistical",
          "ml"
        ],
        "symbols": [],
        "timeframes": []
      },
      "results": {
        "factor_name": "vwap_distance",
        "data_length": 3429,
        "missing_ratio": 0.0,
        "ic_pearson": 0.41732547831660055,
        "ic_spearman": 0.3784224289648518,
        "ic_kendall": 0.26920952681417026,
        "mutual_information": 0.07749289332296587,
        "long_short_return": 0.03815995409383637,
        "long_return": 0.022754956674132625,
        "short_return": -0.01540499741970375,
        "returns_std": 0.03766151448939485,
        "sharpe_ratio": 1.013234720143341,
        "group_returns": {
          "0": -0.01540499741970375,
          "1": -0.0036222639198495825,
          "2": -0.002581393526040561,
          "3": 0.003655985008707025,
          "4": 0.022754956674132625
        },
        "skewness": 0.7753569348025543,
        "kurtosis": 7.958432180744797,
        "turnover": 0.020508671300251774,
        "win_rate": 0.4741907261592301,
        "autocorr_lag_1": 0.839029222093081,
        "autocorr_lag_2": 0.709389142492099,
        "autocorr_lag_3": 0.6031816446587438,
        "autocorr_lag_4": 0.4858144356476532,
        "autocorr_lag_5": 0.3944655598309707,
        "autocorr_lag_6": 0.28792119046249587,
        "autocorr_lag_7": 0.17825900808806755,
        "autocorr_lag_8": 0.09118523136106609,
        "autocorr_lag_9": 0.003816797029194534,
        "autocorr_lag_10": -0.05141832797947737
      },
      "evaluated_at": "2025-08-18T14:45:33.088554"
    }
  ]
}